order_id,customer_id,product_id,quantity,unit_price,order_date,delivery_status,payment_method,region,discount_applied,line_amount,category,gender,customer_region,loyalty_tier
O966977,C00397,P0022,3,39.25,2025-07-06,Delivered,PayPal,Central,0.0,117.75,Cleaning,Female,North,Silver
O696648,C00236,P0023,5,18.92,2025-07-06,Delayed,Credit Card,North,0.0,94.6,Outdoors,Other,North,Gold
O202644,C00492,P0011,1,29.68,2025-07-06,Delivered,Bank Transfer,North,0.15,25.23,Kitchen,Male,Central,Gold
O501803,C00031,P0003,1,32.76,2025-07-06,Cancelled,Credit Card,Central,0.2,26.21,Cleaning,Female,Central,Gold
O322242,C00495,P0016,1,47.62,2025-07-06,Delayed,Credit Card,West,0.2,38.1,Cleaning,Male,Central,Gold
O190175,C00388,P0005,3,37.89,2025-07-06,Delayed,Bank Transfer,North,0.1,102.3,Personal Care,Male,North,Gold
O272646,C00328,P0027,5,30.83,2025-07-06,Delivered,PayPal,Central,0.05,146.44,Outdoors,Female,Central,Gold
O411881,C00201,P0019,3,12.56,2025-07-06,Delivered,Credit Card,East,0.0,37.68,Kitchen,Female,East,Gold
O170570,C00076,P0030,3,28.32,2025-07-06,Delivered,PayPal,Central,0.15,72.22,Cleaning,Female,North,Gold
O619944,C00330,P0002,1,30.96,2025-07-06,Delayed,Credit Card,South,0.15,26.32,Cleaning,Other,West,Bronze
O490023,C00285,P0022,2,9.98,2025-07-06,Delivered,Credit Card,Central,0.0,19.96,Cleaning,Male,Central,Bronze
O865247,C00249,P0022,5,30.92,2025-07-06,Delayed,Credit Card,East,0.1,139.14,Cleaning,Male,South,Gold
O315552,C00110,P0007,4,28.74,2025-07-06,Delivered,Bank Transfer,North,0.1,103.46,Personal Care,Female,South,Gold
O135982,C00441,P0003,2,38.11,2025-07-06,Delivered,PayPal,North,0.1,68.6,Cleaning,Female,South,Bronze
O870079,C00274,P0013,1,49.71,2025-07-06,Delayed,Credit Card,East,0.1,44.74,Cleaning,Female,South,Gold
O305482,C00404,P0003,4,9.79,2025-07-06,Cancelled,Bank Transfer,North,0.15,33.29,Cleaning,Male,East,Gold
O359666,C00397,P0007,4,12.07,2025-07-06,Delayed,Bank Transfer,West,0.0,48.28,Personal Care,Female,North,Silver
O324940,C00262,P0002,1,20.42,2025-07-06,Delayed,Credit Card,North,0.05,19.4,Cleaning,Female,South,Gold
O364358,C00319,P0027,4,17.4,2025-07-06,Delayed,PayPal,East,0.0,69.6,Outdoors,Male,West,Gold
O358447,C00059,P0004,3,39.89,2025-07-06,Delayed,Bank Transfer,West,0.0,119.67,Kitchen,Female,West,Bronze
O216425,C00211,P0019,1,32.05,2025-07-06,Delayed,Bank Transfer,South,0.15,27.24,Kitchen,Male,North,Silver
O121091,C00276,P0022,4,12.88,2025-07-06,Cancelled,Credit Card,Central,0.2,41.22,Cleaning,Female,West,Gold
O930213,C00369,P0010,4,10.43,2025-07-06,Cancelled,PayPal,South,0.1,37.55,Cleaning,Other,West,Bronze
O342894,C00171,P0030,1,31.96,2025-07-06,Delivered,Bank Transfer,South,0.0,31.96,Cleaning,Male,Central,Silver
O471486,C00423,P0007,2,39.93,2025-07-06,Cancelled,PayPal,Central,0.1,71.87,Personal Care,Male,East,Bronze
O728183,C00040,P0021,5,39.59,2025-07-06,Delivered,Credit Card,Central,0.15,168.26,Kitchen,Female,East,Gold
O860527,C00334,P0025,5,46.67,2025-07-06,Delayed,PayPal,South,0.1,210.02,Cleaning,Female,South,Gold
O658934,C00463,P0025,4,19.29,2025-07-06,Delayed,Credit Card,West,0.1,69.44,Cleaning,Other,West,Bronze
O702676,C00374,P0019,1,36.28,2025-07-06,Delivered,Bank Transfer,West,0.1,32.65,Kitchen,Female,North,Gold
O145341,C00470,P0024,1,29.47,2025-07-06,Cancelled,PayPal,East,0.1,26.52,Storage,Female,North,Silver
O291982,C00329,P0019,5,41.7,2025-07-06,Delivered,PayPal,East,0.05,198.08,Kitchen,Female,South,Gold
O577920,C00480,P0015,4,28.58,2025-07-06,Delayed,PayPal,East,0.0,114.32,Storage,Other,Central,Silver
O960238,C00259,P0009,2,9.58,2025-07-06,Delayed,Credit Card,East,0.2,15.33,Outdoors,Female,West,Gold
O966135,C00464,P0028,1,26.29,2025-07-06,Cancelled,PayPal,West,0.0,26.29,Outdoors,Male,Central,Gold
O453905,C00398,P0017,2,32.1,2025-07-06,Delivered,PayPal,South,0.1,57.78,Personal Care,Other,Central,Bronze
O357468,C00070,P0025,2,12.47,2025-07-06,Delivered,Credit Card,East,0.15,21.2,Cleaning,Male,Central,Gold
O671288,C00197,P0014,4,15.06,2025-07-06,Delayed,Credit Card,North,0.0,60.24,Outdoors,Other,West,Gold
O566495,C00500,P0013,1,41.14,2025-07-06,Delivered,PayPal,Central,0.0,41.14,Cleaning,Male,North,Gold
O508604,C00331,P0022,1,14.6,2025-07-06,Cancelled,Bank Transfer,Central,0.2,11.68,Cleaning,Female,West,Gold
O455877,C00414,P0029,3,37.44,2025-07-06,Cancelled,Bank Transfer,East,0.1,101.09,Cleaning,Male,South,Gold
O175998,C00170,P0016,1,47.46,2025-07-06,Delayed,Bank Transfer,North,0.05,45.09,Cleaning,Male,West,Gold
O393004,C00284,P0011,4,49.08,2025-07-06,Delivered,PayPal,East,0.15,166.87,Kitchen,Male,East,Gold
O198320,C00392,P0001,3,18.38,2025-07-06,Delivered,Credit Card,West,0.15,46.87,Storage,Female,West,Gold
O223293,C00070,P0007,5,9.06,2025-07-06,Delivered,Bank Transfer,West,0.2,36.24,Personal Care,Male,Central,Gold
O698994,C00301,P0024,3,45.59,2025-07-06,Delayed,PayPal,East,0.05,129.93,Storage,Female,Central,Gold
O532137,C00043,P0029,1,28.46,2025-07-06,Delayed,Credit Card,West,0.2,22.77,Cleaning,Female,East,Silver
O577109,C00416,P0005,4,49.91,2025-07-06,Delivered,Credit Card,East,0.05,189.66,Personal Care,Female,West,Gold
O641343,C00274,P0017,5,29.41,2025-07-06,Delivered,Credit Card,South,0.05,139.7,Personal Care,Female,South,Gold
O333120,C00006,P0027,1,45.44,2025-07-06,Delayed,Credit Card,Central,0.1,40.9,Outdoors,Male,Central,Bronze
O813745,C00399,P0010,5,22.25,2025-07-06,Delivered,Bank Transfer,Central,0.1,100.12,Cleaning,Male,North,Bronze
O544747,C00381,P0029,5,24.19,2025-07-06,Delivered,Credit Card,East,0.05,114.9,Cleaning,Male,South,Gold
O468789,C00366,P0015,5,33.07,2025-07-06,Delayed,PayPal,North,0.2,132.28,Storage,Female,North,Bronze
O627148,C00180,P0022,4,17.33,2025-07-06,Delayed,Bank Transfer,South,0.0,69.32,Cleaning,Other,West,Gold
O935520,C00434,P0004,3,30.3,2025-07-06,Delayed,PayPal,South,0.0,90.9,Kitchen,Male,West,Gold
O544861,C00495,P0011,2,40.78,2025-07-06,Delayed,Credit Card,North,0.1,73.4,Kitchen,Male,Central,Gold
O459284,C00365,P0021,2,35.38,2025-07-06,Delayed,PayPal,North,0.1,63.68,Kitchen,Male,West,Silver
O180874,C00066,P0029,4,43.89,2025-07-06,Cancelled,Bank Transfer,Central,0.2,140.45,Cleaning,Other,South,Gold
O241823,C00224,P0016,5,21.08,2025-07-06,Delayed,PayPal,East,0.05,100.13,Cleaning,Female,West,Gold
O756742,C00077,P0013,5,13.7,2025-07-06,Delayed,PayPal,East,0.1,61.65,Cleaning,Female,Central,Gold
O210583,C00384,P0026,4,38.54,2025-07-06,Delivered,Credit Card,West,0.0,154.16,Storage,Female,South,Bronze
O778545,C00195,P0001,2,27.55,2025-07-06,Cancelled,Credit Card,West,0.0,55.1,Storage,Female,Central,Silver
O250174,C00181,P0011,2,24.53,2025-07-06,Delayed,Bank Transfer,South,0.1,44.15,Kitchen,Other,South,Bronze
O779423,C00152,P0022,3,35.67,2025-07-06,Delivered,PayPal,West,0.1,96.31,Cleaning,Other,North,Silver
O158221,C00443,P0017,5,21.31,2025-07-06,Cancelled,Credit Card,South,0.0,106.55,Personal Care,Female,West,Silver
O415017,C00263,P0002,1,31.39,2025-07-06,Cancelled,Credit Card,Central,0.1,28.25,Cleaning,Male,Central,Gold
O411654,C00357,P0005,5,38.0,2025-07-06,Delivered,Credit Card,West,0.0,190.0,Personal Care,Male,Central,Silver
O545752,C00020,P0022,2,19.1,2025-07-06,Delivered,Credit Card,East,0.0,38.2,Cleaning,Female,East,Gold
O970556,C00465,P0011,3,29.38,2025-07-06,Cancelled,Bank Transfer,North,0.05,83.73,Kitchen,Female,Central,Gold
O493424,C00356,P0003,1,32.26,2025-07-06,Delivered,Bank Transfer,South,0.05,30.65,Cleaning,Female,South,Gold
O209171,C00415,P0030,5,38.84,2025-07-06,Cancelled,Bank Transfer,North,0.2,155.36,Cleaning,Female,South,Gold
O422815,C00272,P0017,1,44.92,2025-07-06,Delivered,Credit Card,North,0.2,35.94,Personal Care,Female,South,Silver
O112343,C00420,P0029,2,45.57,2025-07-06,Delayed,Credit Card,Central,0.0,91.14,Cleaning,Male,East,Bronze
O129237,C00342,P0022,4,15.33,2025-07-06,Delayed,PayPal,East,0.0,61.32,Cleaning,Other,East,Unknown
O418152,C00110,P0030,2,48.25,2025-07-06,Cancelled,Credit Card,West,0.1,86.85,Cleaning,Female,South,Gold
O359098,C00352,P0014,4,11.54,2025-07-06,Delivered,Credit Card,South,0.05,43.85,Outdoors,Other,West,Gold
O772183,C00045,P0026,2,30.96,2025-07-06,Delayed,PayPal,West,0.15,52.63,Storage,Female,West,Bronze
O399621,C00147,P0016,3,31.26,2025-07-06,Cancelled,Bank Transfer,Central,0.1,84.4,Cleaning,Male,East,Gold
O362898,C00452,P0025,1,37.16,2025-07-06,Delivered,Credit Card,East,0.0,37.16,Cleaning,Female,West,Bronze
O657302,C00338,P0016,1,28.45,2025-07-06,Delayed,Bank Transfer,North,0.1,25.6,Cleaning,Male,South,Gold
O691691,C00033,P0030,1,30.05,2025-07-06,Cancelled,Credit Card,Central,0.05,28.55,Cleaning,Other,North,Gold
O712157,C00372,P0015,3,17.09,2025-07-06,Cancelled,Credit Card,East,0.1,46.14,Storage,Unknown,Unknown,Unknown
O622429,C00056,P0016,1,45.87,2025-07-06,Delayed,Credit Card,Central,0.15,38.99,Cleaning,Male,South,Bronze
O429017,C00131,P0028,5,24.03,2025-07-06,Delivered,Bank Transfer,North,0.1,108.14,Outdoors,Male,Central,Gold
O773027,C00172,P0005,5,28.61,2025-07-06,Delivered,PayPal,Central,0.1,128.74,Personal Care,Female,East,Bronze
O486175,C00441,P0026,1,48.56,2025-07-06,Delivered,Bank Transfer,Central,0.1,43.7,Storage,Female,South,Bronze
O914359,C00386,P0027,1,34.25,2025-07-06,Delayed,PayPal,South,0.1,30.82,Outdoors,Other,East,Gold
O251988,C00052,P0029,5,27.55,2025-07-06,Delayed,Credit Card,South,0.1,123.98,Cleaning,Female,East,Gold
O310886,C00256,P0029,4,40.76,2025-07-06,Delayed,Bank Transfer,East,0.2,130.43,Cleaning,Female,East,Gold
O536236,C00192,P0019,3,32.04,2025-07-06,Delivered,PayPal,Central,0.0,96.12,Kitchen,Female,West,Gold
O782603,C00259,P0016,4,43.95,2025-07-06,Delayed,Credit Card,South,0.1,158.22,Cleaning,Female,West,Gold
O673771,C00126,P0022,3,44.95,2025-07-06,Delivered,Credit Card,North,0.1,121.37,Cleaning,Female,West,Silver
O821870,C00371,P0011,5,39.49,2025-07-06,Delayed,Credit Card,East,0.1,177.7,Kitchen,Other,North,Silver
O521398,C00419,P0010,4,40.27,2025-07-06,Delivered,Bank Transfer,South,0.15,136.92,Cleaning,Female,South,Bronze
O198927,C00139,P0006,1,29.26,2025-07-06,Delayed,Credit Card,North,0.15,24.87,Cleaning,Other,Central,Bronze
O293081,C00449,P0025,3,26.26,2025-07-06,Delivered,Credit Card,South,0.1,70.9,Cleaning,Female,East,Silver
O911659,C00152,P0001,4,9.6,2025-07-06,Cancelled,Bank Transfer,North,0.05,36.48,Storage,Other,North,Silver
O312192,C00469,P0022,4,49.75,2025-07-06,Delivered,Credit Card,West,0.05,189.05,Cleaning,Female,North,Silver
O494631,C00239,P0030,2,29.19,2025-07-06,Delayed,PayPal,South,0.1,52.54,Cleaning,Female,South,Bronze
O301929,C00221,P0025,3,18.29,2025-07-06,Cancelled,Bank Transfer,Central,0.15,46.64,Cleaning,Female,West,Silver
O101648,C00238,P0011,1,19.39,2025-07-06,Delayed,Credit Card,South,0.0,19.39,Kitchen,Male,South,Silver
O753282,C00008,P0007,4,39.63,2025-07-06,Cancelled,Bank Transfer,East,0.05,150.59,Personal Care,Male,Central,Gold
O875628,C00479,P0011,3,12.08,2025-07-06,Delivered,Bank Transfer,North,0.2,28.99,Kitchen,Male,South,Gold
O384964,C00476,P0017,3,34.16,2025-07-06,Delayed,Credit Card,Central,0.15,87.11,Personal Care,Female,East,Bronze
O796756,C00040,P0027,2,38.66,2025-07-06,Delayed,Credit Card,South,0.05,73.45,Outdoors,Female,East,Gold
O291094,C00327,P0026,2,30.11,2025-07-06,Delivered,Credit Card,South,0.1,54.2,Storage,Male,East,Bronze
O532899,C00275,P0021,3,20.38,2025-07-06,Delivered,Bank Transfer,East,0.05,58.08,Kitchen,Other,West,Gold
O909075,C00073,P0002,3,47.54,2025-07-06,Cancelled,Credit Card,West,0.2,114.1,Cleaning,Female,North,Silver
O619650,C00318,P0029,2,26.67,2025-07-06,Delayed,Credit Card,East,0.05,50.67,Cleaning,Female,West,Gold
O542524,C00044,P0014,5,49.51,2025-07-06,Delayed,Credit Card,West,0.1,222.8,Outdoors,Female,Central,Gold
O612638,C00377,P0016,4,20.8,2025-07-06,Delayed,PayPal,North,0.1,74.88,Cleaning,Female,Central,Bronze
O136068,C00421,P0012,1,21.09,2025-07-06,Cancelled,Credit Card,East,0.0,21.09,Cleaning,Female,West,Gold
O637085,C00010,P0020,1,15.18,2025-07-06,Delayed,Credit Card,East,0.15,12.9,Cleaning,Male,East,Gold
O494343,C00445,P0012,5,44.15,2025-07-06,Delivered,Credit Card,South,0.05,209.71,Cleaning,Male,West,Silver
O267004,C00041,P0004,5,33.0,2025-07-06,Delivered,PayPal,East,0.0,165.0,Kitchen,Male,North,Bronze
O828103,C00008,P0005,4,46.14,2025-07-06,Cancelled,Credit Card,South,0.0,184.56,Personal Care,Male,Central,Gold
O948197,C00028,P0030,2,41.45,2025-07-06,Delayed,PayPal,East,0.1,74.61,Cleaning,Female,North,Gold
O537059,C00079,P0015,3,44.87,2025-07-06,Delivered,Credit Card,South,0.1,121.15,Storage,Female,North,Bronze
O536172,C00214,P0019,1,9.01,2025-07-06,Cancelled,Credit Card,East,0.1,8.11,Kitchen,Other,East,Gold
O619476,C00229,P0014,4,10.79,2025-07-06,Delayed,PayPal,West,0.1,38.84,Outdoors,Female,South,Bronze
O207553,C00281,P0006,1,44.98,2025-07-06,Delayed,Bank Transfer,East,0.05,42.73,Cleaning,Other,East,Bronze
O803247,C00311,P0029,5,30.1,2025-07-06,Delayed,PayPal,South,0.05,142.98,Cleaning,Male,North,Gold
O614893,C00064,P0011,4,22.73,2025-07-06,Delivered,PayPal,North,0.05,86.37,Kitchen,Female,Central,Gold
O658279,C00313,P0002,2,28.15,2025-07-06,Delivered,PayPal,West,0.1,50.67,Cleaning,Male,East,Bronze
O283531,C00208,P0012,4,34.66,2025-07-06,Delivered,Bank Transfer,East,0.1,124.78,Cleaning,Female,East,Silver
O391107,C00072,P0010,2,14.81,2025-07-06,Delayed,Credit Card,Central,0.1,26.66,Cleaning,Female,East,Gold
O621260,C00426,P0022,5,15.65,2025-07-06,Delivered,Credit Card,East,0.2,62.6,Cleaning,Male,East,Gold
O512253,C00308,P0018,3,40.41,2025-07-06,Delivered,Credit Card,East,0.2,96.98,Storage,Other,East,Bronze
O288567,C00177,P0029,1,21.22,2025-07-06,Cancelled,Bank Transfer,West,0.15,18.04,Cleaning,Female,West,Gold
O515824,C00383,P0024,2,32.18,2025-07-06,Delivered,PayPal,East,0.1,57.92,Storage,Female,North,Gold
O773319,C00481,P0018,3,35.97,2025-07-06,Cancelled,Credit Card,South,0.05,102.51,Storage,Female,North,Gold
O449151,C00450,P0016,5,22.62,2025-07-06,Cancelled,Credit Card,Central,0.15,96.14,Cleaning,Female,East,Gold
O822528,C00102,P0021,1,49.84,2025-07-06,Delayed,Bank Transfer,West,0.15,42.36,Kitchen,Male,East,Bronze
O634569,C00428,P0014,2,38.37,2025-07-06,Delayed,Credit Card,North,0.1,69.07,Outdoors,Female,North,Gold
O486184,C00353,P0020,1,41.22,2025-07-06,Delivered,PayPal,East,0.2,32.98,Cleaning,Other,West,Gold
O140042,C00475,P0002,1,42.6,2025-07-06,Delayed,Bank Transfer,Central,0.1,38.34,Cleaning,Female,North,Bronze
O652283,C00020,P0003,4,14.4,2025-07-06,Delayed,PayPal,Central,0.0,57.6,Cleaning,Female,East,Gold
O737500,C00443,P0014,5,38.44,2025-07-06,Cancelled,Credit Card,South,0.1,172.98,Outdoors,Female,West,Silver
O573673,C00260,P0019,4,16.07,2025-07-06,Delivered,Bank Transfer,Central,0.2,51.42,Kitchen,Other,East,Silver
O808829,C00313,P0002,1,21.72,2025-07-06,Cancelled,Credit Card,West,0.05,20.63,Cleaning,Male,East,Bronze
O209530,C00438,P0007,2,37.88,2025-07-06,Delayed,Bank Transfer,West,0.15,64.4,Personal Care,Other,Central,Gold
O960644,C00225,P0019,2,39.02,2025-07-06,Delayed,Credit Card,North,0.1,70.24,Kitchen,Female,South,Gold
O302611,C00394,P0009,2,32.58,2025-07-06,Delivered,Credit Card,Central,0.05,61.9,Outdoors,Male,Central,Gold
O570855,C00245,P0008,2,15.18,2025-07-06,Cancelled,Credit Card,West,0.2,24.29,Storage,Male,North,Gold
O725272,C00063,P0012,2,10.16,2025-07-06,Delayed,PayPal,West,0.1,18.29,Cleaning,Male,North,Gold
O766853,C00431,P0030,5,49.66,2025-07-06,Delivered,Credit Card,North,0.1,223.47,Cleaning,Female,Central,Gold
O386119,C00256,P0008,2,9.47,2025-07-06,Delivered,Credit Card,North,0.15,16.1,Storage,Female,East,Gold
O216896,C00413,P0001,5,49.41,2025-07-06,Delivered,Credit Card,South,0.1,222.34,Storage,Female,Central,Gold
O479932,C00382,P0027,4,48.65,2025-07-06,Delayed,Credit Card,West,0.15,165.41,Outdoors,Female,East,Gold
O927428,C00228,P0011,4,44.52,2025-07-06,Delivered,PayPal,East,0.1,160.27,Kitchen,Male,North,Silver
O741164,C00143,P0001,3,41.52,2025-07-06,Delivered,Bank Transfer,East,0.0,124.56,Storage,Other,Central,Gold
O372036,C00472,P0007,5,32.51,2025-07-06,Delayed,Credit Card,West,0.05,154.42,Personal Care,Male,South,Silver
O190070,C00018,P0002,5,16.79,2025-07-06,Delivered,PayPal,South,0.1,75.55,Cleaning,Female,North,Bronze
O229936,C00437,P0027,2,20.82,2025-07-06,Delayed,PayPal,North,0.2,33.31,Outdoors,Other,West,Silver
O967591,C00224,P0006,3,43.01,2025-07-06,Delivered,PayPal,West,0.0,129.03,Cleaning,Female,West,Gold
O863622,C00111,P0030,4,23.39,2025-07-06,Delayed,Bank Transfer,West,0.1,84.2,Cleaning,Other,East,Silver
O544736,C00369,P0013,5,21.96,2025-07-06,Delivered,Credit Card,Central,0.2,87.84,Cleaning,Other,West,Bronze
O515400,C00103,P0024,4,44.15,2025-07-06,Delivered,PayPal,East,0.15,150.11,Storage,Male,Central,Gold
O582151,C00493,P0025,1,30.19,2025-07-06,Delayed,Credit Card,South,0.1,27.17,Cleaning,Female,South,Gold
O291427,C00323,P0016,1,17.83,2025-07-06,Delayed,PayPal,North,0.1,16.05,Cleaning,Other,South,Bronze
O333267,C00304,P0017,2,33.89,2025-07-06,Delayed,Bank Transfer,Central,0.1,61.0,Personal Care,Male,East,Gold
O178453,C00473,P0008,5,32.92,2025-07-06,Delayed,PayPal,South,0.1,148.14,Storage,Male,North,Bronze
O187900,C00115,P0003,2,40.24,2025-07-06,Delayed,Credit Card,East,0.1,72.43,Cleaning,Male,South,Bronze
O474137,C00294,P0011,5,8.49,2025-07-06,Delayed,Bank Transfer,South,0.1,38.21,Kitchen,Male,West,Gold
O885631,C00192,P0006,5,39.56,2025-07-06,Delivered,Credit Card,South,0.1,178.02,Cleaning,Female,West,Gold
O102812,C00253,P0006,4,32.3,2025-07-06,Delayed,Credit Card,South,0.15,109.82,Cleaning,Male,East,Gold
O482836,C00469,P0013,2,41.1,2025-07-06,Delivered,Credit Card,North,0.1,73.98,Cleaning,Female,North,Silver
O428722,C00140,P0007,5,19.94,2025-07-06,Delivered,Bank Transfer,North,0.15,84.74,Personal Care,Female,South,Silver
O515257,C00441,P0013,3,11.13,2025-07-06,Delayed,Credit Card,West,0.0,33.39,Cleaning,Female,South,Bronze
O169645,C00449,P0003,2,13.32,2025-07-06,Delivered,Credit Card,West,0.1,23.98,Cleaning,Female,East,Silver
O729478,C00284,P0001,1,23.24,2025-07-06,Delivered,Bank Transfer,South,0.1,20.92,Storage,Male,East,Gold
O231230,C00358,P0017,3,25.67,2025-07-06,Delayed,Bank Transfer,West,0.1,69.31,Personal Care,Female,West,Gold
O534353,C00198,P0013,4,29.21,2025-07-06,Delayed,Bank Transfer,South,0.15,99.31,Cleaning,Male,West,Gold
O636501,C00234,P0021,3,25.83,2025-07-06,Delayed,Credit Card,North,0.05,73.62,Kitchen,Other,Central,Gold
O259057,C00233,P0013,3,25.26,2025-07-06,Delayed,PayPal,East,0.2,60.62,Cleaning,Other,Central,Silver
O131413,C00119,P0020,5,32.94,2025-07-06,Delayed,Bank Transfer,North,0.1,148.23,Cleaning,Female,South,Silver
O544778,C00498,P0001,2,45.51,2025-07-06,Cancelled,Bank Transfer,West,0.0,91.02,Storage,Male,South,Silver
O789755,C00330,P0013,2,11.44,2025-07-06,Delivered,PayPal,South,0.05,21.74,Cleaning,Other,West,Bronze
O415841,C00015,P0009,4,46.87,2025-07-06,Delayed,PayPal,South,0.1,168.73,Outdoors,Female,Central,Bronze
O846865,C00191,P0027,4,47.47,2025-07-06,Delivered,Bank Transfer,East,0.0,189.88,Outdoors,Other,East,Silver
O672067,C00060,P0025,1,11.43,2025-07-06,Delayed,Credit Card,Central,0.05,10.86,Cleaning,Male,West,Gold
O508175,C00440,P0008,2,47.33,2025-07-06,Delivered,Credit Card,North,0.2,75.73,Storage,Other,North,Gold
O394184,C00296,P0006,3,27.33,2025-07-06,Cancelled,PayPal,North,0.15,69.69,Cleaning,Male,East,Gold
O609836,C00297,P0013,2,35.57,2025-07-06,Delayed,Credit Card,East,0.05,67.58,Cleaning,Other,South,Silver
O448033,C00276,P0026,2,27.52,2025-07-06,Cancelled,Credit Card,West,0.1,49.54,Storage,Female,West,Gold
O463527,C00414,P0026,5,38.82,2025-07-06,Delivered,Bank Transfer,East,0.0,194.1,Storage,Male,South,Gold
O688564,C00064,P0007,3,47.27,2025-07-06,Delayed,PayPal,West,0.1,127.63,Personal Care,Female,Central,Gold
O542189,C00254,P0019,2,11.68,2025-07-06,Delayed,Credit Card,Central,0.15,19.86,Kitchen,Unknown,Unknown,Unknown
O600845,C00423,P0015,2,21.16,2025-07-06,Delivered,PayPal,North,0.1,38.09,Storage,Male,East,Bronze
O893072,C00127,P0028,4,47.02,2025-07-06,Delivered,Bank Transfer,Central,0.1,169.27,Outdoors,Female,East,Silver
O545533,C00184,P0006,2,25.85,2025-07-06,Delayed,Credit Card,South,0.0,51.7,Cleaning,Female,North,Silver
O502404,C00180,P0014,4,32.13,2025-07-06,Delayed,Credit Card,West,0.2,102.82,Outdoors,Other,West,Gold
O864368,C00286,P0027,2,46.66,2025-07-06,Delayed,PayPal,East,0.0,93.32,Outdoors,Female,South,Bronze
O360765,C00358,P0021,3,46.79,2025-07-06,Cancelled,PayPal,South,0.1,126.33,Kitchen,Female,West,Gold
O509053,C00319,P0017,5,11.11,2025-07-06,Delivered,Bank Transfer,North,0.05,52.77,Personal Care,Male,West,Gold
O342273,C00411,P0030,4,27.27,2025-07-06,Delivered,PayPal,Central,0.1,98.17,Cleaning,Male,East,Gold
O905284,C00324,P0007,2,36.55,2025-07-06,Delayed,PayPal,East,0.2,58.48,Personal Care,Female,Central,Gold
O871459,C00131,P0024,5,27.28,2025-07-06,Delayed,PayPal,North,0.1,122.76,Storage,Male,Central,Gold
O383252,C00496,P0017,4,27.08,2025-07-06,Delayed,Credit Card,North,0.0,108.32,Personal Care,Female,Central,Gold
O364299,C00067,P0020,2,13.06,2025-07-06,Cancelled,Bank Transfer,North,0.2,20.9,Cleaning,Other,Central,Silver
O110354,C00010,P0026,1,11.32,2025-07-06,Delivered,Bank Transfer,South,0.15,9.62,Storage,Male,East,Gold
O341129,C00154,P0006,2,21.98,2025-07-06,Cancelled,Credit Card,East,0.05,41.76,Cleaning,Other,East,Bronze
O192178,C00259,P0018,5,9.66,2025-07-06,Delivered,PayPal,South,0.0,48.3,Storage,Female,West,Gold
O516591,C00095,P0010,4,41.56,2025-07-06,Delivered,Credit Card,East,0.15,141.3,Cleaning,Male,Unknown,Gold
O884667,C00250,P0018,5,31.78,2025-07-06,Delayed,Credit Card,South,0.05,150.96,Storage,Female,West,Gold
O484212,C00360,P0030,1,22.41,2025-07-06,Delivered,Bank Transfer,North,0.2,17.93,Cleaning,Other,East,Silver
O977187,C00429,P0013,4,46.24,2025-07-06,Delivered,Credit Card,North,0.15,157.22,Cleaning,Female,Central,Bronze
O975068,C00074,P0011,1,17.2,2025-07-06,Delivered,Credit Card,Central,0.1,15.48,Kitchen,Male,North,Bronze
O803932,C00094,P0003,3,23.27,2025-07-06,Delayed,Bank Transfer,North,0.1,62.83,Cleaning,Female,Central,Silver
O186024,C00161,P0012,2,34.01,2025-07-06,Delayed,Credit Card,Central,0.1,61.22,Cleaning,Other,West,Silver
O186250,C00329,P0021,4,44.31,2025-07-06,Delayed,PayPal,South,0.2,141.79,Kitchen,Female,South,Gold
O612237,C00407,P0010,2,40.65,2025-07-06,Delivered,Bank Transfer,Central,0.2,65.04,Cleaning,Female,East,Gold
O253815,C00285,P0024,5,22.17,2025-07-06,Delivered,PayPal,South,0.1,99.77,Storage,Male,Central,Bronze
O749429,C00335,P0027,5,10.11,2025-07-06,Delivered,PayPal,Central,0.15,42.97,Outdoors,Male,South,Gold
O483354,C00329,P0029,3,40.29,2025-07-06,Delayed,PayPal,East,0.0,120.87,Cleaning,Female,South,Gold
O180836,C00351,P0022,4,30.13,2025-07-06,Delivered,Credit Card,South,0.2,96.42,Cleaning,Female,South,Gold
O419728,C00359,P0011,5,13.85,2025-07-06,Delivered,Credit Card,Central,0.05,65.79,Kitchen,Male,West,Gold
O116986,C00157,P0030,2,44.4,2025-07-06,Delivered,Credit Card,West,0.05,84.36,Cleaning,Female,South,Silver
O139338,C00104,P0010,3,40.22,2025-07-06,Delivered,Bank Transfer,South,0.0,120.66,Cleaning,Female,West,Silver
O689360,C00365,P0009,2,35.28,2025-07-06,Cancelled,PayPal,Central,0.1,63.5,Outdoors,Male,West,Silver
O550663,C00095,P0028,2,44.9,2025-07-06,Delivered,PayPal,East,0.05,85.31,Outdoors,Male,Unknown,Gold
O455530,C00113,P0005,5,41.73,2025-07-06,Delayed,PayPal,East,0.05,198.22,Personal Care,Female,North,Gold
O269928,C00455,P0027,2,20.45,2025-07-06,Delayed,Bank Transfer,South,0.05,38.85,Outdoors,Male,South,Silver
O595368,C00123,P0022,2,43.88,2025-07-06,Delivered,Credit Card,North,0.1,78.98,Cleaning,Female,Central,Gold
O729784,C00162,P0001,2,22.06,2025-07-06,Cancelled,Bank Transfer,West,0.1,39.71,Storage,Female,West,Silver
O529240,C00245,P0025,1,23.81,2025-07-06,Delivered,Bank Transfer,North,0.1,21.43,Cleaning,Male,North,Gold
O539949,C00343,P0028,5,13.47,2025-07-06,Delayed,Bank Transfer,North,0.15,57.25,Outdoors,Other,East,Silver
O820049,C00350,P0018,1,42.78,2025-07-06,Delayed,Credit Card,South,0.1,38.5,Storage,Female,North,Silver
O164680,C00074,P0029,1,8.79,2025-07-06,Delivered,PayPal,Central,0.0,8.79,Cleaning,Male,North,Bronze
O747332,C00025,P0001,3,17.87,2025-07-06,Delayed,Credit Card,East,0.05,50.93,Storage,Female,North,Gold
O267737,C00318,P0012,1,20.63,2025-07-06,Cancelled,Credit Card,Central,0.0,20.63,Cleaning,Female,West,Gold
O348086,C00239,P0026,2,24.86,2025-07-06,Delivered,PayPal,East,0.0,49.72,Storage,Female,South,Bronze
O877178,C00475,P0026,5,27.7,2025-07-06,Delayed,Credit Card,South,0.1,124.65,Storage,Female,North,Bronze
O236540,C00170,P0002,1,14.69,2025-07-06,Delivered,Credit Card,West,0.2,11.75,Cleaning,Male,West,Gold
O550724,C00110,P0007,5,40.42,2025-07-06,Delayed,PayPal,South,0.0,202.1,Personal Care,Female,South,Gold
O983859,C00500,P0005,3,49.27,2025-07-06,Delayed,Bank Transfer,Central,0.05,140.42,Personal Care,Male,North,Gold
O926312,C00145,P0029,4,39.0,2025-07-06,Delivered,Credit Card,Central,0.1,140.4,Cleaning,Male,Central,Bronze
O939783,C00070,P0002,1,34.76,2025-07-06,Delayed,Bank Transfer,North,0.15,29.55,Cleaning,Male,Central,Gold
O741107,C00144,P0030,5,36.11,2025-07-06,Delayed,Credit Card,West,0.15,153.47,Cleaning,Female,East,Gold
O706270,C00258,P0015,5,27.29,2025-07-06,Delayed,PayPal,East,0.2,109.16,Storage,Female,East,Bronze
O155881,C00360,P0002,5,41.49,2025-07-06,Delayed,PayPal,South,0.2,165.96,Cleaning,Other,East,Silver
O444543,C00492,P0017,2,15.3,2025-07-06,Delivered,Credit Card,North,0.2,24.48,Personal Care,Male,Central,Gold
O936729,C00228,P0017,3,18.82,2025-07-06,Delivered,Credit Card,North,0.0,56.46,Personal Care,Male,North,Silver
O609242,C00091,P0028,3,26.96,2025-07-06,Delivered,Credit Card,East,0.1,72.79,Outdoors,Male,West,Silver
O101570,C00265,P0026,5,19.4,2025-07-06,Delivered,PayPal,West,0.1,87.3,Storage,Male,West,Gold
O638902,C00190,P0017,4,41.12,2025-07-06,Delayed,Credit Card,North,0.1,148.03,Personal Care,Male,Central,Gold
O635788,C00396,P0014,1,13.73,2025-07-06,Delivered,Credit Card,South,0.0,13.73,Outdoors,Male,North,Gold
O419116,C00027,P0005,2,49.57,2025-07-06,Delayed,Credit Card,East,0.15,84.27,Personal Care,Male,North,Gold
O891037,C00002,P0014,3,28.65,2025-07-06,Delayed,Credit Card,Central,0.05,81.65,Outdoors,Female,Central,Gold
O952010,C00175,P0005,3,45.92,2025-07-06,Delivered,Credit Card,West,0.05,130.87,Personal Care,Male,North,Bronze
O129054,C00103,P0011,4,44.42,2025-07-06,Cancelled,Credit Card,South,0.1,159.91,Kitchen,Male,Central,Gold
O685654,C00256,P0006,4,29.38,2025-07-06,Delivered,Credit Card,East,0.1,105.77,Cleaning,Female,East,Gold
O904574,C00373,P0024,5,18.12,2025-07-06,Cancelled,Credit Card,South,0.05,86.07,Storage,Male,Central,Gold
O790157,C00209,P0023,1,44.14,2025-07-06,Delayed,Bank Transfer,East,0.05,41.93,Outdoors,Male,North,Silver
O161553,C00113,P0022,1,37.43,2025-07-06,Delayed,Credit Card,Central,0.1,33.69,Cleaning,Female,North,Gold
O196076,C00272,P0015,4,27.96,2025-07-06,Cancelled,Bank Transfer,South,0.1,100.66,Storage,Female,South,Silver
O206645,C00319,P0015,5,29.62,2025-07-06,Cancelled,PayPal,South,0.05,140.7,Storage,Male,West,Gold
O661203,C00336,P0020,3,26.26,2025-07-06,Delivered,PayPal,East,0.1,70.9,Cleaning,Female,East,Silver
O489060,C00327,P0021,1,24.68,2025-07-06,Delayed,Credit Card,North,0.1,22.21,Kitchen,Male,East,Bronze
O843173,C00473,P0022,5,12.45,2025-07-06,Delayed,Credit Card,Central,0.1,56.02,Cleaning,Male,North,Bronze
O295267,C00092,P0028,2,30.03,2025-07-06,Delivered,Credit Card,East,0.15,51.05,Outdoors,Male,East,Gold
O231677,C00314,P0003,5,45.47,2025-07-06,Delayed,Bank Transfer,Central,0.15,193.25,Cleaning,Female,South,Gold
O121367,C00246,P0002,4,11.64,2025-07-06,Delivered,Credit Card,North,0.05,44.23,Cleaning,Male,South,Gold
O734406,C00369,P0003,3,16.01,2025-07-06,Cancelled,PayPal,East,0.0,48.03,Cleaning,Other,West,Bronze
O994896,C00480,P0018,4,19.91,2025-07-06,Delayed,Credit Card,South,0.0,79.64,Storage,Other,Central,Silver
O126114,C00244,P0015,4,20.01,2025-07-06,Delayed,PayPal,East,0.05,76.04,Storage,Male,West,Bronze
O685772,C00270,P0004,2,27.5,2025-07-06,Delayed,Bank Transfer,West,0.05,52.25,Kitchen,Male,North,Silver
O146360,C00014,P0004,3,32.63,2025-07-06,Delayed,PayPal,Central,0.0,97.89,Kitchen,Other,Central,Gold
O101442,C00381,P0022,3,13.01,2025-07-06,Delayed,Credit Card,West,0.05,37.08,Cleaning,Male,South,Gold
O354389,C00018,P0004,2,37.56,2025-07-06,Cancelled,Credit Card,West,0.1,67.61,Kitchen,Female,North,Bronze
O188936,C00285,P0018,5,28.19,2025-07-06,Delivered,Bank Transfer,East,0.2,112.76,Storage,Male,Central,Bronze
O565535,C00088,P0022,3,12.83,2025-07-06,Delayed,PayPal,Central,0.1,34.64,Cleaning,Male,West,Bronze
O903330,C00169,P0016,4,26.71,2025-07-06,Cancelled,PayPal,North,0.1,96.16,Cleaning,Female,East,Gold
O247208,C00023,P0017,1,43.17,2025-07-06,Delivered,PayPal,Central,0.15,36.69,Personal Care,Male,East,Gold
O868597,C00439,P0010,4,20.9,2025-07-06,Cancelled,PayPal,Central,0.1,75.24,Cleaning,Other,North,Bronze
O549392,C00055,P0028,5,39.95,2025-07-06,Delivered,PayPal,South,0.1,179.78,Outdoors,Female,North,Gold
O630734,C00099,P0023,5,23.76,2025-07-06,Delayed,Bank Transfer,East,0.0,118.8,Outdoors,Female,South,Gold
O945816,C00060,P0016,1,44.85,2025-07-06,Delivered,Credit Card,North,0.1,40.36,Cleaning,Male,West,Gold
O372680,C00421,P0022,3,33.97,2025-07-06,Delayed,PayPal,South,0.1,91.72,Cleaning,Female,West,Gold
O368753,C00167,P0003,3,10.2,2025-07-06,Delivered,Credit Card,East,0.05,29.07,Cleaning,Female,Central,Gold
O567475,C00332,P0017,3,23.08,2025-07-06,Delayed,Credit Card,East,0.05,65.78,Personal Care,Male,East,Silver
O857172,C00122,P0024,1,9.78,2025-07-06,Delayed,PayPal,North,0.05,9.29,Storage,Female,Central,Gold
O532742,C00325,P0015,5,31.67,2025-07-06,Delayed,Bank Transfer,West,0.0,158.35,Storage,Male,West,Bronze
O976301,C00303,P0018,3,8.78,2025-07-06,Cancelled,PayPal,South,0.15,22.39,Storage,Other,Central,Bronze
O125232,C00173,P0013,3,10.77,2025-07-06,Delayed,Credit Card,South,0.0,32.31,Cleaning,Female,West,Gold
O972169,C00136,P0002,1,21.82,2025-07-06,Delayed,Credit Card,North,0.0,21.82,Cleaning,Male,Central,Gold
O792612,C00436,P0027,3,49.94,2025-07-06,Delayed,Credit Card,North,0.1,134.84,Outdoors,Female,North,Gold
O596820,C00203,P0003,3,14.23,2025-07-06,Cancelled,Credit Card,Central,0.0,42.69,Cleaning,Female,West,Gold
O514621,C00421,P0013,1,15.67,2025-07-06,Delivered,Bank Transfer,South,0.1,14.1,Cleaning,Female,West,Gold
O107710,C00284,P0016,3,28.17,2025-07-06,Delivered,Bank Transfer,North,0.1,76.06,Cleaning,Male,East,Gold
O648683,C00153,P0026,4,31.4,2025-07-06,Delivered,Credit Card,South,0.1,113.04,Storage,Male,West,Gold
O832672,C00337,P0018,3,19.33,2025-07-06,Delivered,Credit Card,South,0.1,52.19,Storage,Male,Central,Gold
O677663,C00291,P0006,1,45.48,2025-07-06,Delayed,Bank Transfer,North,0.05,43.21,Cleaning,Other,East,Gold
O443992,C00195,P0024,4,9.37,2025-07-06,Delayed,Bank Transfer,North,0.1,33.73,Storage,Female,Central,Silver
O233012,C00310,P0019,3,35.6,2025-07-06,Delivered,Bank Transfer,South,0.2,85.44,Kitchen,Female,West,Gold
O998205,C00193,P0015,4,46.57,2025-07-06,Delivered,Credit Card,South,0.15,158.34,Storage,Female,South,Gold
O526860,C00156,P0030,1,16.72,2025-07-06,Delivered,Credit Card,North,0.2,13.38,Cleaning,Female,South,Bronze
O932578,C00071,P0011,2,38.12,2025-07-06,Delivered,PayPal,East,0.2,60.99,Kitchen,Male,Central,Gold
O433419,C00145,P0008,3,36.26,2025-07-06,Cancelled,PayPal,South,0.0,108.78,Storage,Male,Central,Bronze
O416004,C00200,P0025,4,8.34,2025-07-06,Delivered,PayPal,North,0.1,30.02,Cleaning,Male,East,Bronze
O273097,C00171,P0008,1,17.96,2025-07-06,Delayed,Bank Transfer,Central,0.15,15.27,Storage,Male,Central,Silver
O210166,C00108,P0024,5,47.23,2025-07-06,Delayed,PayPal,East,0.0,236.15,Storage,Female,West,Bronze
O922901,C00246,P0005,1,24.05,2025-07-06,Delivered,Credit Card,Central,0.1,21.64,Personal Care,Male,South,Gold
O840237,C00070,P0023,1,31.41,2025-07-06,Delivered,Bank Transfer,East,0.15,26.7,Outdoors,Male,Central,Gold
O845999,C00013,P0007,2,39.08,2025-07-06,Delivered,PayPal,Central,0.1,70.34,Personal Care,Female,West,Gold
O149709,C00497,P0010,2,10.82,2025-07-06,Delivered,Credit Card,West,0.1,19.48,Cleaning,Unknown,West,Gold
O675279,C00365,P0025,2,22.26,2025-07-06,Delayed,Credit Card,East,0.0,44.52,Cleaning,Male,West,Silver
O438181,C00310,P0030,4,42.26,2025-07-06,Delivered,Credit Card,West,0.1,152.14,Cleaning,Female,West,Gold
O997636,C00386,P0005,2,26.92,2025-07-06,Cancelled,Credit Card,Central,0.2,43.07,Personal Care,Other,East,Gold
O754562,C00018,P0008,1,15.79,2025-07-06,Delayed,Credit Card,Central,0.2,12.63,Storage,Female,North,Bronze
O225071,C00449,P0015,4,36.67,2025-07-06,Delayed,Credit Card,Central,0.2,117.34,Storage,Female,East,Silver
O431681,C00192,P0023,3,38.66,2025-07-06,Delivered,Credit Card,South,0.15,98.58,Outdoors,Female,West,Gold
O524947,C00371,P0017,5,34.21,2025-07-06,Delivered,Bank Transfer,Central,0.0,171.05,Personal Care,Other,North,Silver
O773649,C00205,P0009,3,44.82,2025-07-06,Delivered,PayPal,West,0.05,127.74,Outdoors,Female,East,Silver
O583659,C00126,P0005,1,48.54,2025-07-06,Delivered,Bank Transfer,East,0.0,48.54,Personal Care,Female,West,Silver
O922691,C00067,P0011,5,33.04,2025-07-06,Delivered,PayPal,North,0.05,156.94,Kitchen,Other,Central,Silver
O383089,C00433,P0005,1,43.61,2025-07-06,Delayed,Bank Transfer,East,0.05,41.43,Personal Care,Female,Central,Silver
O941586,C00279,P0002,2,17.6,2025-07-06,Cancelled,Bank Transfer,East,0.05,33.44,Cleaning,Other,West,Gold
O959241,C00371,P0014,2,18.7,2025-07-06,Delivered,Credit Card,North,0.15,31.79,Outdoors,Other,North,Silver
O469377,C00051,P0010,1,28.87,2025-07-06,Delayed,Credit Card,East,0.05,27.43,Cleaning,Female,East,Gold
O649841,C00404,P0014,5,12.54,2025-07-06,Delayed,Credit Card,East,0.1,56.43,Outdoors,Male,East,Gold
O357900,C00483,P0010,3,11.35,2025-07-06,Delivered,PayPal,North,0.1,30.64,Cleaning,Female,East,Gold
O703261,C00486,P0017,2,28.14,2025-07-06,Delivered,Credit Card,North,0.1,50.65,Personal Care,Male,East,Gold
O787992,C00295,P0014,5,9.26,2025-07-06,Delayed,Credit Card,Central,0.1,41.67,Outdoors,Other,North,Bronze
O453428,C00143,P0013,1,31.51,2025-07-06,Delayed,PayPal,East,0.1,28.36,Cleaning,Other,Central,Gold
O739210,C00415,P0018,4,9.49,2025-07-06,Delayed,Credit Card,East,0.05,36.06,Storage,Female,South,Gold
O533574,C00089,P0009,3,14.7,2025-07-06,Delivered,Credit Card,East,0.1,39.69,Outdoors,Male,West,Silver
O197764,C00314,P0008,4,24.45,2025-07-06,Delayed,PayPal,East,0.1,88.02,Storage,Female,South,Gold
O936006,C00421,P0010,5,37.47,2025-07-06,Delivered,PayPal,Central,0.05,177.98,Cleaning,Female,West,Gold
O107022,C00115,P0023,2,31.65,2025-07-06,Delivered,Credit Card,North,0.0,63.3,Outdoors,Male,South,Bronze
O858987,C00146,P0004,5,31.92,2025-07-06,Delayed,Credit Card,South,0.0,159.6,Kitchen,Female,East,Silver
O216058,C00179,P0029,1,40.52,2025-07-06,Delayed,Bank Transfer,South,0.15,34.44,Cleaning,Female,South,Gold
O387113,C00291,P0005,3,20.25,2025-07-06,Delivered,PayPal,West,0.2,48.6,Personal Care,Other,East,Gold
O799295,C00473,P0025,4,8.57,2025-07-06,Delivered,PayPal,South,0.2,27.42,Cleaning,Male,North,Bronze
O612160,C00388,P0017,3,22.05,2025-07-06,Delayed,Credit Card,West,0.2,52.92,Personal Care,Male,North,Gold
O751626,C00380,P0027,1,30.11,2025-07-06,Delivered,PayPal,North,0.1,27.1,Outdoors,Male,South,Gold
O547768,C00256,P0005,5,30.65,2025-07-06,Cancelled,Credit Card,North,0.15,130.26,Personal Care,Female,East,Gold
O519778,C00451,P0006,5,17.35,2025-07-06,Delayed,Credit Card,West,0.1,78.08,Cleaning,Female,North,Gold
O338933,C00447,P0024,3,33.01,2025-07-06,Delayed,PayPal,West,0.2,79.22,Storage,Female,Central,Silver
O944033,C00066,P0018,2,27.81,2025-07-06,Delivered,PayPal,East,0.1,50.06,Storage,Other,South,Gold
O259316,C00053,P0016,1,37.04,2025-07-06,Delivered,Credit Card,Central,0.05,35.19,Cleaning,Female,North,Gold
O951422,C00487,P0010,3,42.91,2025-07-06,Delivered,Credit Card,West,0.2,102.98,Cleaning,Female,North,Gold
O245517,C00199,P0018,1,33.19,2025-07-06,Delivered,Credit Card,North,0.2,26.55,Storage,Female,East,Gold
O581700,C00338,P0012,1,16.86,2025-07-06,Delivered,Bank Transfer,West,0.05,16.02,Cleaning,Male,South,Gold
O818540,C00234,P0009,1,21.7,2025-07-06,Delayed,Credit Card,Central,0.05,20.62,Outdoors,Other,Central,Gold
O144731,C00298,P0011,4,46.9,2025-07-06,Delayed,Bank Transfer,North,0.1,168.84,Kitchen,Female,East,Bronze
O394466,C00403,P0006,2,11.81,2025-07-06,Delayed,PayPal,North,0.2,18.9,Cleaning,Female,East,Silver
O298705,C00124,P0028,1,18.36,2025-07-06,Delayed,Credit Card,Central,0.15,15.61,Outdoors,Female,North,Gold
O854437,C00192,P0021,3,26.22,2025-07-06,Cancelled,Credit Card,Central,0.05,74.73,Kitchen,Female,West,Gold
O720662,C00101,P0028,5,21.36,2025-07-06,Cancelled,Credit Card,West,0.2,85.44,Outdoors,Male,West,Bronze
O239134,C00268,P0018,3,17.98,2025-07-06,Cancelled,PayPal,Central,0.0,53.94,Storage,Male,East,Silver
O733662,C00372,P0018,3,16.89,2025-07-06,Cancelled,Credit Card,South,0.05,48.14,Storage,Unknown,Unknown,Unknown
O758099,C00387,P0016,2,28.33,2025-07-06,Cancelled,PayPal,North,0.0,56.66,Cleaning,Female,North,Gold
O626956,C00289,P0011,2,42.56,2025-07-06,Cancelled,Credit Card,East,0.15,72.35,Kitchen,Female,West,Gold
O718458,C00398,P0027,5,34.37,2025-07-06,Delivered,Credit Card,South,0.0,171.85,Outdoors,Other,Central,Bronze
O353264,C00232,P0027,2,41.4,2025-07-06,Delivered,Credit Card,South,0.15,70.38,Outdoors,Male,Central,Gold
O137091,C00322,P0016,2,43.36,2025-07-06,Cancelled,Bank Transfer,North,0.1,78.05,Cleaning,Male,South,Gold
O845573,C00011,P0025,2,49.92,2025-07-06,Cancelled,Bank Transfer,Central,0.1,89.86,Cleaning,Other,East,Silver
O288469,C00137,P0015,1,31.67,2025-07-06,Delivered,Credit Card,North,0.2,25.34,Storage,Female,North,Bronze
O708284,C00204,P0028,5,24.46,2025-07-06,Delivered,Bank Transfer,North,0.1,110.07,Outdoors,Female,South,Silver
O570241,C00395,P0002,5,43.95,2025-07-06,Delayed,Bank Transfer,East,0.15,186.79,Cleaning,Male,East,Gold
O473759,C00086,P0021,5,16.98,2025-07-06,Delayed,Bank Transfer,East,0.1,76.41,Kitchen,Male,East,Bronze
O217177,C00270,P0018,5,28.17,2025-07-06,Delivered,Credit Card,West,0.15,119.72,Storage,Male,North,Silver
O280673,C00089,P0018,2,30.57,2025-07-06,Delivered,Credit Card,West,0.2,48.91,Storage,Male,West,Silver
O598037,C00486,P0009,4,42.96,2025-07-06,Cancelled,Bank Transfer,West,0.1,154.66,Outdoors,Male,East,Gold
O296691,C00320,P0003,5,18.19,2025-07-06,Delivered,Bank Transfer,West,0.2,72.76,Cleaning,Female,Central,Bronze
O857899,C00002,P0010,2,28.47,2025-07-06,Delayed,Credit Card,Central,0.1,51.25,Cleaning,Female,Central,Gold
O841239,C00171,P0029,1,14.57,2025-07-06,Delayed,Credit Card,South,0.0,14.57,Cleaning,Male,Central,Silver
O752395,C00371,P0006,3,44.48,2025-07-06,Delayed,Credit Card,North,0.15,113.42,Cleaning,Other,North,Silver
O891088,C00432,P0010,5,16.63,2025-07-06,Delayed,Bank Transfer,Central,0.0,83.15,Cleaning,Female,North,Bronze
O508552,C00294,P0002,3,40.54,2025-07-06,Delayed,Bank Transfer,South,0.1,109.46,Cleaning,Male,West,Gold
O654906,C00035,P0018,5,40.72,2025-07-06,Delivered,Bank Transfer,North,0.15,173.06,Storage,Other,South,Silver
O732594,C00145,P0001,2,32.09,2025-07-06,Cancelled,Credit Card,West,0.15,54.55,Storage,Male,Central,Bronze
O345863,C00136,P0011,5,27.87,2025-07-06,Delayed,Bank Transfer,East,0.2,111.48,Kitchen,Male,Central,Gold
O637061,C00418,P0012,3,47.91,2025-07-06,Cancelled,PayPal,East,0.05,136.54,Cleaning,Male,North,Gold
O104562,C00369,P0003,2,25.5,2025-07-06,Delivered,PayPal,West,0.1,45.9,Cleaning,Other,West,Bronze
O628597,C00478,P0013,3,45.17,2025-07-06,Delayed,Credit Card,North,0.2,108.41,Cleaning,Female,South,Gold
O706388,C00392,P0011,1,17.85,2025-07-06,Delayed,PayPal,North,0.15,15.17,Kitchen,Female,West,Gold
O930505,C00234,P0018,2,28.68,2025-07-06,Delivered,Bank Transfer,East,0.1,51.62,Storage,Other,Central,Gold
O386214,C00113,P0005,1,48.54,2025-07-06,Delivered,Credit Card,South,0.1,43.69,Personal Care,Female,North,Gold
O353828,C00491,P0012,3,31.91,2025-07-06,Cancelled,Bank Transfer,Central,0.2,76.58,Cleaning,Other,Central,Gold
O802960,C00324,P0024,4,41.41,2025-07-06,Delivered,Bank Transfer,South,0.2,132.51,Storage,Female,Central,Gold
O799576,C00281,P0003,2,39.46,2025-07-06,Delivered,Bank Transfer,South,0.1,71.03,Cleaning,Other,East,Bronze
O607286,C00118,P0004,1,32.45,2025-07-06,Delayed,Credit Card,North,0.15,27.58,Kitchen,Male,East,Silver
O819665,C00079,P0023,5,44.9,2025-07-06,Delayed,PayPal,South,0.05,213.27,Outdoors,Female,North,Bronze
O999527,C00149,P0013,4,12.51,2025-07-06,Cancelled,PayPal,Central,0.0,50.04,Cleaning,Male,East,Gold
O497235,C00160,P0020,5,25.12,2025-07-06,Cancelled,Credit Card,West,0.0,125.6,Cleaning,Other,Central,Gold
O962750,C00309,P0016,1,19.92,2025-07-06,Cancelled,PayPal,South,0.15,16.93,Cleaning,Other,South,Bronze
O808612,C00077,P0011,2,19.71,2025-07-06,Delayed,PayPal,South,0.1,35.48,Kitchen,Female,Central,Gold
O944900,C00409,P0023,4,8.64,2025-07-06,Delivered,PayPal,South,0.2,27.65,Outdoors,Female,Central,Gold
O761438,C00438,P0022,4,48.51,2025-07-06,Delayed,Credit Card,Central,0.1,174.64,Cleaning,Other,Central,Gold
O501456,C00358,P0017,4,9.11,2025-07-06,Delayed,PayPal,Central,0.1,32.8,Personal Care,Female,West,Gold
O930989,C00108,P0009,2,30.73,2025-07-06,Delivered,Bank Transfer,East,0.15,52.24,Outdoors,Female,West,Bronze
O466938,C00471,P0014,2,15.75,2025-07-06,Cancelled,Bank Transfer,South,0.2,25.2,Outdoors,Unknown,Unknown,Unknown
O780942,C00213,P0029,2,36.95,2025-07-06,Delivered,Bank Transfer,North,0.15,62.82,Cleaning,Female,South,Bronze
O232271,C00358,P0023,5,46.85,2025-07-06,Delivered,Credit Card,East,0.2,187.4,Outdoors,Female,West,Gold
O445312,C00309,P0002,3,24.5,2025-07-06,Delivered,Credit Card,East,0.05,69.82,Cleaning,Other,South,Bronze
O572329,C00331,P0025,4,14.73,2025-07-06,Cancelled,PayPal,Central,0.05,55.97,Cleaning,Female,West,Gold
O630901,C00345,P0002,5,48.12,2025-07-06,Cancelled,Credit Card,North,0.0,240.6,Cleaning,Female,West,Gold
O169606,C00483,P0002,3,14.52,2025-07-06,Delivered,Bank Transfer,South,0.0,43.56,Cleaning,Female,East,Gold
O240089,C00479,P0010,5,29.14,2025-07-06,Delayed,Bank Transfer,Central,0.1,131.13,Cleaning,Male,South,Gold
O421362,C00500,P0013,2,45.76,2025-07-06,Delivered,Credit Card,North,0.05,86.94,Cleaning,Male,North,Gold
O497711,C00336,P0023,2,33.54,2025-07-06,Delivered,Bank Transfer,North,0.1,60.37,Outdoors,Female,East,Silver
O670568,C00023,P0005,1,26.2,2025-07-06,Delayed,Credit Card,Central,0.05,24.89,Personal Care,Male,East,Gold
O144346,C00243,P0021,5,38.43,2025-07-06,Cancelled,Credit Card,West,0.15,163.33,Kitchen,Other,West,Silver
O450941,C00256,P0011,1,45.31,2025-07-06,Delayed,PayPal,South,0.1,40.78,Kitchen,Female,East,Gold
O131144,C00024,P0006,4,17.23,2025-07-06,Delayed,Credit Card,Central,0.15,58.58,Cleaning,Female,West,Silver
O900701,C00275,P0012,3,18.49,2025-07-06,Cancelled,Credit Card,East,0.1,49.92,Cleaning,Other,West,Gold
O930204,C00181,P0012,2,31.94,2025-07-06,Delayed,PayPal,Central,0.0,63.88,Cleaning,Other,South,Bronze
O430832,C00034,P0003,5,38.14,2025-07-06,Cancelled,Credit Card,Central,0.1,171.63,Cleaning,Female,Central,Gold
O657080,C00081,P0023,4,44.54,2025-07-06,Delayed,Credit Card,South,0.15,151.44,Outdoors,Female,Central,Gold
O833175,C00258,P0026,1,27.18,2025-07-06,Delivered,Credit Card,East,0.0,27.18,Storage,Female,East,Bronze
O724239,C00274,P0008,2,34.74,2025-07-06,Delivered,Credit Card,West,0.0,69.48,Storage,Female,South,Gold
O411421,C00277,P0021,1,48.68,2025-07-06,Delayed,Credit Card,North,0.0,48.68,Kitchen,Female,South,Gold
O534102,C00206,P0022,4,11.65,2025-07-06,Delivered,Credit Card,South,0.05,44.27,Cleaning,Other,East,Gold
O427370,C00076,P0019,4,20.29,2025-07-06,Delivered,Bank Transfer,South,0.2,64.93,Kitchen,Female,North,Gold
O837629,C00108,P0017,3,35.59,2025-07-06,Delayed,Credit Card,East,0.05,101.43,Personal Care,Female,West,Bronze
O796203,C00282,P0019,1,46.8,2025-07-06,Delayed,PayPal,South,0.05,44.46,Kitchen,Male,West,Bronze
O696293,C00004,P0005,3,29.73,2025-07-06,Delivered,Credit Card,West,0.05,84.73,Personal Care,Female,Central,Gold
O554226,C00362,P0027,4,35.72,2025-07-06,Delayed,Bank Transfer,West,0.0,142.88,Outdoors,Male,East,Gold
O368529,C00093,P0014,2,36.0,2025-07-06,Delivered,Bank Transfer,East,0.1,64.8,Outdoors,Male,Central,Gold
O435615,C00226,P0008,1,26.3,2025-07-06,Delayed,Credit Card,North,0.1,23.67,Storage,Male,East,Gold
O212072,C00486,P0008,5,46.16,2025-07-06,Delivered,Credit Card,North,0.1,207.72,Storage,Male,East,Gold
O955314,C00499,P0006,2,17.36,2025-07-06,Cancelled,PayPal,West,0.2,27.78,Cleaning,Female,North,Gold
O398854,C00466,P0022,3,25.17,2025-07-06,Delayed,Credit Card,West,0.1,67.96,Cleaning,Male,North,Gold
O680823,C00041,P0030,2,10.16,2025-07-06,Cancelled,Bank Transfer,South,0.0,20.32,Cleaning,Male,North,Bronze
O885872,C00493,P0002,3,19.33,2025-07-06,Cancelled,Bank Transfer,South,0.15,49.29,Cleaning,Female,South,Gold
O984050,C00208,P0024,1,18.36,2025-07-06,Delayed,Credit Card,South,0.1,16.52,Storage,Female,East,Silver
O313287,C00325,P0003,1,40.76,2025-07-06,Delayed,Bank Transfer,North,0.15,34.65,Cleaning,Male,West,Bronze
O913237,C00019,P0018,4,20.08,2025-07-06,Delayed,Bank Transfer,North,0.1,72.29,Storage,Female,East,Gold
O997965,C00318,P0010,2,33.01,2025-07-06,Cancelled,Bank Transfer,South,0.1,59.42,Cleaning,Female,West,Gold
O443550,C00067,P0007,4,10.51,2025-07-06,Delivered,Bank Transfer,West,0.0,42.04,Personal Care,Other,Central,Silver
O923392,C00417,P0011,2,36.77,2025-07-06,Delayed,Bank Transfer,South,0.0,73.54,Kitchen,Female,Central,Gold
O532356,C00321,P0009,2,30.26,2025-07-06,Delayed,Credit Card,North,0.15,51.44,Outdoors,Male,West,Silver
O118449,C00306,P0002,3,8.53,2025-07-06,Delivered,PayPal,Central,0.05,24.31,Cleaning,Female,Central,Gold
O642221,C00007,P0012,4,23.19,2025-07-06,Delivered,Credit Card,Central,0.05,88.12,Cleaning,Female,North,Gold
O866407,C00021,P0023,1,44.01,2025-07-06,Cancelled,Credit Card,East,0.2,35.21,Outdoors,Male,South,Silver
O657683,C00151,P0026,5,43.01,2025-07-06,Delayed,Bank Transfer,East,0.0,215.05,Storage,Female,Central,Gold
O154573,C00363,P0026,3,44.65,2025-07-06,Delayed,Credit Card,West,0.15,113.86,Storage,Male,West,Gold
O453230,C00212,P0010,5,11.65,2025-07-06,Cancelled,Credit Card,North,0.0,58.25,Cleaning,Male,West,Gold
O104473,C00164,P0003,5,28.23,2025-07-06,Delivered,Bank Transfer,Central,0.1,127.04,Cleaning,Male,Central,Gold
O202514,C00160,P0019,4,47.23,2025-07-06,Delivered,PayPal,North,0.1,170.03,Kitchen,Other,Central,Gold
O608359,C00459,P0017,2,36.57,2025-07-06,Cancelled,Bank Transfer,Central,0.2,58.51,Personal Care,Female,North,Gold
O770770,C00044,P0025,3,35.5,2025-07-06,Delivered,Bank Transfer,East,0.2,85.2,Cleaning,Female,Central,Gold
O458103,C00223,P0014,5,13.99,2025-07-06,Delayed,Credit Card,East,0.1,62.96,Outdoors,Female,South,Gold
O111885,C00306,P0028,1,46.16,2025-07-06,Delivered,Credit Card,West,0.1,41.54,Outdoors,Female,Central,Gold
O697004,C00278,P0017,1,9.64,2025-07-06,Delivered,Credit Card,North,0.1,8.68,Personal Care,Female,Central,Bronze
O785175,C00429,P0016,1,25.34,2025-07-06,Delivered,PayPal,North,0.0,25.34,Cleaning,Female,Central,Bronze
O928670,C00094,P0010,5,29.15,2025-07-06,Delivered,Credit Card,Central,0.15,123.89,Cleaning,Female,Central,Silver
O449804,C00210,P0005,5,31.49,2025-07-06,Delivered,Credit Card,North,0.15,133.83,Personal Care,Female,North,Silver
O430249,C00407,P0011,2,39.31,2025-07-06,Delivered,Credit Card,Central,0.1,70.76,Kitchen,Female,East,Gold
O954264,C00343,P0020,3,14.52,2025-07-06,Delivered,PayPal,South,0.0,43.56,Cleaning,Other,East,Silver
O180176,C00220,P0028,5,28.28,2025-07-06,Delayed,PayPal,West,0.05,134.33,Outdoors,Female,East,Gold
O651152,C00292,P0004,5,42.31,2025-07-06,Delayed,Bank Transfer,South,0.05,200.97,Kitchen,Female,Central,Gold
O532341,C00260,P0008,2,21.1,2025-07-06,Delayed,PayPal,East,0.15,35.87,Storage,Other,East,Silver
O217367,C00176,P0017,5,28.29,2025-07-06,Cancelled,Credit Card,South,0.1,127.3,Personal Care,Other,South,Bronze
O579880,C00265,P0014,5,16.75,2025-07-06,Delayed,Credit Card,East,0.1,75.38,Outdoors,Male,West,Gold
O804632,C00408,P0007,2,33.48,2025-07-06,Delayed,Bank Transfer,North,0.15,56.92,Personal Care,Male,East,Bronze
O945134,C00078,P0030,5,38.13,2025-07-06,Delivered,PayPal,South,0.1,171.58,Cleaning,Male,West,Gold
O557342,C00109,P0020,1,43.88,2025-07-06,Delayed,Bank Transfer,Central,0.1,39.49,Cleaning,Other,East,Bronze
O327602,C00377,P0007,1,31.41,2025-07-06,Cancelled,Credit Card,East,0.05,29.84,Personal Care,Female,Central,Bronze
O434068,C00455,P0006,2,46.74,2025-07-06,Delivered,Bank Transfer,North,0.0,93.48,Cleaning,Male,South,Silver
O937929,C00037,P0028,3,8.44,2025-07-06,Delivered,Credit Card,North,0.1,22.79,Outdoors,Female,East,Gold
O347734,C00482,P0012,2,38.01,2025-07-06,Delivered,Bank Transfer,East,0.05,72.22,Cleaning,Male,West,Gold
O908399,C00282,P0029,2,14.2,2025-07-06,Delivered,Credit Card,East,0.1,25.56,Cleaning,Male,West,Bronze
O625480,C00110,P0006,3,29.94,2025-07-06,Delivered,Credit Card,East,0.2,71.86,Cleaning,Female,South,Gold
O911487,C00027,P0020,2,19.18,2025-07-06,Delayed,Credit Card,East,0.2,30.69,Cleaning,Male,North,Gold
O681551,C00173,P0010,4,44.24,2025-07-06,Delivered,Credit Card,Central,0.0,176.96,Cleaning,Female,West,Gold
O187955,C00462,P0028,4,45.17,2025-07-06,Delayed,Credit Card,Central,0.05,171.65,Outdoors,Other,West,Gold
O185646,C00175,P0006,3,41.77,2025-07-06,Cancelled,Bank Transfer,North,0.2,100.25,Cleaning,Male,North,Bronze
O258758,C00028,P0025,4,19.56,2025-07-06,Delayed,PayPal,East,0.05,74.33,Cleaning,Female,North,Gold
O919665,C00095,P0018,4,41.05,2025-07-06,Delayed,Bank Transfer,Central,0.15,139.57,Storage,Male,Unknown,Gold
O553468,C00096,P0025,1,28.89,2025-07-06,Delivered,PayPal,North,0.0,28.89,Cleaning,Other,South,Gold
O857041,C00106,P0010,2,31.26,2025-07-06,Delayed,Bank Transfer,West,0.15,53.14,Cleaning,Female,East,Gold
O688807,C00294,P0004,2,40.51,2025-07-06,Delayed,PayPal,Central,0.05,76.97,Kitchen,Male,West,Gold
O656963,C00431,P0009,1,47.9,2025-07-06,Delivered,Bank Transfer,West,0.2,38.32,Outdoors,Female,Central,Gold
O582958,C00138,P0011,4,44.11,2025-07-06,Delivered,Bank Transfer,East,0.05,167.62,Kitchen,Female,East,Gold
O111047,C00277,P0012,2,28.52,2025-07-06,Delayed,Credit Card,Central,0.05,54.19,Cleaning,Female,South,Gold
O972500,C00496,P0006,2,22.04,2025-07-06,Delayed,PayPal,North,0.1,39.67,Cleaning,Female,Central,Gold
O235498,C00284,P0001,2,15.31,2025-07-06,Delivered,Credit Card,South,0.1,27.56,Storage,Male,East,Gold
O976262,C00150,P0008,4,17.32,2025-07-06,Delivered,PayPal,West,0.1,62.35,Storage,Female,West,Bronze
O418779,C00357,P0004,4,40.06,2025-07-06,Delivered,Credit Card,West,0.1,144.22,Kitchen,Male,Central,Silver
O734752,C00330,P0022,2,17.41,2025-07-06,Delivered,Credit Card,East,0.05,33.08,Cleaning,Other,West,Bronze
O327842,C00345,P0025,2,12.32,2025-07-06,Delayed,Credit Card,Central,0.1,22.18,Cleaning,Female,West,Gold
O685974,C00336,P0012,1,38.63,2025-07-06,Delivered,Credit Card,North,0.05,36.7,Cleaning,Female,East,Silver
O388949,C00202,P0005,2,45.61,2025-07-06,Delayed,Credit Card,North,0.15,77.54,Personal Care,Female,Central,Bronze
O623375,C00393,P0006,4,21.74,2025-07-06,Cancelled,Credit Card,West,0.2,69.57,Cleaning,Female,North,Gold
O854768,C00204,P0030,3,27.08,2025-07-06,Delayed,Credit Card,South,0.1,73.12,Cleaning,Female,South,Silver
O717885,C00338,P0030,2,34.78,2025-07-06,Delivered,Credit Card,West,0.1,62.6,Cleaning,Male,South,Gold
O799081,C00443,P0008,4,47.21,2025-07-06,Cancelled,Credit Card,Central,0.05,179.4,Storage,Female,West,Silver
O586465,C00381,P0001,3,45.71,2025-07-06,Delivered,PayPal,East,0.1,123.42,Storage,Male,South,Gold
O158886,C00495,P0021,4,22.86,2025-07-06,Delivered,PayPal,South,0.2,73.15,Kitchen,Male,Central,Gold
O669466,C00058,P0011,3,8.18,2025-07-06,Delivered,PayPal,North,0.15,20.86,Kitchen,Male,West,Gold
O887491,C00097,P0020,5,13.33,2025-07-06,Delivered,Credit Card,Central,0.1,59.99,Cleaning,Female,East,Silver
O779073,C00357,P0028,1,15.1,2025-07-06,Delayed,Credit Card,East,0.1,13.59,Outdoors,Male,Central,Silver
O706528,C00440,P0012,5,18.65,2025-07-06,Delivered,PayPal,East,0.1,83.92,Cleaning,Other,North,Gold
O581459,C00322,P0016,4,30.57,2025-07-06,Delivered,Credit Card,North,0.1,110.05,Cleaning,Male,South,Gold
O837867,C00350,P0028,4,28.63,2025-07-06,Delivered,Credit Card,East,0.15,97.34,Outdoors,Female,North,Silver
O562529,C00014,P0021,1,24.58,2025-07-06,Cancelled,Credit Card,Central,0.1,22.12,Kitchen,Other,Central,Gold
O893913,C00230,P0025,2,18.59,2025-07-06,Delayed,Bank Transfer,West,0.1,33.46,Cleaning,Other,South,Bronze
O545819,C00493,P0028,2,24.77,2025-07-06,Delayed,PayPal,West,0.2,39.63,Outdoors,Female,South,Gold
O747355,C00221,P0010,3,41.66,2025-07-06,Delayed,PayPal,South,0.0,124.98,Cleaning,Female,West,Silver
O185606,C00089,P0017,5,34.82,2025-07-06,Delayed,Credit Card,Central,0.15,147.98,Personal Care,Male,West,Silver
O740937,C00263,P0018,1,24.54,2025-07-06,Delivered,Credit Card,South,0.15,20.86,Storage,Male,Central,Gold
O483675,C00049,P0027,3,29.82,2025-07-06,Cancelled,Bank Transfer,West,0.15,76.04,Outdoors,Male,South,Gold
O733243,C00206,P0024,4,30.44,2025-07-06,Delayed,PayPal,West,0.1,109.58,Storage,Other,East,Gold
O361138,C00471,P0021,3,13.47,2025-07-06,Delivered,Credit Card,East,0.0,40.41,Kitchen,Unknown,Unknown,Unknown
O774723,C00306,P0021,1,43.07,2025-07-06,Delayed,Bank Transfer,Central,0.2,34.46,Kitchen,Female,Central,Gold
O911957,C00205,P0006,4,8.62,2025-07-06,Delayed,Credit Card,East,0.1,31.03,Cleaning,Female,East,Silver
O278048,C00062,P0020,3,20.02,2025-07-06,Cancelled,Credit Card,East,0.1,54.05,Cleaning,Male,West,Gold
O915165,C00117,P0026,2,27.85,2025-07-06,Delivered,PayPal,North,0.1,50.13,Storage,Female,North,Silver
O730037,C00313,P0015,2,17.09,2025-07-06,Cancelled,Bank Transfer,North,0.1,30.76,Storage,Male,East,Bronze
O709855,C00244,P0023,5,30.62,2025-07-06,Delayed,Credit Card,West,0.15,130.14,Outdoors,Male,West,Bronze
O986951,C00012,P0001,5,25.93,2025-07-06,Delayed,PayPal,West,0.1,116.68,Storage,Female,North,Silver
O652955,C00257,P0029,3,20.15,2025-07-06,Delivered,Credit Card,East,0.15,51.38,Cleaning,Female,South,Gold
O107613,C00439,P0022,5,8.03,2025-07-06,Cancelled,PayPal,South,0.2,32.12,Cleaning,Other,North,Bronze
O471859,C00039,P0025,5,27.69,2025-07-06,Delayed,Bank Transfer,North,0.1,124.61,Cleaning,Other,South,Silver
O826800,C00419,P0025,4,46.87,2025-07-06,Delayed,Credit Card,East,0.05,178.11,Cleaning,Female,South,Bronze
O279797,C00395,P0005,2,47.28,2025-07-06,Delivered,Credit Card,North,0.2,75.65,Personal Care,Male,East,Gold
O493815,C00299,P0014,2,32.91,2025-07-06,Delivered,Bank Transfer,North,0.15,55.95,Outdoors,Unknown,Central,Silver
O528967,C00174,P0012,3,32.53,2025-07-06,Delivered,Bank Transfer,West,0.0,97.59,Cleaning,Other,South,Bronze
O832170,C00441,P0006,4,18.91,2025-07-06,Delivered,PayPal,South,0.2,60.51,Cleaning,Female,South,Bronze
O264443,C00079,P0022,2,12.62,2025-07-06,Delivered,Bank Transfer,South,0.0,25.24,Cleaning,Female,North,Bronze
O513524,C00231,P0006,4,43.5,2025-07-06,Cancelled,Credit Card,West,0.2,139.2,Cleaning,Male,Central,Silver
O741739,C00277,P0019,2,18.67,2025-07-06,Delayed,Credit Card,East,0.1,33.61,Kitchen,Female,South,Gold
O338257,C00344,P0023,3,17.01,2025-07-06,Cancelled,Credit Card,South,0.15,43.38,Outdoors,Female,West,Gold
O437438,C00295,P0022,1,10.73,2025-07-06,Delayed,PayPal,East,0.05,10.19,Cleaning,Other,North,Bronze
O531806,C00119,P0007,2,10.54,2025-07-06,Cancelled,Credit Card,South,0.0,21.08,Personal Care,Female,South,Silver
O880754,C00440,P0026,1,20.3,2025-07-06,Delivered,Credit Card,Central,0.2,16.24,Storage,Other,North,Gold
O711938,C00326,P0020,3,13.71,2025-07-06,Delayed,PayPal,West,0.05,39.07,Cleaning,Female,East,Gold
O693633,C00205,P0008,4,30.77,2025-07-06,Delivered,Credit Card,East,0.15,104.62,Storage,Female,East,Silver
O891469,C00068,P0023,2,49.93,2025-07-06,Delayed,PayPal,North,0.15,84.88,Outdoors,Female,East,Gold
O159941,C00080,P0015,3,23.05,2025-07-06,Delivered,Credit Card,Central,0.15,58.78,Storage,Female,North,Bronze
O959381,C00191,P0030,4,18.9,2025-07-06,Delayed,Bank Transfer,Central,0.2,60.48,Cleaning,Other,East,Silver
O339773,C00396,P0021,4,15.41,2025-07-06,Delivered,Credit Card,West,0.0,61.64,Kitchen,Male,North,Gold
O679532,C00414,P0011,1,30.78,2025-07-06,Delivered,PayPal,South,0.15,26.16,Kitchen,Male,South,Gold
O192542,C00484,P0009,2,40.3,2025-07-06,Cancelled,PayPal,East,0.0,80.6,Outdoors,Male,North,Gold
O153450,C00151,P0020,5,42.89,2025-07-06,Delayed,Credit Card,South,0.2,171.56,Cleaning,Female,Central,Gold
O569619,C00301,P0009,2,37.48,2025-07-06,Delivered,Bank Transfer,North,0.0,74.96,Outdoors,Female,Central,Gold
O573600,C00221,P0007,2,42.91,2025-07-06,Delivered,Bank Transfer,North,0.05,81.53,Personal Care,Female,West,Silver
O195461,C00347,P0025,2,8.63,2025-07-06,Cancelled,Bank Transfer,East,0.1,15.53,Cleaning,Male,East,Gold
O213547,C00278,P0030,4,45.44,2025-07-06,Delayed,Bank Transfer,West,0.1,163.58,Cleaning,Female,Central,Bronze
O398194,C00017,P0020,2,42.91,2025-07-06,Delayed,PayPal,North,0.2,68.66,Cleaning,Male,West,Gold
O979006,C00176,P0015,1,29.92,2025-07-06,Delivered,Bank Transfer,Central,0.1,26.93,Storage,Other,South,Bronze
O515155,C00055,P0020,4,43.45,2025-07-06,Delivered,Bank Transfer,Central,0.2,139.04,Cleaning,Female,North,Gold
O665993,C00451,P0005,1,48.52,2025-07-06,Delayed,Credit Card,North,0.0,48.52,Personal Care,Female,North,Gold
O781501,C00336,P0026,2,46.9,2025-07-06,Delivered,Credit Card,North,0.15,79.73,Storage,Female,East,Silver
O831941,C00245,P0018,5,29.97,2025-07-06,Delivered,Credit Card,East,0.1,134.86,Storage,Male,North,Gold
O299937,C00478,P0012,4,47.43,2025-07-06,Delayed,PayPal,South,0.2,151.78,Cleaning,Female,South,Gold
O282240,C00084,P0004,3,47.32,2025-07-06,Cancelled,Bank Transfer,Central,0.05,134.86,Kitchen,Female,West,Gold
O894659,C00048,P0005,3,20.09,2025-07-06,Delivered,Credit Card,North,0.15,51.23,Personal Care,Female,East,Gold
O170962,C00174,P0022,5,29.66,2025-07-06,Delayed,PayPal,East,0.2,118.64,Cleaning,Other,South,Bronze
O320877,C00029,P0001,3,48.72,2025-07-06,Delayed,PayPal,North,0.05,138.85,Storage,Male,North,Silver
O904347,C00108,P0002,4,22.12,2025-07-06,Cancelled,Bank Transfer,South,0.0,88.48,Cleaning,Female,West,Bronze
O207825,C00018,P0028,4,9.07,2025-07-06,Delayed,PayPal,East,0.05,34.47,Outdoors,Female,North,Bronze
O593413,C00035,P0011,2,29.73,2025-07-06,Delivered,Credit Card,East,0.0,59.46,Kitchen,Other,South,Silver
O631161,C00059,P0010,1,46.71,2025-07-06,Cancelled,Credit Card,West,0.2,37.37,Cleaning,Female,West,Bronze
O294073,C00074,P0023,3,35.53,2025-07-06,Delivered,Credit Card,Central,0.05,101.26,Outdoors,Male,North,Bronze
O437565,C00057,P0002,4,14.08,2025-07-06,Delivered,PayPal,Central,0.0,56.32,Cleaning,Male,Central,Gold
O811613,C00402,P0008,2,13.98,2025-07-06,Delayed,Credit Card,Central,0.1,25.16,Storage,Female,South,Silver
O461115,C00091,P0012,4,39.84,2025-07-06,Delayed,Bank Transfer,South,0.1,143.42,Cleaning,Male,West,Silver
O386419,C00390,P0002,3,47.35,2025-07-06,Cancelled,Credit Card,South,0.05,134.95,Cleaning,Female,East,Silver
O657375,C00179,P0024,4,32.8,2025-07-06,Delayed,Bank Transfer,South,0.1,118.08,Storage,Female,South,Gold
O338030,C00158,P0026,1,30.66,2025-07-06,Delivered,Credit Card,Central,0.05,29.13,Storage,Other,East,Bronze
O102518,C00419,P0030,3,28.86,2025-07-06,Delayed,Credit Card,North,0.0,86.58,Cleaning,Female,South,Bronze
O957892,C00226,P0001,4,18.44,2025-07-06,Delivered,Credit Card,East,0.05,70.07,Storage,Male,East,Gold
O888329,C00077,P0023,3,32.28,2025-07-06,Delayed,PayPal,Central,0.05,92.0,Outdoors,Female,Central,Gold
O448444,C00139,P0006,4,32.43,2025-07-06,Delayed,Credit Card,North,0.15,110.26,Cleaning,Other,Central,Bronze
O323543,C00085,P0010,5,42.54,2025-07-06,Delivered,Bank Transfer,East,0.15,180.8,Cleaning,Male,South,Gold
O955641,C00478,P0028,5,10.29,2025-07-06,Delivered,Credit Card,South,0.2,41.16,Outdoors,Female,South,Gold
O711887,C00125,UNKNOWN_PRODUCT,5,36.65,2025-07-06,Cancelled,Bank Transfer,South,0.15,155.76,Unknown,Female,South,Gold
O549755,C00466,P0020,2,29.18,2025-07-06,Delivered,Bank Transfer,East,0.1,52.52,Cleaning,Male,North,Gold
O748694,C00377,P0029,3,19.04,2025-07-06,Delayed,PayPal,North,0.05,54.26,Cleaning,Female,Central,Bronze
O837906,C00022,P0017,4,43.81,2025-07-06,Delayed,Credit Card,West,0.0,175.24,Personal Care,Female,West,Silver
O719148,C00113,P0016,4,24.76,2025-07-06,Delivered,Bank Transfer,South,0.1,89.14,Cleaning,Female,North,Gold
O506903,C00257,P0017,4,15.75,2025-07-06,Delivered,PayPal,West,0.1,56.7,Personal Care,Female,South,Gold
O733633,C00330,P0030,2,23.2,2025-07-06,Delivered,Credit Card,Central,0.1,41.76,Cleaning,Other,West,Bronze
O681027,C00001,P0029,3,28.47,2025-07-06,Delayed,PayPal,Central,0.15,72.6,Cleaning,Male,Central,Silver
O943472,C00121,P0005,3,31.19,2025-07-06,Delayed,Bank Transfer,South,0.15,79.53,Personal Care,Female,West,Gold
O993331,C00012,P0026,2,13.14,2025-07-06,Delivered,Credit Card,North,0.1,23.65,Storage,Female,North,Silver
O683681,C00134,P0020,2,18.46,2025-07-06,Delayed,PayPal,South,0.1,33.23,Cleaning,Male,South,Gold
O719288,C00222,P0026,4,11.17,2025-07-06,Cancelled,Credit Card,Central,0.1,40.21,Storage,Female,East,Silver
O552071,C00264,P0016,4,49.04,2025-07-06,Delayed,Bank Transfer,West,0.05,186.35,Cleaning,Female,Central,Bronze
O290605,C00009,P0023,4,13.47,2025-07-06,Delivered,Credit Card,Central,0.15,45.8,Outdoors,Female,South,Silver
O308714,C00401,P0019,3,13.71,2025-07-06,Cancelled,Credit Card,East,0.1,37.02,Kitchen,Male,Central,Bronze
O141779,C00099,P0016,4,19.65,2025-07-06,Delayed,Credit Card,North,0.2,62.88,Cleaning,Female,South,Gold
O904408,C00086,P0019,5,11.14,2025-07-06,Delayed,Credit Card,South,0.0,55.7,Kitchen,Male,East,Bronze
O749722,C00397,P0017,3,39.27,2025-07-06,Delayed,Credit Card,East,0.1,106.03,Personal Care,Female,North,Silver
O915810,C00029,P0021,1,33.87,2025-07-06,Delivered,Credit Card,Central,0.05,32.18,Kitchen,Male,North,Silver
O463352,C00001,P0017,3,40.78,2025-07-06,Delayed,Credit Card,South,0.15,103.99,Personal Care,Male,Central,Silver
O524545,C00131,P0015,5,26.39,2025-07-06,Delivered,PayPal,North,0.2,105.56,Storage,Male,Central,Gold
O272400,C00014,P0002,2,13.15,2025-07-06,Cancelled,Credit Card,West,0.05,24.98,Cleaning,Other,Central,Gold
O135619,C00051,P0017,2,36.93,2025-07-06,Delivered,Credit Card,North,0.1,66.47,Personal Care,Female,East,Gold
O131648,C00419,P0022,3,17.14,2025-07-06,Delivered,PayPal,East,0.15,43.71,Cleaning,Female,South,Bronze
O358157,C00492,P0015,5,21.77,2025-07-06,Delivered,Credit Card,North,0.0,108.85,Storage,Male,Central,Gold
O230960,C00183,P0029,1,32.59,2025-07-06,Delivered,Credit Card,South,0.05,30.96,Cleaning,Female,South,Gold
O361052,C00471,P0020,4,20.8,2025-07-06,Delivered,Credit Card,West,0.2,66.56,Cleaning,Unknown,Unknown,Unknown
O361135,C00463,P0021,3,22.08,2025-07-06,Delivered,Bank Transfer,Central,0.1,59.62,Kitchen,Other,West,Bronze
O361589,C00230,P0020,5,40.12,2025-07-06,Delayed,Bank Transfer,East,0.05,190.57,Cleaning,Other,South,Bronze
O460958,C00378,P0028,2,28.25,2025-07-06,Delivered,Credit Card,West,0.05,53.68,Outdoors,Male,South,Gold
O572561,C00370,P0029,3,19.58,2025-07-06,Delayed,PayPal,West,0.1,52.87,Cleaning,Female,East,Gold
O238131,C00342,P0017,5,13.39,2025-07-06,Delivered,Credit Card,Central,0.1,60.26,Personal Care,Other,East,Unknown
O112478,C00471,P0025,2,9.0,2025-07-06,Unknown,Credit Card,North,0.2,14.4,Cleaning,Unknown,Unknown,Unknown
O451596,C00115,P0017,3,46.45,2025-07-06,Delayed,PayPal,East,0.1,125.42,Personal Care,Male,South,Bronze
O754959,C00151,P0023,4,19.37,2025-07-06,Cancelled,Bank Transfer,East,0.15,65.86,Outdoors,Female,Central,Gold
O431713,C00160,P0030,4,12.34,2025-07-06,Delivered,PayPal,South,0.05,46.89,Cleaning,Other,Central,Gold
O128167,C00107,P0004,1,41.02,2025-07-06,Delivered,PayPal,North,0.15,34.87,Kitchen,Female,North,Silver
O166025,C00190,P0007,1,29.97,2025-07-06,Delayed,PayPal,East,0.1,26.97,Personal Care,Male,Central,Gold
O993924,C00109,P0022,3,47.85,2025-07-06,Delayed,Credit Card,North,0.1,129.2,Cleaning,Other,East,Bronze
O887026,C00095,P0027,1,47.88,2025-07-06,Cancelled,Credit Card,North,0.1,43.09,Outdoors,Male,Unknown,Gold
O671877,C00209,P0025,1,21.47,2025-07-06,Delivered,Bank Transfer,Central,0.15,18.25,Cleaning,Male,North,Silver
O941588,C00365,P0009,3,32.73,2025-07-06,Cancelled,Credit Card,South,0.1,88.37,Outdoors,Male,West,Silver
O994237,C00243,P0011,3,42.74,2025-07-06,Cancelled,Credit Card,East,0.1,115.4,Kitchen,Other,West,Silver
O581843,C00338,P0023,3,21.31,2025-07-06,Delayed,Credit Card,South,0.15,54.34,Outdoors,Male,South,Gold
O231318,C00251,UNKNOWN_PRODUCT,5,47.51,2025-07-06,Delivered,PayPal,West,0.2,190.04,Unknown,Male,North,Gold
O988203,C00053,P0030,3,34.82,2025-07-06,Delayed,PayPal,Central,0.05,99.24,Cleaning,Female,North,Gold
O703880,C00158,P0006,2,36.32,2025-07-06,Cancelled,PayPal,Central,0.2,58.11,Cleaning,Other,East,Bronze
O319257,C00019,P0006,2,14.72,2025-07-06,Delayed,PayPal,South,0.05,27.97,Cleaning,Female,East,Gold
O971893,C00373,P0006,2,38.98,2025-07-06,Delayed,Bank Transfer,West,0.2,62.37,Cleaning,Male,Central,Gold
O118404,C00469,P0009,5,33.52,2025-07-06,Cancelled,Credit Card,West,0.0,167.6,Outdoors,Female,North,Silver
O610738,C00120,P0023,4,25.95,2025-07-06,Delayed,Bank Transfer,West,0.15,88.23,Outdoors,Female,West,Gold
O987599,C00350,P0030,5,38.25,2025-07-06,Delivered,Bank Transfer,West,0.2,153.0,Cleaning,Female,North,Silver
O870336,C00192,P0029,1,21.1,2025-07-06,Delivered,PayPal,Central,0.1,18.99,Cleaning,Female,West,Gold
O226857,C00214,P0003,1,40.72,2025-07-06,Delayed,Bank Transfer,North,0.1,36.65,Cleaning,Other,East,Gold
O914103,C00385,P0012,4,12.31,2025-07-06,Delivered,Bank Transfer,South,0.0,49.24,Cleaning,Male,South,Gold
O272354,C00392,P0010,3,29.58,2025-07-06,Delayed,PayPal,North,0.2,70.99,Cleaning,Female,West,Gold
O779675,C00044,P0003,1,23.16,2025-07-06,Delivered,PayPal,Central,0.15,19.69,Cleaning,Female,Central,Gold
O852176,C00313,P0013,5,14.12,2025-07-06,Cancelled,Credit Card,East,0.1,63.54,Cleaning,Male,East,Bronze
O909578,C00322,P0022,4,12.41,2025-07-06,Delayed,Credit Card,South,0.15,42.19,Cleaning,Male,South,Gold
O459230,C00126,P0012,2,40.02,2025-07-06,Delayed,Credit Card,North,0.2,64.03,Cleaning,Female,West,Silver
O409605,C00285,P0016,1,21.27,2025-07-06,Delayed,PayPal,Central,0.15,18.08,Cleaning,Male,Central,Bronze
O967986,C00002,P0026,3,41.19,2025-07-06,Delayed,Bank Transfer,North,0.0,123.57,Storage,Female,Central,Gold
O418028,C00436,P0017,1,41.55,2025-07-06,Delayed,Credit Card,East,0.1,37.39,Personal Care,Female,North,Gold
O258279,C00219,P0026,1,14.81,2025-07-06,Cancelled,Credit Card,North,0.15,12.59,Storage,Female,South,Silver
O275532,C00183,P0022,2,8.07,2025-07-06,Delivered,PayPal,South,0.15,13.72,Cleaning,Female,South,Gold
O481270,C00388,P0016,5,48.59,2025-07-06,Delayed,PayPal,East,0.0,242.95,Cleaning,Male,North,Gold
O814519,C00326,P0014,3,32.14,2025-07-06,Delivered,PayPal,South,0.15,81.96,Outdoors,Female,East,Gold
O867344,C00343,P0016,5,10.64,2025-07-06,Delayed,Credit Card,North,0.1,47.88,Cleaning,Other,East,Silver
O963033,C00262,P0025,5,34.59,2025-07-06,Delivered,PayPal,North,0.15,147.01,Cleaning,Female,South,Gold
O436657,C00281,P0016,1,32.27,2025-07-06,Delivered,PayPal,South,0.15,27.43,Cleaning,Other,East,Bronze
O629765,C00453,P0026,2,20.83,2025-07-06,Delayed,Credit Card,East,0.0,41.66,Storage,Male,West,Silver
O582042,C00046,P0029,1,49.18,2025-07-06,Cancelled,Bank Transfer,East,0.1,44.26,Cleaning,Male,North,Bronze
O517492,C00106,P0029,3,8.04,2025-07-06,Delayed,Credit Card,South,0.1,21.71,Cleaning,Female,East,Gold
O827239,C00291,P0019,1,43.32,2025-07-06,Delayed,Credit Card,South,0.15,36.82,Kitchen,Other,East,Gold
O693479,C00187,P0028,5,28.11,2025-07-06,Delivered,Credit Card,West,0.1,126.5,Outdoors,Female,Central,Gold
O993959,C00450,P0023,1,46.29,2025-07-06,Delivered,PayPal,Central,0.1,41.66,Outdoors,Female,East,Gold
O569251,C00301,P0010,5,15.85,2025-07-06,Cancelled,Bank Transfer,Central,0.05,75.29,Cleaning,Female,Central,Gold
O480964,C00039,P0027,1,20.8,2025-07-06,Delivered,Credit Card,North,0.0,20.8,Outdoors,Other,South,Silver
O305111,C00399,P0014,1,13.4,2025-07-06,Delivered,Credit Card,East,0.0,13.4,Outdoors,Male,North,Bronze
O807933,C00296,P0027,4,47.03,2025-07-06,Delivered,Credit Card,West,0.05,178.71,Outdoors,Male,East,Gold
O423041,C00309,P0001,2,14.08,2025-07-06,Delivered,Credit Card,Central,0.2,22.53,Storage,Other,South,Bronze
O572101,C00202,P0018,4,38.09,2025-07-06,Cancelled,Credit Card,West,0.05,144.74,Storage,Female,Central,Bronze
O593893,C00106,P0015,4,38.99,2025-07-06,Cancelled,Credit Card,South,0.1,140.36,Storage,Female,East,Gold
O488710,C00044,P0025,1,25.52,2025-07-06,Delivered,Credit Card,North,0.1,22.97,Cleaning,Female,Central,Gold
O349578,C00346,P0028,5,33.77,2025-07-06,Cancelled,PayPal,South,0.1,151.97,Outdoors,Male,Unknown,Gold
O481635,C00109,P0008,4,15.31,2025-07-06,Cancelled,Credit Card,West,0.1,55.12,Storage,Other,East,Bronze
O429345,C00496,P0016,4,39.22,2025-07-06,Delayed,Credit Card,South,0.1,141.19,Cleaning,Female,Central,Gold
O650449,C00291,P0008,2,9.0,2025-07-06,Delayed,Bank Transfer,Central,0.05,17.1,Storage,Other,East,Gold
O576892,C00077,P0011,4,22.94,2025-07-06,Delayed,Credit Card,Central,0.15,78.0,Kitchen,Female,Central,Gold
O102250,C00040,P0006,4,21.36,2025-07-06,Delivered,Credit Card,West,0.0,85.44,Cleaning,Female,East,Gold
O891561,C00347,P0004,2,43.27,2025-07-06,Cancelled,Credit Card,West,0.1,77.89,Kitchen,Male,East,Gold
O435877,C00415,P0011,2,11.25,2025-07-06,Delayed,PayPal,South,0.15,19.12,Kitchen,Female,South,Gold
O552024,C00409,P0023,3,34.12,2025-07-06,Delayed,PayPal,North,0.15,87.01,Outdoors,Female,Central,Gold
O488116,C00327,P0023,4,33.75,2025-07-06,Delivered,PayPal,West,0.1,121.5,Outdoors,Male,East,Bronze
O449988,C00290,P0005,2,8.88,2025-07-06,Delayed,Credit Card,South,0.1,15.98,Personal Care,Male,South,Gold
O809600,C00325,P0006,2,27.63,2025-07-06,Delayed,Credit Card,East,0.2,44.21,Cleaning,Male,West,Bronze
O171314,C00476,P0005,4,48.09,2025-07-06,Delivered,Credit Card,North,0.0,192.36,Personal Care,Female,East,Bronze
O264824,C00007,P0024,1,47.42,2025-07-06,Delayed,Credit Card,South,0.0,47.42,Storage,Female,North,Gold
O364475,C00061,P0027,4,43.67,2025-07-06,Delivered,Bank Transfer,North,0.2,139.74,Outdoors,Female,North,Gold
O928454,C00184,P0027,1,26.02,2025-07-06,Cancelled,Credit Card,West,0.0,26.02,Outdoors,Female,North,Silver
O673731,C00499,P0020,4,35.12,2025-07-06,Delivered,Bank Transfer,Central,0.2,112.38,Cleaning,Female,North,Gold
O532908,C00494,P0012,3,12.55,2025-07-06,Delayed,Credit Card,East,0.1,33.89,Cleaning,Female,North,Gold
O477070,C00079,P0007,5,20.64,2025-07-06,Delivered,PayPal,West,0.15,87.72,Personal Care,Female,North,Bronze
O852902,C00475,P0011,2,17.26,2025-07-06,Cancelled,PayPal,North,0.0,34.52,Kitchen,Female,North,Bronze
O160766,C00217,P0019,3,44.49,2025-07-06,Delivered,Credit Card,North,0.15,113.45,Kitchen,Female,South,Bronze
O337497,C00249,P0005,3,36.13,2025-07-06,Delayed,PayPal,West,0.2,86.71,Personal Care,Male,South,Gold
O857390,C00421,P0001,1,32.02,2025-07-06,Cancelled,PayPal,East,0.1,28.82,Storage,Female,West,Gold
O235318,C00460,P0011,5,47.07,2025-07-06,Delivered,Bank Transfer,North,0.1,211.82,Kitchen,Other,West,Gold
O452746,C00190,P0021,4,49.92,2025-07-06,Delivered,Bank Transfer,East,0.1,179.71,Kitchen,Male,Central,Gold
O765745,C00165,P0012,4,38.11,2025-07-06,Cancelled,Credit Card,North,0.15,129.57,Cleaning,Male,Central,Gold
O444837,C00210,P0027,2,40.33,2025-07-06,Delayed,Credit Card,West,0.1,72.59,Outdoors,Female,North,Silver
O279593,C00128,P0001,1,26.02,2025-07-06,Delivered,Bank Transfer,East,0.15,22.12,Storage,Male,East,Silver
O237172,C00287,P0021,2,20.39,2025-07-06,Delayed,Bank Transfer,South,0.05,38.74,Kitchen,Female,South,Gold
O362445,C00178,P0018,4,20.45,2025-07-06,Delivered,Bank Transfer,Central,0.15,69.53,Storage,Female,North,Silver
O111132,C00011,P0020,3,20.81,2025-07-06,Delivered,Credit Card,Central,0.05,59.31,Cleaning,Other,East,Silver
O346038,C00404,P0012,1,23.62,2025-07-06,Delivered,Credit Card,South,0.15,20.08,Cleaning,Male,East,Gold
O189730,C00180,P0022,4,28.47,2025-07-06,Delayed,Credit Card,East,0.2,91.1,Cleaning,Other,West,Gold
O322634,C00485,P0006,1,32.92,2025-07-06,Cancelled,Bank Transfer,North,0.15,27.98,Cleaning,Male,South,Bronze
O144333,C00157,P0026,4,40.78,2025-07-06,Delayed,Bank Transfer,South,0.05,154.96,Storage,Female,South,Silver
O224477,C00216,P0005,4,42.94,2025-07-06,Delayed,Credit Card,North,0.15,146.0,Personal Care,Male,South,Bronze
O253644,C00060,P0014,3,39.38,2025-07-06,Cancelled,Credit Card,Central,0.05,112.23,Outdoors,Male,West,Gold
O512051,C00468,P0020,1,16.62,2025-07-06,Delayed,Credit Card,East,0.0,16.62,Cleaning,Female,North,Gold
O318141,C00493,P0018,4,39.28,2025-07-06,Cancelled,Credit Card,North,0.0,157.12,Storage,Female,South,Gold
O339326,C00262,P0019,4,46.86,2025-07-06,Cancelled,Credit Card,East,0.1,168.7,Kitchen,Female,South,Gold
O367048,C00491,P0026,2,24.06,2025-07-06,Delivered,PayPal,West,0.0,48.12,Storage,Other,Central,Gold
O609676,C00278,P0027,2,19.57,2025-07-06,Delayed,Bank Transfer,South,0.05,37.18,Outdoors,Female,Central,Bronze
O535433,C00379,P0024,3,29.17,2025-07-06,Delayed,Bank Transfer,South,0.0,87.51,Storage,Male,North,Gold
O881689,C00214,P0020,3,33.25,2025-07-06,Cancelled,PayPal,North,0.15,84.79,Cleaning,Other,East,Gold
O699550,C00283,P0001,5,45.51,2025-07-06,Delivered,PayPal,South,0.05,216.17,Storage,Female,East,Gold
O107935,C00138,P0010,4,36.67,2025-07-06,Delivered,Credit Card,Central,0.1,132.01,Cleaning,Female,East,Gold
O776763,C00014,P0006,3,22.52,2025-07-06,Delayed,Credit Card,East,0.1,60.8,Cleaning,Other,Central,Gold
O254935,C00434,P0007,5,30.11,2025-07-06,Cancelled,Bank Transfer,East,0.0,150.55,Personal Care,Male,West,Gold
O458746,C00081,P0015,4,24.88,2025-07-06,Delayed,Bank Transfer,East,0.1,89.57,Storage,Female,Central,Gold
O757954,C00242,P0008,3,22.55,2025-07-06,Delayed,Credit Card,Central,0.05,64.27,Storage,Female,West,Bronze
O424255,C00196,P0011,4,25.0,2025-07-06,Cancelled,Credit Card,Central,0.1,90.0,Kitchen,Female,South,Gold
O259845,C00202,P0005,2,8.69,2025-07-06,Cancelled,Bank Transfer,East,0.1,15.64,Personal Care,Female,Central,Bronze
O778909,C00153,P0005,3,20.88,2025-07-06,Delayed,Credit Card,West,0.05,59.51,Personal Care,Male,West,Gold
O893643,C00339,P0022,2,17.53,2025-07-06,Delivered,Credit Card,North,0.0,35.06,Cleaning,Female,North,Gold
O881192,C00405,P0011,1,8.74,2025-07-06,Delivered,Bank Transfer,Central,0.1,7.87,Kitchen,Other,West,Silver
O691329,C00176,P0024,1,47.59,2025-07-06,Delayed,Credit Card,East,0.1,42.83,Storage,Other,South,Bronze
O198717,C00158,P0027,1,20.87,2025-07-06,Delayed,Bank Transfer,West,0.05,19.83,Outdoors,Other,East,Bronze
O924241,C00473,P0005,2,42.86,2025-07-06,Delivered,PayPal,South,0.1,77.15,Personal Care,Male,North,Bronze
O430488,C00403,P0014,4,16.72,2025-07-06,Delivered,Credit Card,South,0.15,56.85,Outdoors,Female,East,Silver
O802324,C00138,P0016,2,40.54,2025-07-06,Cancelled,Credit Card,North,0.15,68.92,Cleaning,Female,East,Gold
O917531,C00198,P0027,4,46.36,2025-07-06,Delayed,PayPal,Central,0.05,176.17,Outdoors,Male,West,Gold
O534285,C00171,P0018,5,44.16,2025-07-06,Delivered,Bank Transfer,West,0.1,198.72,Storage,Male,Central,Silver
O144167,C00249,P0018,5,18.88,2025-07-06,Delivered,Credit Card,South,0.15,80.24,Storage,Male,South,Gold
O494686,C00240,P0007,4,42.58,2025-07-06,Cancelled,Credit Card,North,0.0,170.32,Personal Care,Female,North,Silver
O645130,C00059,P0019,4,16.35,2025-07-06,Delayed,Bank Transfer,East,0.1,58.86,Kitchen,Female,West,Bronze
O217294,C00078,P0013,2,23.66,2025-07-06,Delivered,Credit Card,North,0.1,42.59,Cleaning,Male,West,Gold
O349828,C00249,P0005,3,22.19,2025-07-06,Delayed,Credit Card,Central,0.15,56.58,Personal Care,Male,South,Gold
O686768,C00154,P0009,1,9.3,2025-07-06,Cancelled,Credit Card,Central,0.0,9.3,Outdoors,Other,East,Bronze
O989008,C00473,P0020,4,13.77,2025-07-06,Cancelled,Credit Card,South,0.1,49.57,Cleaning,Male,North,Bronze
O857974,C00322,P0007,3,25.89,2025-07-06,Delayed,Credit Card,North,0.0,77.67,Personal Care,Male,South,Gold
O114980,C00068,P0008,2,28.14,2025-07-06,Delayed,PayPal,South,0.0,56.28,Storage,Female,East,Gold
O457551,C00103,P0015,5,36.35,2025-07-06,Delayed,Credit Card,North,0.1,163.58,Storage,Male,Central,Gold
O153217,C00245,P0010,4,41.78,2025-07-06,Cancelled,Credit Card,West,0.15,142.05,Cleaning,Male,North,Gold
O673408,C00472,P0018,1,25.23,2025-07-06,Delivered,PayPal,South,0.2,20.18,Storage,Male,South,Silver
O430907,C00108,P0013,4,39.77,2025-07-06,Delayed,Credit Card,North,0.2,127.26,Cleaning,Female,West,Bronze
O541621,C00005,P0003,2,19.76,2025-07-06,Delayed,Credit Card,North,0.0,39.52,Cleaning,Male,West,Bronze
O344007,C00326,P0017,2,27.01,2025-07-06,Delivered,PayPal,West,0.15,45.92,Personal Care,Female,East,Gold
O391036,C00306,P0021,2,11.0,2025-07-06,Delivered,Bank Transfer,East,0.15,18.7,Kitchen,Female,Central,Gold
O136816,C00405,P0011,2,30.67,2025-07-06,Delayed,PayPal,West,0.05,58.27,Kitchen,Other,West,Silver
O490616,C00491,P0007,3,33.67,2025-07-06,Delayed,Credit Card,West,0.1,90.91,Personal Care,Other,Central,Gold
O697006,C00324,P0015,5,42.49,2025-07-06,Unknown,Credit Card,Central,0.1,191.2,Storage,Female,Central,Gold
O205719,C00296,P0023,2,10.12,2025-07-06,Delivered,Credit Card,East,0.0,20.24,Outdoors,Male,East,Gold
O121120,C00447,P0025,5,22.43,2025-07-06,Delivered,PayPal,North,0.2,89.72,Cleaning,Female,Central,Silver
O686503,C00309,P0025,2,11.7,2025-07-06,Delivered,Bank Transfer,Central,0.2,18.72,Cleaning,Other,South,Bronze
O579968,C00016,P0020,1,44.07,2025-07-06,Delayed,Credit Card,South,0.15,37.46,Cleaning,Other,North,Gold
O827277,C00139,P0008,2,18.87,2025-07-06,Delivered,PayPal,North,0.0,37.74,Storage,Other,Central,Bronze
O814283,C00083,P0017,5,25.12,2025-07-06,Delayed,PayPal,West,0.05,119.32,Personal Care,Female,Central,Silver
O494337,C00440,P0019,2,45.88,2025-07-06,Delivered,Credit Card,West,0.0,91.76,Kitchen,Other,North,Gold
O283897,C00447,P0023,4,41.34,2025-07-06,Delayed,Credit Card,Central,0.2,132.29,Outdoors,Female,Central,Silver
O962455,C00471,P0007,4,37.22,2025-07-06,Delivered,Credit Card,South,0.15,126.55,Personal Care,Unknown,Unknown,Unknown
O879292,C00385,P0004,2,16.57,2025-07-06,Delayed,PayPal,East,0.2,26.51,Kitchen,Male,South,Gold
O378625,C00195,P0023,4,35.45,2025-07-06,Delivered,Bank Transfer,North,0.1,127.62,Outdoors,Female,Central,Silver
O765338,C00093,P0021,3,42.28,2025-07-06,Delivered,Credit Card,East,0.1,114.16,Kitchen,Male,Central,Gold
O749214,C00480,P0010,5,29.93,2025-07-06,Cancelled,Credit Card,Central,0.1,134.68,Cleaning,Other,Central,Silver
O798323,C00430,P0012,3,43.77,2025-07-06,Delivered,Bank Transfer,East,0.15,111.61,Cleaning,Female,East,Gold
O388050,C00396,P0014,1,38.88,2025-07-06,Delayed,Credit Card,Central,0.15,33.05,Outdoors,Male,North,Gold
O861642,C00441,P0003,5,29.4,2025-07-06,Delayed,Bank Transfer,South,0.1,132.3,Cleaning,Female,South,Bronze
O904297,C00496,P0017,4,23.18,2025-07-06,Delivered,Credit Card,East,0.1,83.45,Personal Care,Female,Central,Gold
O967382,C00057,P0015,1,39.08,2025-07-06,Cancelled,PayPal,Central,0.0,39.08,Storage,Male,Central,Gold
O432247,C00058,P0013,2,18.79,2025-07-06,Delivered,Bank Transfer,South,0.0,37.58,Cleaning,Male,West,Gold
O755268,C00451,P0012,1,20.08,2025-07-06,Delivered,Bank Transfer,West,0.05,19.08,Cleaning,Female,North,Gold
O335686,C00082,P0004,2,35.43,2025-07-06,Cancelled,Credit Card,West,0.15,60.23,Kitchen,Female,North,Gold
O709870,C00221,P0028,5,43.41,2025-07-06,Delayed,Credit Card,West,0.1,195.34,Outdoors,Female,West,Silver
O992635,C00033,P0021,1,41.44,2025-07-06,Delivered,PayPal,North,0.05,39.37,Kitchen,Other,North,Gold
O342614,C00300,P0007,1,25.2,2025-07-06,Delivered,PayPal,Central,0.2,20.16,Personal Care,Female,East,Bronze
O315059,C00355,P0011,3,9.3,2025-07-06,Delivered,PayPal,Central,0.05,26.51,Kitchen,Female,East,Silver
O911695,C00417,P0008,1,20.21,2025-07-06,Delayed,Bank Transfer,East,0.1,18.19,Storage,Female,Central,Gold
O748753,C00248,P0009,1,20.69,2025-07-06,Cancelled,Credit Card,North,0.1,18.62,Outdoors,Female,West,Gold
O609760,C00122,P0022,5,25.43,2025-07-06,Delayed,PayPal,Central,0.1,114.44,Cleaning,Female,Central,Gold
O263214,C00050,P0004,1,49.83,2025-07-06,Delivered,Credit Card,Central,0.05,47.34,Kitchen,Female,West,Bronze
O739731,C00217,P0003,3,47.01,2025-07-06,Delivered,Credit Card,East,0.1,126.93,Cleaning,Female,South,Bronze
O154588,C00037,P0015,4,33.8,2025-07-06,Delayed,Credit Card,Central,0.0,135.2,Storage,Female,East,Gold
O780231,C00394,P0001,4,46.96,2025-07-06,Delivered,Credit Card,Central,0.1,169.06,Storage,Male,Central,Gold
O364385,C00426,P0023,1,13.46,2025-07-06,Delayed,PayPal,East,0.15,11.44,Outdoors,Male,East,Gold
O498642,C00401,P0009,1,36.77,2025-07-06,Delivered,Credit Card,Central,0.2,29.42,Outdoors,Male,Central,Bronze
O470152,C00245,P0023,1,35.61,2025-07-06,Delivered,PayPal,South,0.2,28.49,Outdoors,Male,North,Gold
O440222,C00116,P0022,4,15.06,2025-07-06,Delivered,Credit Card,East,0.15,51.2,Cleaning,Female,East,Silver
O931358,C00123,P0027,5,19.01,2025-07-06,Cancelled,PayPal,East,0.1,85.55,Outdoors,Female,Central,Gold
O953285,C00040,P0019,5,36.35,2025-07-06,Delayed,PayPal,East,0.1,163.58,Kitchen,Female,East,Gold
O669115,C00487,P0025,5,36.9,2025-07-06,Delayed,Bank Transfer,East,0.0,184.5,Cleaning,Female,North,Gold
O705250,C00465,P0015,4,48.81,2025-07-06,Delayed,Bank Transfer,West,0.0,195.24,Storage,Female,Central,Gold
O666618,C00303,P0005,4,23.11,2025-07-06,Delivered,Credit Card,Central,0.15,78.57,Personal Care,Other,Central,Bronze
O624423,C00002,P0028,4,47.75,2025-07-06,Delivered,Bank Transfer,South,0.2,152.8,Outdoors,Female,Central,Gold
O429842,C00014,P0023,1,25.29,2025-07-06,Delivered,Credit Card,Central,0.1,22.76,Outdoors,Other,Central,Gold
O795724,C00480,P0028,1,48.93,2025-07-06,Delivered,Bank Transfer,South,0.1,44.04,Outdoors,Other,Central,Silver
O882653,C00332,P0005,3,44.01,2025-07-06,Cancelled,Credit Card,South,0.2,105.62,Personal Care,Male,East,Silver
O143476,C00343,P0015,3,43.64,2025-07-06,Delivered,Bank Transfer,West,0.1,117.83,Storage,Other,East,Silver
O524187,C00287,P0015,3,31.63,2025-07-06,Delivered,Credit Card,South,0.05,90.15,Storage,Female,South,Gold
O122913,C00486,P0020,3,49.8,2025-07-06,Delayed,Credit Card,South,0.05,141.93,Cleaning,Male,East,Gold
O656581,C00321,P0003,5,47.35,2025-07-06,Delivered,Bank Transfer,Central,0.1,213.08,Cleaning,Male,West,Silver
O195557,C00088,P0007,5,26.32,2025-07-06,Delayed,PayPal,East,0.15,111.86,Personal Care,Male,West,Bronze
O154851,C00107,P0024,2,24.21,2025-07-06,Delivered,PayPal,West,0.1,43.58,Storage,Female,North,Silver
O829511,C00335,P0005,2,9.56,2025-07-06,Delayed,Bank Transfer,South,0.0,19.12,Personal Care,Male,South,Gold
O150383,C00094,P0022,1,42.46,2025-07-06,Delivered,Credit Card,East,0.1,38.21,Cleaning,Female,Central,Silver
O460331,C00461,P0022,4,19.29,2025-07-06,Delivered,PayPal,North,0.05,73.3,Cleaning,Female,South,Silver
O649194,C00433,P0028,2,29.52,2025-07-06,Delayed,Credit Card,Central,0.05,56.09,Outdoors,Female,Central,Silver
O779184,C00045,P0017,4,14.32,2025-07-06,Delivered,Credit Card,Central,0.1,51.55,Personal Care,Female,West,Bronze
O178240,C00478,P0013,5,33.22,2025-07-06,Delayed,Credit Card,Central,0.05,157.79,Cleaning,Female,South,Gold
O221796,C00319,P0017,4,23.71,2025-07-06,Delayed,Bank Transfer,South,0.1,85.36,Personal Care,Male,West,Gold
O830712,C00077,P0027,3,13.14,2025-07-06,Cancelled,PayPal,North,0.15,33.51,Outdoors,Female,Central,Gold
O916245,C00390,P0010,1,24.57,2025-07-06,Delayed,PayPal,South,0.1,22.11,Cleaning,Female,East,Silver
O725263,C00013,P0013,5,35.05,2025-07-06,Delayed,Credit Card,South,0.05,166.49,Cleaning,Female,West,Gold
O274451,C00432,P0007,4,23.9,2025-07-06,Delayed,Credit Card,Central,0.1,86.04,Personal Care,Female,North,Bronze
O884688,C00389,P0009,5,28.63,2025-07-06,Cancelled,Credit Card,South,0.1,128.84,Outdoors,Female,Central,Gold
O462702,C00279,P0001,2,16.63,2025-07-06,Delayed,PayPal,West,0.05,31.6,Storage,Other,West,Gold
O428227,C00224,P0010,5,12.04,2025-07-06,Delivered,Credit Card,South,0.1,54.18,Cleaning,Female,West,Gold
O771682,C00015,P0019,3,25.85,2025-07-06,Cancelled,Credit Card,West,0.15,65.92,Kitchen,Female,Central,Bronze
O773768,C00098,P0016,5,32.3,2025-07-06,Delayed,Bank Transfer,North,0.1,145.35,Cleaning,Female,East,Gold
O133035,C00424,P0015,1,43.71,2025-07-06,Delayed,Credit Card,East,0.0,43.71,Storage,Other,West,Silver
O951029,C00337,P0030,5,17.16,2025-07-06,Delayed,Credit Card,Central,0.15,72.93,Cleaning,Male,Central,Gold
O141798,C00300,P0030,5,23.18,2025-07-06,Delivered,Bank Transfer,West,0.1,104.31,Cleaning,Female,East,Bronze
O377376,C00022,P0027,4,36.68,2025-07-06,Delivered,PayPal,South,0.05,139.38,Outdoors,Female,West,Silver
O544940,C00223,P0017,4,32.38,2025-07-06,Delayed,Bank Transfer,North,0.2,103.62,Personal Care,Female,South,Gold
O829181,C00173,P0025,5,26.69,2025-07-06,Delivered,Credit Card,East,0.05,126.78,Cleaning,Female,West,Gold
O982766,C00034,P0014,5,43.81,2025-07-06,Delayed,PayPal,South,0.1,197.14,Outdoors,Female,Central,Gold
O473456,C00251,P0030,2,40.61,2025-07-06,Cancelled,Credit Card,South,0.1,73.1,Cleaning,Male,North,Gold
O695415,C00138,P0003,2,37.1,2025-07-06,Delivered,Credit Card,East,0.1,66.78,Cleaning,Female,East,Gold
O306639,C00330,P0017,4,25.75,2025-07-06,Delayed,PayPal,South,0.05,97.85,Personal Care,Other,West,Bronze
O768035,C00222,P0023,4,26.43,2025-07-06,Delayed,PayPal,East,0.0,105.72,Outdoors,Female,East,Silver
O897258,C00303,P0012,5,21.61,2025-07-06,Delivered,PayPal,South,0.05,102.65,Cleaning,Other,Central,Bronze
O937627,C00403,P0009,2,9.11,2025-07-06,Delivered,Bank Transfer,East,0.2,14.58,Outdoors,Female,East,Silver
O866632,C00138,P0014,3,9.78,2025-07-06,Delayed,PayPal,Central,0.1,26.41,Outdoors,Female,East,Gold
O359280,C00369,P0029,5,22.28,2025-07-06,Delivered,Credit Card,East,0.2,89.12,Cleaning,Other,West,Bronze
O543791,C00312,P0013,4,25.04,2025-07-06,Delivered,Credit Card,Central,0.05,95.15,Cleaning,Other,North,Gold
O434424,C00183,P0028,2,19.38,2025-07-06,Cancelled,Credit Card,North,0.0,38.76,Outdoors,Female,South,Gold
O514374,C00160,P0023,4,29.24,2025-07-06,Delivered,Credit Card,East,0.1,105.26,Outdoors,Other,Central,Gold
O435796,C00314,P0026,1,37.81,2025-07-06,Cancelled,Credit Card,North,0.1,34.03,Storage,Female,South,Gold
O799391,C00314,P0026,1,8.61,2025-07-06,Delayed,PayPal,North,0.1,7.75,Storage,Female,South,Gold
O691926,C00224,P0005,2,49.92,2025-07-06,Delivered,Credit Card,North,0.0,99.84,Personal Care,Female,West,Gold
O493426,C00236,P0023,4,23.78,2025-07-06,Delivered,Credit Card,East,0.15,80.85,Outdoors,Other,North,Gold
O131726,C00286,P0001,1,22.18,2025-07-06,Delivered,Bank Transfer,North,0.05,21.07,Storage,Female,South,Bronze
O936136,C00429,P0021,4,8.91,2025-07-06,Cancelled,PayPal,South,0.05,33.86,Kitchen,Female,Central,Bronze
O162875,C00245,P0003,2,11.04,2025-07-06,Delayed,Bank Transfer,South,0.05,20.98,Cleaning,Male,North,Gold
O681637,C00449,P0029,5,20.53,2025-07-06,Delivered,PayPal,East,0.1,92.38,Cleaning,Female,East,Silver
O452246,C00440,P0012,3,8.29,2025-07-06,Delayed,Credit Card,West,0.1,22.38,Cleaning,Other,North,Gold
O588103,C00344,P0020,4,12.04,2025-07-06,Delivered,Credit Card,East,0.15,40.94,Cleaning,Female,West,Gold
O345298,C00365,P0024,2,23.12,2025-07-06,Delivered,PayPal,South,0.05,43.93,Storage,Male,West,Silver
O259676,C00023,P0003,5,29.67,2025-07-06,Delivered,PayPal,East,0.2,118.68,Cleaning,Male,East,Gold
O418853,C00162,P0021,1,44.85,2025-07-06,Cancelled,Bank Transfer,West,0.15,38.12,Kitchen,Female,West,Silver
O279565,C00183,P0011,1,8.62,2025-07-06,Delayed,Bank Transfer,East,0.1,7.76,Kitchen,Female,South,Gold
O574734,C00411,P0005,4,39.78,2025-07-06,Delivered,Credit Card,East,0.15,135.25,Personal Care,Male,East,Gold
O305437,C00008,P0026,3,16.59,2025-07-06,Delivered,Bank Transfer,East,0.05,47.28,Storage,Male,Central,Gold
O276556,C00363,P0006,4,34.96,2025-07-06,Delivered,Credit Card,North,0.0,139.84,Cleaning,Male,West,Gold
O256320,C00429,P0022,5,14.43,2025-07-06,Delayed,Bank Transfer,East,0.1,64.94,Cleaning,Female,Central,Bronze
O894163,C00360,P0004,2,9.28,2025-07-06,Cancelled,Credit Card,Central,0.2,14.85,Kitchen,Other,East,Silver
O420008,C00203,P0025,5,22.29,2025-07-06,Delivered,Credit Card,South,0.15,94.73,Cleaning,Female,West,Gold
O858056,C00187,P0025,5,39.65,2025-07-06,Delayed,Credit Card,North,0.0,198.25,Cleaning,Female,Central,Gold
O342709,C00492,P0027,2,14.06,2025-07-06,Delayed,Credit Card,North,0.2,22.5,Outdoors,Male,Central,Gold
O423810,C00237,P0010,1,27.83,2025-07-06,Delayed,Bank Transfer,West,0.1,25.05,Cleaning,Female,South,Bronze
O653028,C00473,P0002,3,30.96,2025-07-06,Delivered,Credit Card,North,0.0,92.88,Cleaning,Male,North,Bronze
O214142,C00324,P0023,1,19.17,2025-07-06,Delayed,PayPal,West,0.05,18.21,Outdoors,Female,Central,Gold
O250466,C00288,P0028,3,35.36,2025-07-06,Cancelled,PayPal,North,0.1,95.47,Outdoors,Other,North,Bronze
O669391,C00365,P0018,1,30.73,2025-07-06,Delayed,Credit Card,East,0.1,27.66,Storage,Male,West,Silver
O644220,C00265,P0012,1,16.39,2025-07-06,Delivered,Credit Card,West,0.1,14.75,Cleaning,Male,West,Gold
O914329,C00124,P0004,4,8.09,2025-07-06,Delayed,PayPal,North,0.1,29.12,Kitchen,Female,North,Gold
O848134,C00161,P0011,2,29.94,2025-07-06,Delayed,Bank Transfer,East,0.2,47.9,Kitchen,Other,West,Silver
O344254,C00040,P0012,5,33.03,2025-07-06,Delayed,Bank Transfer,North,0.1,148.64,Cleaning,Female,East,Gold
O822742,C00299,P0002,2,34.38,2025-07-06,Delivered,PayPal,Central,0.1,61.88,Cleaning,Unknown,Central,Silver
O663482,UNKNOWN_CUSTOMER,P0029,3,18.89,2025-07-06,Cancelled,PayPal,West,0.05,53.84,Cleaning,Female,South,Bronze
O663482,UNKNOWN_CUSTOMER,P0029,3,18.89,2025-07-06,Cancelled,PayPal,West,0.05,53.84,Cleaning,Other,Central,Silver
O663482,UNKNOWN_CUSTOMER,P0029,3,18.89,2025-07-06,Cancelled,PayPal,West,0.05,53.84,Cleaning,Male,Central,Silver
O774094,C00305,P0024,2,13.07,2025-07-06,Delivered,Credit Card,East,0.15,22.22,Storage,Male,Central,Silver
O381084,C00326,P0001,1,20.5,2025-07-06,Delivered,PayPal,North,0.15,17.42,Storage,Female,East,Gold
O483215,C00464,P0006,1,18.9,2025-07-06,Cancelled,Credit Card,Central,0.15,16.06,Cleaning,Male,Central,Gold
O328687,C00233,P0027,3,48.62,2025-07-06,Delayed,Bank Transfer,South,0.1,131.27,Outdoors,Other,Central,Silver
O896446,C00395,P0014,5,9.21,2025-07-06,Delivered,Credit Card,South,0.05,43.75,Outdoors,Male,East,Gold
O588020,C00161,P0013,5,8.84,2025-07-06,Cancelled,Credit Card,West,0.15,37.57,Cleaning,Other,West,Silver
O687548,C00500,P0004,2,45.04,2025-07-06,Cancelled,Unknown,West,0.15,76.57,Kitchen,Male,North,Gold
O147181,C00479,P0022,5,25.34,2025-07-06,Delivered,Credit Card,East,0.1,114.03,Cleaning,Male,South,Gold
O593075,C00112,P0012,4,13.78,2025-07-06,Delivered,PayPal,West,0.0,55.12,Cleaning,Male,North,Bronze
O565819,C00023,P0005,5,42.62,2025-07-06,Delayed,Credit Card,Central,0.0,213.1,Personal Care,Male,East,Gold
UNKNOWN_ORDER,C00237,P0013,1,39.26,2025-07-06,Delayed,Credit Card,West,0.2,31.41,Cleaning,Female,South,Bronze
O171169,C00129,P0024,3,21.2,2025-07-06,Cancelled,Credit Card,Central,0.1,57.24,Storage,Female,West,Gold
O975839,C00485,P0017,3,24.58,2025-07-06,Cancelled,Credit Card,North,0.2,58.99,Personal Care,Male,South,Bronze
O519294,C00136,P0029,1,24.88,2025-07-06,Delivered,Credit Card,North,0.2,19.9,Cleaning,Male,Central,Gold
O801334,C00405,P0008,5,43.83,2025-07-06,Delivered,Bank Transfer,East,0.15,186.28,Storage,Other,West,Silver
O862387,C00492,P0024,5,30.57,2025-07-06,Delayed,PayPal,Central,0.1,137.56,Storage,Male,Central,Gold
O208235,C00303,P0012,1,21.04,2025-07-06,Delayed,Credit Card,Central,0.15,17.88,Cleaning,Other,Central,Bronze
O885156,C00308,P0016,4,21.79,2025-07-06,Delayed,Bank Transfer,East,0.15,74.09,Cleaning,Other,East,Bronze
O660174,C00129,P0006,3,24.59,2025-07-06,Delivered,Bank Transfer,Central,0.1,66.39,Cleaning,Female,West,Gold
O473706,C00095,P0025,5,11.87,2025-07-06,Delivered,Credit Card,Central,0.1,53.42,Cleaning,Male,Unknown,Gold
O338738,C00151,P0012,4,15.84,2025-07-06,Delivered,Credit Card,North,0.15,53.86,Cleaning,Female,Central,Gold
O725897,C00307,P0014,4,17.65,2025-07-06,Delivered,Credit Card,East,0.05,67.07,Outdoors,Male,South,Bronze
O735212,C00338,P0029,5,30.49,2025-07-06,Cancelled,Credit Card,North,0.05,144.83,Cleaning,Male,South,Gold
O147347,C00253,P0015,4,13.8,2025-07-06,Delayed,PayPal,North,0.15,46.92,Storage,Male,East,Gold
O547571,C00204,P0009,4,9.04,2025-07-06,Delayed,Credit Card,North,0.15,30.74,Outdoors,Female,South,Silver
O375240,C00297,P0019,4,24.62,2025-07-06,Delayed,Bank Transfer,North,0.1,88.63,Kitchen,Other,South,Silver
O422085,C00340,P0017,1,36.99,2025-07-06,Delayed,Credit Card,South,0.2,29.59,Personal Care,Male,Central,Bronze
O718740,C00477,P0028,1,37.18,2025-07-06,Delayed,Bank Transfer,North,0.2,29.74,Outdoors,Male,West,Bronze
O988124,C00335,P0023,1,41.95,2025-07-06,Delivered,PayPal,North,0.05,39.85,Outdoors,Male,South,Gold
O467892,C00035,P0025,1,42.54,2025-07-06,Delayed,Bank Transfer,East,0.05,40.41,Cleaning,Other,South,Silver
O595276,C00404,P0025,5,43.59,2025-07-06,Delayed,Credit Card,East,0.05,207.05,Cleaning,Male,East,Gold
O268087,C00176,P0017,1,16.4,2025-07-06,Delayed,Bank Transfer,Central,0.15,13.94,Personal Care,Other,South,Bronze
O853253,C00118,P0008,3,34.5,2025-07-06,Delivered,Credit Card,North,0.05,98.32,Storage,Male,East,Silver
O421603,C00364,P0013,4,27.97,2025-07-06,Delayed,Credit Card,North,0.2,89.5,Cleaning,Female,South,Silver
O539256,C00306,P0010,4,30.81,2025-07-06,Cancelled,Credit Card,North,0.1,110.92,Cleaning,Female,Central,Gold
O259687,C00196,P0018,4,21.52,2025-07-06,Delivered,Credit Card,East,0.05,81.78,Storage,Female,South,Gold
O313202,C00345,P0003,5,20.8,2025-07-06,Delayed,PayPal,North,0.15,88.4,Cleaning,Female,West,Gold
O164487,C00350,P0002,1,40.21,2025-07-06,Delayed,PayPal,South,0.15,34.18,Cleaning,Female,North,Silver
O202818,C00116,P0008,2,18.98,2025-07-06,Delivered,PayPal,North,0.2,30.37,Storage,Female,East,Silver
O924045,C00479,P0021,4,40.44,2025-07-06,Delivered,Credit Card,West,0.1,145.58,Kitchen,Male,South,Gold
O822353,C00048,P0007,1,26.41,2025-07-06,Delayed,Bank Transfer,West,0.0,26.41,Personal Care,Female,East,Gold
O261115,C00072,P0025,5,39.67,2025-07-06,Delayed,Credit Card,East,0.15,168.6,Cleaning,Female,East,Gold
O895098,C00298,P0006,2,11.68,2025-07-06,Delayed,Bank Transfer,West,0.05,22.19,Cleaning,Female,East,Bronze
O770630,C00354,P0017,2,8.85,2025-07-06,Delayed,Credit Card,Central,0.1,15.93,Personal Care,Male,Central,Silver
O450483,C00467,P0010,4,34.2,2025-07-06,Delivered,Credit Card,East,0.1,123.12,Cleaning,Other,North,Gold
O690808,C00001,P0024,5,21.12,2025-07-06,Cancelled,Bank Transfer,Central,0.0,105.6,Storage,Male,Central,Silver
O555342,C00057,P0011,2,17.08,2025-07-06,Cancelled,Credit Card,Central,0.05,32.45,Kitchen,Male,Central,Gold
O243405,C00395,P0003,5,44.94,2025-07-06,Delivered,Credit Card,West,0.0,224.7,Cleaning,Male,East,Gold
O684179,C00139,P0016,4,26.16,2025-07-06,Delayed,Bank Transfer,North,0.2,83.71,Cleaning,Other,Central,Bronze
O566226,C00141,P0025,1,14.46,2025-07-06,Delayed,Bank Transfer,West,0.1,13.01,Cleaning,Female,Central,Gold
O547053,C00315,P0021,1,11.8,2025-07-06,Cancelled,Credit Card,Central,0.05,11.21,Kitchen,Other,South,Gold
O380869,C00105,P0006,4,40.05,2025-07-06,Delivered,Credit Card,East,0.1,144.18,Cleaning,Male,West,Gold
O378230,C00496,P0015,5,48.0,2025-07-06,Cancelled,PayPal,North,0.1,216.0,Storage,Female,Central,Gold
O877478,C00293,P0027,5,11.45,2025-07-06,Cancelled,PayPal,South,0.0,57.25,Outdoors,Female,South,Silver
O590450,C00283,P0024,2,45.91,2025-07-06,Delivered,Credit Card,West,0.1,82.64,Storage,Female,East,Gold
O174098,C00191,P0011,4,29.47,2025-07-06,Cancelled,Credit Card,West,0.05,111.99,Kitchen,Other,East,Silver
O994508,C00490,P0019,4,38.16,2025-07-06,Delayed,PayPal,East,0.05,145.01,Kitchen,Male,North,Silver
O934833,C00259,P0019,5,40.4,2025-07-06,Delayed,Bank Transfer,East,0.15,171.7,Kitchen,Female,West,Gold
O237777,C00189,P0009,2,49.88,2025-07-06,Delivered,Credit Card,East,0.15,84.8,Outdoors,Male,North,Bronze
O520929,C00388,P0004,3,31.5,2025-07-06,Cancelled,Credit Card,West,0.0,94.5,Kitchen,Male,North,Gold
O127255,C00118,P0028,3,40.92,2025-07-06,Delivered,Credit Card,North,0.1,110.48,Outdoors,Male,East,Silver
O124099,C00002,P0029,4,10.19,2025-07-06,Delayed,PayPal,Central,0.1,36.68,Cleaning,Female,Central,Gold
O821166,C00297,P0013,2,21.51,2025-07-06,Delivered,Credit Card,Central,0.0,43.02,Cleaning,Other,South,Silver
O558160,C00436,P0011,3,49.68,2025-07-06,Delivered,Credit Card,West,0.0,149.04,Kitchen,Female,North,Gold
O530112,C00140,P0026,3,35.25,2025-07-06,Cancelled,Bank Transfer,South,0.1,95.18,Storage,Female,South,Silver
O789327,C00107,P0001,5,33.92,2025-07-06,Delayed,Credit Card,Central,0.15,144.16,Storage,Female,North,Silver
O520041,C00396,P0020,2,25.53,2025-07-06,Delivered,Credit Card,East,0.0,51.06,Cleaning,Male,North,Gold
O812856,C00178,P0011,5,28.67,2025-07-06,Delayed,Credit Card,South,0.05,136.18,Kitchen,Female,North,Silver
O405877,C00246,P0028,4,30.96,2025-07-06,Cancelled,Credit Card,West,0.1,111.46,Outdoors,Male,South,Gold
O129987,C00070,P0001,1,25.34,2025-07-06,Delivered,Credit Card,West,0.15,21.54,Storage,Male,Central,Gold
O780120,C00235,P0001,4,42.21,2025-07-06,Delivered,PayPal,South,0.1,151.96,Storage,Other,South,Silver
O670776,C00457,P0015,5,47.37,2025-07-06,Delivered,PayPal,East,0.15,201.32,Storage,Female,South,Gold
O562749,C00149,P0004,2,16.5,2025-07-06,Delivered,Credit Card,Central,0.1,29.7,Kitchen,Male,East,Gold
O219645,C00324,P0015,2,43.3,2025-07-06,Delivered,Bank Transfer,Central,0.05,82.27,Storage,Female,Central,Gold
O777494,C00384,P0011,1,39.37,2025-07-06,Delivered,PayPal,North,0.0,39.37,Kitchen,Female,South,Bronze
O237033,C00150,P0025,2,22.02,2025-07-06,Delivered,Credit Card,North,0.15,37.43,Cleaning,Female,West,Bronze
O648757,C00421,P0013,4,47.71,2025-07-06,Delivered,PayPal,North,0.15,162.21,Cleaning,Female,West,Gold
O647630,C00004,P0029,1,21.31,2025-07-06,Delivered,Credit Card,East,0.15,18.11,Cleaning,Female,Central,Gold
O651709,C00013,P0021,1,12.97,2025-07-06,Delayed,Credit Card,Central,0.2,10.38,Kitchen,Female,West,Gold
O544183,C00145,P0023,2,32.34,2025-07-06,Delivered,Credit Card,West,0.15,54.98,Outdoors,Male,Central,Bronze
O704629,C00075,P0011,4,16.78,2025-07-06,Delayed,PayPal,West,0.0,67.12,Kitchen,Other,North,Gold
O207449,C00059,P0016,4,18.09,2025-07-06,Delivered,Bank Transfer,West,0.15,61.51,Cleaning,Female,West,Bronze
O873643,C00383,P0018,2,27.28,2025-07-06,Delayed,Credit Card,Central,0.1,49.1,Storage,Female,North,Gold
O252666,C00286,P0006,2,45.68,2025-07-06,Delayed,Credit Card,North,0.0,91.36,Cleaning,Female,South,Bronze
O128974,C00061,P0014,2,24.23,2025-07-06,Cancelled,Credit Card,South,0.1,43.61,Outdoors,Female,North,Gold
O862195,C00434,P0014,3,45.33,2025-07-06,Delayed,PayPal,North,0.05,129.19,Outdoors,Male,West,Gold
O366703,C00097,P0002,3,31.25,2025-07-06,Delivered,Bank Transfer,West,0.1,84.38,Cleaning,Female,East,Silver
O471539,C00382,P0006,5,43.62,2025-07-06,Delayed,Credit Card,West,0.15,185.38,Cleaning,Female,East,Gold
O804552,C00184,P0027,3,31.04,2025-07-06,Delivered,Credit Card,East,0.15,79.15,Outdoors,Female,North,Silver
O357272,C00056,P0008,2,31.77,2025-07-06,Delivered,Bank Transfer,East,0.0,63.54,Storage,Male,South,Bronze
O774563,C00424,P0016,5,14.15,2025-07-06,Delayed,PayPal,East,0.05,67.21,Cleaning,Other,West,Silver
O934656,C00289,P0001,5,37.49,2025-07-06,Delivered,Bank Transfer,East,0.05,178.08,Storage,Female,West,Gold
O526816,C00146,P0029,1,29.25,2025-07-06,Delayed,PayPal,Central,0.0,29.25,Cleaning,Female,East,Silver
O620883,C00018,P0029,2,31.05,2025-07-06,Delayed,Credit Card,West,0.15,52.78,Cleaning,Female,North,Bronze
O234459,C00436,P0020,1,43.13,2025-07-06,Delayed,PayPal,East,0.0,43.13,Cleaning,Female,North,Gold
O508819,C00338,P0003,3,10.22,2025-07-06,Delivered,Credit Card,North,0.2,24.53,Cleaning,Male,South,Gold
O803369,C00025,P0025,3,19.25,2025-07-06,Delivered,PayPal,West,0.05,54.86,Cleaning,Female,North,Gold
O210647,C00474,P0017,3,26.97,2025-07-06,Delivered,Bank Transfer,North,0.1,72.82,Personal Care,Female,East,Bronze
O935826,C00349,P0003,3,47.14,2025-07-06,Cancelled,Credit Card,West,0.2,113.14,Cleaning,Female,East,Gold
O689778,C00050,P0012,2,40.78,2025-07-06,Delivered,Credit Card,South,0.2,65.25,Cleaning,Female,West,Bronze
O613412,C00153,P0013,3,43.99,2025-07-06,Delayed,Credit Card,North,0.15,112.17,Cleaning,Male,West,Gold
O553182,C00431,P0010,2,45.29,2025-07-06,Delayed,Bank Transfer,South,0.2,72.46,Cleaning,Female,Central,Gold
O713835,C00400,P0014,4,16.96,2025-07-06,Delayed,Credit Card,South,0.05,64.45,Outdoors,Male,Central,Gold
O288328,C00109,P0001,4,36.4,2025-07-06,Delayed,Credit Card,North,0.0,145.6,Storage,Other,East,Bronze
O715915,C00327,P0006,5,42.03,2025-07-06,Cancelled,Bank Transfer,Central,0.0,210.15,Cleaning,Male,East,Bronze
O704671,C00485,P0030,4,18.25,2025-07-06,Cancelled,Credit Card,East,0.1,65.7,Cleaning,Male,South,Bronze
O918997,C00179,P0015,2,40.85,2025-07-06,Delivered,Credit Card,East,0.0,81.7,Storage,Female,South,Gold
O993816,C00372,P0015,3,35.97,2025-07-06,Delayed,Credit Card,South,0.0,107.91,Storage,Unknown,Unknown,Unknown
O172437,C00497,P0007,3,49.03,2025-07-06,Cancelled,Bank Transfer,South,0.2,117.67,Personal Care,Unknown,West,Gold
O820253,C00011,P0012,3,29.74,2025-07-06,Delivered,Credit Card,Central,0.05,84.76,Cleaning,Other,East,Silver
O345973,C00439,P0007,2,14.74,2025-07-06,Delivered,PayPal,Central,0.05,28.01,Personal Care,Other,North,Bronze
O912757,C00248,P0025,1,29.3,2025-07-06,Delayed,Unknown,East,0.05,27.84,Cleaning,Female,West,Gold
O366447,C00410,P0023,4,17.36,2025-07-06,Delayed,Bank Transfer,North,0.1,62.5,Outdoors,Female,North,Silver
O363324,C00016,P0009,5,27.16,2025-07-06,Delayed,Credit Card,North,0.05,129.01,Outdoors,Other,North,Gold
O151706,C00032,P0011,5,43.37,2025-07-06,Delayed,Bank Transfer,North,0.2,173.48,Kitchen,Female,East,Gold
O786607,C00447,P0006,5,27.94,2025-07-06,Delivered,Bank Transfer,North,0.05,132.72,Cleaning,Female,Central,Silver
O156068,C00264,P0002,1,9.81,2025-07-06,Delayed,PayPal,North,0.15,8.34,Cleaning,Female,Central,Bronze
O305019,C00262,P0019,4,29.64,2025-07-06,Delayed,Credit Card,Central,0.1,106.7,Kitchen,Female,South,Gold
O236527,C00056,P0029,4,35.73,2025-07-06,Delayed,PayPal,West,0.1,128.63,Cleaning,Male,South,Bronze
O285283,C00353,P0006,3,45.28,2025-07-06,Delayed,PayPal,North,0.1,122.26,Cleaning,Other,West,Gold
O553829,C00295,P0029,4,41.74,2025-07-06,Delivered,Bank Transfer,East,0.1,150.26,Cleaning,Other,North,Bronze
O676664,C00213,P0013,5,32.49,2025-07-06,Delivered,PayPal,South,0.05,154.33,Cleaning,Female,South,Bronze
O837245,C00460,P0020,5,11.61,2025-07-06,Delivered,Credit Card,North,0.0,58.05,Cleaning,Other,West,Gold
O527528,C00350,P0006,3,37.57,2025-07-06,Delayed,Bank Transfer,South,0.1,101.44,Cleaning,Female,North,Silver
O715358,C00143,P0025,3,36.05,2025-07-06,Delivered,Credit Card,North,0.1,97.34,Cleaning,Other,Central,Gold
O672386,C00161,P0017,1,32.5,2025-07-06,Delayed,Credit Card,North,0.1,29.25,Personal Care,Other,West,Silver
O720995,C00320,P0008,2,15.03,2025-07-06,Delivered,Credit Card,South,0.0,30.06,Storage,Female,Central,Bronze
O193168,C00330,P0016,4,33.58,2025-07-06,Delayed,Bank Transfer,West,0.1,120.89,Cleaning,Other,West,Bronze
O805020,C00449,P0008,2,48.24,2025-07-06,Delivered,Bank Transfer,North,0.2,77.18,Storage,Female,East,Silver
O695243,C00082,P0023,4,25.0,2025-07-06,Delayed,Credit Card,West,0.05,95.0,Outdoors,Female,North,Gold
O894402,C00079,P0011,2,38.02,2025-07-06,Delivered,Bank Transfer,Central,0.1,68.44,Kitchen,Female,North,Bronze
O250741,C00348,P0008,1,35.05,2025-07-06,Delayed,Bank Transfer,East,0.05,33.3,Storage,Female,West,Gold
O583206,C00103,P0010,4,18.04,2025-07-06,Delivered,PayPal,East,0.05,68.55,Cleaning,Male,Central,Gold
O509145,C00322,P0017,5,23.37,2025-07-06,Cancelled,PayPal,South,0.2,93.48,Personal Care,Male,South,Gold
O882733,C00131,P0014,4,25.14,2025-07-06,Delayed,PayPal,East,0.0,100.56,Outdoors,Male,Central,Gold
O209681,C00037,P0007,2,38.18,2025-07-06,Delayed,PayPal,North,0.2,61.09,Personal Care,Female,East,Gold
O404148,C00460,P0020,5,13.08,2025-07-06,Cancelled,Credit Card,East,0.2,52.32,Cleaning,Other,West,Gold
O480589,C00472,P0022,1,39.56,2025-07-06,Delivered,Credit Card,South,0.05,37.58,Cleaning,Male,South,Silver
O312155,C00374,P0008,4,31.12,2025-07-06,Delivered,PayPal,North,0.2,99.58,Storage,Female,North,Gold
O923608,C00403,P0013,5,10.27,2025-07-06,Cancelled,PayPal,South,0.2,41.08,Cleaning,Female,East,Silver
O343188,C00090,P0017,5,26.8,2025-07-06,Delayed,Credit Card,East,0.15,113.9,Personal Care,Female,East,Unknown
O218660,C00231,P0014,1,20.37,2025-07-06,Delivered,PayPal,North,0.15,17.31,Outdoors,Male,Central,Silver
O675892,C00169,P0023,1,21.05,2025-07-06,Delayed,Credit Card,North,0.1,18.94,Outdoors,Female,East,Gold
O375721,C00110,P0002,3,33.16,2025-07-06,Delayed,Bank Transfer,West,0.15,84.56,Cleaning,Female,South,Gold
O438379,C00168,P0026,3,24.58,2025-07-06,Delivered,PayPal,South,0.1,66.37,Storage,Female,South,Bronze
O796311,C00019,P0020,3,18.12,2025-07-06,Delivered,Credit Card,Central,0.15,46.21,Cleaning,Female,East,Gold
O896617,C00050,P0014,5,38.61,2025-07-06,Delivered,PayPal,Central,0.05,183.4,Outdoors,Female,West,Bronze
O328722,C00267,P0014,3,19.26,2025-07-06,Delayed,Credit Card,North,0.0,57.78,Outdoors,Male,West,Bronze
O225052,C00147,P0007,1,22.18,2025-07-06,Delivered,Credit Card,West,0.1,19.96,Personal Care,Male,East,Gold
O651817,C00143,P0022,2,18.45,2025-07-06,Delayed,Credit Card,Central,0.0,36.9,Cleaning,Other,Central,Gold
O481907,C00115,P0025,4,8.44,2025-07-06,Delayed,Credit Card,North,0.15,28.7,Cleaning,Male,South,Bronze
O807620,C00380,P0028,2,31.83,2025-07-06,Delayed,Credit Card,Central,0.0,63.66,Outdoors,Male,South,Gold
O720749,C00207,P0011,3,17.41,2025-07-06,Cancelled,Credit Card,West,0.1,47.01,Kitchen,Female,Central,Gold
O842017,C00078,P0013,4,19.32,2025-07-06,Delayed,PayPal,North,0.1,69.55,Cleaning,Male,West,Gold
O605680,C00066,P0020,2,10.14,2025-07-06,Delayed,Bank Transfer,West,0.0,20.28,Cleaning,Other,South,Gold
O606964,C00497,P0026,1,33.69,2025-07-06,Delivered,Bank Transfer,Central,0.1,30.32,Storage,Unknown,West,Gold
O401865,C00190,P0025,2,44.43,2025-07-06,Cancelled,Bank Transfer,South,0.0,88.86,Cleaning,Male,Central,Gold
O177474,C00311,P0022,2,24.61,2025-07-06,Delayed,Credit Card,Central,0.1,44.3,Cleaning,Male,North,Gold
O477765,C00251,P0018,3,36.04,2025-07-06,Cancelled,PayPal,East,0.05,102.71,Storage,Male,North,Gold
O816423,C00173,P0016,5,8.02,2025-07-06,Delivered,PayPal,North,0.05,38.09,Cleaning,Female,West,Gold
O298129,C00441,P0006,5,28.03,2025-07-06,Cancelled,Credit Card,West,0.05,133.14,Cleaning,Female,South,Bronze
O353488,C00088,P0018,2,10.74,2025-07-06,Delivered,Credit Card,East,0.1,19.33,Storage,Male,West,Bronze
O184928,C00317,P0021,1,44.95,2025-07-06,Cancelled,Credit Card,South,0.05,42.7,Kitchen,Female,South,Gold
O569186,C00344,P0016,5,25.96,2025-07-06,Delayed,Bank Transfer,South,0.2,103.84,Cleaning,Female,West,Gold
O718120,C00349,P0016,5,48.43,2025-07-06,Delivered,Credit Card,Central,0.2,193.72,Cleaning,Female,East,Gold
O723079,C00369,P0003,3,46.78,2025-07-06,Cancelled,Credit Card,Central,0.0,140.34,Cleaning,Other,West,Bronze
O568622,C00091,P0004,3,34.14,2025-07-06,Delayed,Credit Card,Central,0.1,92.18,Kitchen,Male,West,Silver
O836686,C00144,P0020,5,33.66,2025-07-06,Delayed,PayPal,North,0.0,168.3,Cleaning,Female,East,Gold
O676059,C00317,P0013,2,38.2,2025-07-06,Delivered,Credit Card,West,0.2,61.12,Cleaning,Female,South,Gold
O720017,C00438,P0017,5,48.56,2025-07-06,Delivered,Credit Card,Central,0.1,218.52,Personal Care,Other,Central,Gold
O329855,C00067,P0027,3,31.17,2025-07-06,Delivered,PayPal,Central,0.1,84.16,Outdoors,Other,Central,Silver
O946258,C00024,P0025,1,26.5,2025-07-06,Delivered,Credit Card,West,0.2,21.2,Cleaning,Female,West,Silver
O194564,C00211,P0029,2,40.0,2025-07-06,Cancelled,Credit Card,South,0.1,72.0,Cleaning,Male,North,Silver
O327120,C00229,P0022,1,11.19,2025-07-06,Cancelled,Bank Transfer,South,0.2,8.95,Cleaning,Female,South,Bronze
O659539,C00475,P0012,4,22.1,2025-07-06,Delivered,PayPal,Central,0.15,75.14,Cleaning,Female,North,Bronze
O657628,C00121,P0025,4,20.57,2025-07-06,Delayed,Credit Card,Central,0.05,78.17,Cleaning,Female,West,Gold
O406359,C00287,P0018,3,25.75,2025-07-06,Delayed,Credit Card,South,0.0,77.25,Storage,Female,South,Gold
O385194,C00469,P0011,2,28.96,2025-07-06,Cancelled,Bank Transfer,Central,0.05,55.02,Kitchen,Female,North,Silver
O417322,C00161,P0022,5,39.98,2025-07-06,Delayed,PayPal,East,0.05,189.9,Cleaning,Other,West,Silver
O409756,C00023,P0025,5,27.9,2025-07-06,Delayed,Credit Card,East,0.2,111.6,Cleaning,Male,East,Gold
O993718,C00033,P0004,3,42.47,2025-07-06,Delivered,Bank Transfer,Central,0.0,127.41,Kitchen,Other,North,Gold
O711767,C00017,P0030,3,15.85,2025-07-06,Delivered,PayPal,Central,0.1,42.8,Cleaning,Male,West,Gold
O469057,C00058,P0023,4,42.15,2025-07-06,Delayed,Credit Card,South,0.05,160.17,Outdoors,Male,West,Gold
O923302,C00478,P0007,2,31.29,2025-07-06,Delayed,Credit Card,North,0.1,56.32,Personal Care,Female,South,Gold
O471253,C00271,P0010,2,44.44,2025-07-06,Cancelled,Credit Card,West,0.1,79.99,Cleaning,Female,West,Silver
O431449,C00110,P0025,4,30.71,2025-07-06,Cancelled,Credit Card,North,0.1,110.56,Cleaning,Female,South,Gold
O945946,C00366,P0022,3,10.96,2025-07-06,Delivered,Bank Transfer,West,0.05,31.24,Cleaning,Female,North,Bronze
O781756,C00204,P0023,3,8.15,2025-07-06,Delivered,Credit Card,Central,0.1,22.01,Outdoors,Female,South,Silver
O813781,C00140,P0015,2,27.54,2025-07-06,Delivered,Credit Card,West,0.1,49.57,Storage,Female,South,Silver
O494841,C00144,P0020,5,15.08,2025-07-06,Delayed,Credit Card,West,0.1,67.86,Cleaning,Female,East,Gold
O384801,C00401,P0014,1,24.61,2025-07-06,Delivered,PayPal,Central,0.2,19.69,Outdoors,Male,Central,Bronze
O226118,C00390,P0016,1,26.59,2025-07-06,Cancelled,PayPal,North,0.1,23.93,Cleaning,Female,East,Silver
O132423,C00018,P0004,4,46.73,2025-07-06,Delivered,Credit Card,Central,0.1,168.23,Kitchen,Female,North,Bronze
O176458,C00442,P0014,4,44.81,2025-07-06,Delivered,PayPal,Central,0.1,161.32,Outdoors,Male,North,Bronze
O697725,C00289,P0017,5,43.77,2025-07-06,Cancelled,Bank Transfer,Central,0.0,218.85,Personal Care,Female,West,Gold
O273863,C00428,P0010,3,24.89,2025-07-06,Delayed,Credit Card,Central,0.1,67.2,Cleaning,Female,North,Gold
O704720,C00028,P0011,1,17.44,2025-07-06,Delayed,Credit Card,South,0.1,15.7,Kitchen,Female,North,Gold
O946444,C00189,P0008,1,24.49,2025-07-06,Delayed,Bank Transfer,East,0.1,22.04,Storage,Male,North,Bronze
O308005,C00385,P0002,5,19.48,2025-07-06,Delivered,PayPal,West,0.15,82.79,Cleaning,Male,South,Gold
O493557,C00214,P0014,4,15.42,2025-07-06,Cancelled,Credit Card,West,0.1,55.51,Outdoors,Other,East,Gold
O213926,C00325,P0017,4,35.68,2025-07-06,Delayed,Credit Card,South,0.15,121.31,Personal Care,Male,West,Bronze
O227188,C00276,P0015,5,29.07,2025-07-06,Delayed,Credit Card,West,0.05,138.08,Storage,Female,West,Gold
O242148,C00030,P0017,4,29.71,2025-07-06,Delayed,PayPal,South,0.1,106.96,Personal Care,Male,North,Gold
O886467,C00445,P0027,5,35.87,2025-07-06,Delivered,Credit Card,North,0.1,161.42,Outdoors,Male,West,Silver
O362426,C00371,P0004,5,38.06,2025-07-06,Delayed,Credit Card,North,0.15,161.76,Kitchen,Other,North,Silver
O238898,C00445,P0014,5,22.13,2025-07-06,Delivered,Credit Card,South,0.15,94.05,Outdoors,Male,West,Silver
O431296,C00160,P0004,4,27.23,2025-07-06,Delayed,PayPal,Central,0.1,98.03,Kitchen,Other,Central,Gold
O399990,C00237,P0016,4,24.9,2025-07-06,Delayed,Credit Card,South,0.2,79.68,Cleaning,Female,South,Bronze
O132874,C00179,P0017,1,22.7,2025-07-06,Cancelled,PayPal,West,0.2,18.16,Personal Care,Female,South,Gold
O407951,C00433,P0006,2,25.62,2025-07-06,Delivered,PayPal,West,0.1,46.12,Cleaning,Female,Central,Silver
O896790,C00487,P0017,1,37.08,2025-07-06,Delayed,Credit Card,East,0.1,33.37,Personal Care,Female,North,Gold
O124495,C00310,P0024,5,44.0,2025-07-06,Delayed,Credit Card,North,0.2,176.0,Storage,Female,West,Gold
O956257,C00294,P0022,3,48.97,2025-07-06,Cancelled,PayPal,North,0.1,132.22,Cleaning,Male,West,Gold
O371359,C00431,P0013,5,42.38,2025-07-06,Cancelled,PayPal,North,0.05,201.3,Cleaning,Female,Central,Gold
O924705,C00303,P0008,3,21.17,2025-07-06,Delivered,Bank Transfer,South,0.0,63.51,Storage,Other,Central,Bronze
O219804,C00379,P0028,1,20.3,2025-07-06,Delayed,Bank Transfer,Central,0.15,17.26,Outdoors,Male,North,Gold
O772655,C00358,P0011,1,46.55,2025-07-06,Delayed,Credit Card,West,0.0,46.55,Kitchen,Female,West,Gold
O679674,C00446,P0027,1,35.8,2025-07-06,Delivered,Credit Card,North,0.05,34.01,Outdoors,Other,West,Silver
O192035,C00361,P0027,5,10.85,2025-07-06,Delivered,PayPal,South,0.1,48.82,Outdoors,Female,West,Bronze
O532522,C00373,P0030,4,26.06,2025-07-06,Delayed,Credit Card,West,0.1,93.82,Cleaning,Male,Central,Gold
O276813,C00053,P0008,3,46.43,2025-07-06,Delayed,Credit Card,South,0.2,111.43,Storage,Female,North,Gold
O732417,C00428,P0020,4,33.67,2025-07-06,Delivered,PayPal,South,0.1,121.21,Cleaning,Female,North,Gold
O250399,C00247,P0009,4,28.93,2025-07-06,Delivered,PayPal,South,0.1,104.15,Outdoors,Female,East,Silver
O516798,C00171,P0024,2,48.5,2025-07-06,Delayed,Credit Card,Central,0.2,77.6,Storage,Male,Central,Silver
O821690,C00121,P0029,3,11.76,2025-07-06,Delayed,Credit Card,East,0.1,31.75,Cleaning,Female,West,Gold
O644800,C00236,P0013,4,13.54,2025-07-06,Delayed,PayPal,South,0.2,43.33,Cleaning,Other,North,Gold
O154954,C00157,P0027,3,25.22,2025-07-06,Delayed,PayPal,West,0.2,60.53,Outdoors,Female,South,Silver
O596801,C00354,P0003,4,19.3,2025-07-06,Delayed,Credit Card,West,0.0,77.2,Cleaning,Male,Central,Silver
O577631,C00264,P0015,5,21.28,2025-07-06,Cancelled,Credit Card,Central,0.2,85.12,Storage,Female,Central,Bronze
O605402,C00133,P0028,2,25.5,2025-07-06,Delivered,PayPal,South,0.0,51.0,Outdoors,Female,Central,Bronze
O979156,C00195,P0018,2,11.29,2025-07-06,Delayed,PayPal,North,0.15,19.19,Storage,Female,Central,Silver
O564059,C00073,P0014,1,10.22,2025-07-06,Delivered,Credit Card,Central,0.0,10.22,Outdoors,Female,North,Silver
O323662,C00172,P0014,4,33.65,2025-07-06,Delayed,Credit Card,East,0.0,134.6,Outdoors,Female,East,Bronze
O275012,C00397,P0002,3,10.6,2025-07-06,Delayed,Credit Card,West,0.0,31.8,Cleaning,Female,North,Silver
O581903,C00494,P0012,4,8.05,2025-07-06,Delayed,Bank Transfer,Central,0.0,32.2,Cleaning,Female,North,Gold
O331217,C00450,P0008,5,25.18,2025-07-06,Cancelled,Credit Card,Central,0.2,100.72,Storage,Female,East,Gold
O953529,C00302,P0008,3,48.46,2025-07-06,Cancelled,Bank Transfer,West,0.1,130.84,Storage,Male,South,Silver
O437065,C00094,P0001,5,11.09,2025-07-06,Delayed,Credit Card,North,0.05,52.68,Storage,Female,Central,Silver
O237668,C00426,P0006,4,43.01,2025-07-06,Delivered,Credit Card,South,0.1,154.84,Cleaning,Male,East,Gold
O703460,C00480,P0006,5,48.43,2025-07-06,Delayed,Bank Transfer,North,0.1,217.94,Cleaning,Other,Central,Silver
O142016,C00371,P0004,2,14.22,2025-07-06,Delivered,Bank Transfer,North,0.0,28.44,Kitchen,Other,North,Silver
O525097,C00185,P0010,5,34.32,2025-07-06,Delivered,Bank Transfer,Central,0.1,154.44,Cleaning,Male,East,Silver
O938047,C00297,P0004,4,35.09,2025-07-06,Delivered,Credit Card,West,0.1,126.32,Kitchen,Other,South,Silver
O135475,C00456,P0004,5,9.38,2025-07-06,Delivered,PayPal,East,0.05,44.56,Kitchen,Male,East,Bronze
O879927,C00084,P0027,4,47.83,2025-07-06,Delayed,Credit Card,Central,0.2,153.06,Outdoors,Female,West,Gold
O898228,C00287,P0018,4,34.81,2025-07-06,Delivered,PayPal,North,0.05,132.28,Storage,Female,South,Gold
O402816,C00440,P0015,5,16.15,2025-07-06,Delayed,Credit Card,Central,0.0,80.75,Storage,Other,North,Gold
O834496,C00333,P0008,5,41.14,2025-07-06,Delayed,Credit Card,Central,0.05,195.42,Storage,Female,South,Bronze
O144230,C00058,P0015,2,19.94,2025-07-06,Delivered,PayPal,South,0.1,35.89,Storage,Male,West,Gold
O619235,C00276,P0016,1,48.97,2025-07-06,Cancelled,Credit Card,East,0.15,41.62,Cleaning,Female,West,Gold
O646486,C00316,P0020,1,14.9,2025-07-06,Delayed,Bank Transfer,North,0.1,13.41,Cleaning,Female,South,Gold
O723588,C00395,P0026,5,44.62,2025-07-06,Delayed,Bank Transfer,South,0.2,178.48,Storage,Male,East,Gold
O796513,C00067,P0025,2,20.89,2025-07-06,Delayed,Credit Card,East,0.05,39.69,Cleaning,Other,Central,Silver
O212788,C00190,P0011,3,28.68,2025-07-06,Delivered,Credit Card,Central,0.15,73.13,Kitchen,Male,Central,Gold
O793547,C00180,P0019,4,21.91,2025-07-06,Cancelled,Credit Card,North,0.05,83.26,Kitchen,Other,West,Gold
O225073,C00112,P0030,4,36.82,2025-07-06,Delivered,PayPal,South,0.1,132.55,Cleaning,Male,North,Bronze
O672504,C00471,P0019,2,30.52,2025-07-06,Cancelled,Bank Transfer,Central,0.0,61.04,Kitchen,Unknown,Unknown,Unknown
O774786,C00399,P0002,3,31.51,2025-07-06,Delivered,PayPal,West,0.1,85.08,Cleaning,Male,North,Bronze
O279994,C00298,P0012,3,24.93,2025-07-06,Delayed,Credit Card,Central,0.1,67.31,Cleaning,Female,East,Bronze
O372617,C00174,P0024,4,10.8,2025-07-06,Delivered,Bank Transfer,Central,0.2,34.56,Storage,Other,South,Bronze
O173252,C00359,P0014,4,9.18,2025-07-06,Delayed,Bank Transfer,South,0.2,29.38,Outdoors,Male,West,Gold
O718743,C00209,P0024,3,43.59,2025-07-06,Delivered,Credit Card,Central,0.0,130.77,Storage,Male,North,Silver
O955335,C00007,P0013,3,32.24,2025-07-06,Delivered,Credit Card,Central,0.15,82.21,Cleaning,Female,North,Gold
O154538,C00405,P0007,4,18.74,2025-07-06,Delayed,Bank Transfer,West,0.1,67.46,Personal Care,Other,West,Silver
O403817,C00303,P0007,2,30.9,2025-07-06,Delivered,Credit Card,North,0.15,52.53,Personal Care,Other,Central,Bronze
O762062,C00185,P0026,2,22.32,2025-07-06,Cancelled,Bank Transfer,West,0.1,40.18,Storage,Male,East,Silver
O738123,C00063,P0004,4,37.97,2025-07-06,Delayed,Credit Card,East,0.2,121.5,Kitchen,Male,North,Gold
O758100,C00441,P0022,4,39.7,2025-07-06,Delivered,Bank Transfer,South,0.1,142.92,Cleaning,Female,South,Bronze
O246773,C00461,P0023,4,24.73,2025-07-06,Cancelled,Credit Card,West,0.15,84.08,Outdoors,Female,South,Silver
O333988,C00374,P0020,1,48.63,2025-07-06,Delivered,PayPal,South,0.1,43.77,Cleaning,Female,North,Gold
O246132,C00393,P0030,1,33.75,2025-07-06,Delivered,PayPal,South,0.1,30.38,Cleaning,Female,North,Gold
O739468,C00191,P0011,3,46.21,2025-07-06,Delivered,Bank Transfer,West,0.2,110.9,Kitchen,Other,East,Silver
O239188,C00423,P0012,4,37.82,2025-07-06,Unknown,Credit Card,East,0.05,143.72,Cleaning,Male,East,Bronze
O834540,C00177,P0006,4,23.05,2025-07-06,Delivered,PayPal,South,0.2,73.76,Cleaning,Female,West,Gold
O136857,C00282,P0014,5,17.73,2025-07-06,Delivered,PayPal,North,0.1,79.79,Outdoors,Male,West,Bronze
O641690,C00275,P0017,3,15.19,2025-07-06,Cancelled,Credit Card,North,0.15,38.73,Personal Care,Other,West,Gold
O690965,C00400,P0025,4,14.57,2025-07-06,Delivered,Bank Transfer,West,0.1,52.45,Cleaning,Male,Central,Gold
O979665,C00287,P0010,1,33.79,2025-07-06,Cancelled,Credit Card,Central,0.0,33.79,Cleaning,Female,South,Gold
O974322,C00017,P0023,1,10.67,2025-07-06,Delayed,Credit Card,East,0.15,9.07,Outdoors,Male,West,Gold
O355741,C00031,P0027,1,30.56,2025-07-06,Delivered,Credit Card,North,0.2,24.45,Outdoors,Female,Central,Gold
O460530,C00478,P0011,4,17.4,2025-07-06,Delivered,Credit Card,Central,0.05,66.12,Kitchen,Female,South,Gold
O571214,C00050,P0012,3,14.5,2025-07-06,Cancelled,Credit Card,Central,0.1,39.15,Cleaning,Female,West,Bronze
O322800,C00389,P0010,4,28.29,2025-07-06,Delivered,PayPal,Central,0.2,90.53,Cleaning,Female,Central,Gold
O390931,C00390,P0017,5,32.92,2025-07-06,Cancelled,Credit Card,North,0.1,148.14,Personal Care,Female,East,Silver
O660480,C00455,P0002,3,13.88,2025-07-06,Cancelled,Bank Transfer,East,0.15,35.39,Cleaning,Male,South,Silver
O116360,C00137,P0023,3,14.71,2025-07-06,Delayed,Credit Card,East,0.1,39.72,Outdoors,Female,North,Bronze
O884022,C00375,P0007,2,19.31,2025-07-06,Cancelled,Credit Card,Central,0.05,36.69,Personal Care,Other,West,Silver
O869611,C00319,P0029,2,46.41,2025-07-06,Delayed,Credit Card,East,0.05,88.18,Cleaning,Male,West,Gold
O616515,C00316,P0008,3,15.09,2025-07-06,Delivered,Credit Card,East,0.05,43.01,Storage,Female,South,Gold
O754429,C00321,P0002,5,35.25,2025-07-06,Delivered,Credit Card,South,0.05,167.44,Cleaning,Male,West,Silver
O164269,C00127,P0026,2,32.76,2025-07-06,Delivered,Bank Transfer,West,0.1,58.97,Storage,Female,East,Silver
O375403,C00191,P0027,1,33.41,2025-07-06,Delayed,Credit Card,Central,0.1,30.07,Outdoors,Other,East,Silver
O553029,C00487,P0010,1,48.65,2025-07-06,Delayed,PayPal,North,0.05,46.22,Cleaning,Female,North,Gold
O382890,C00073,P0027,3,33.27,2025-07-06,Delayed,Bank Transfer,South,0.1,89.83,Outdoors,Female,North,Silver
O898882,C00256,P0028,2,28.05,2025-07-06,Delayed,Credit Card,North,0.1,50.49,Outdoors,Female,East,Gold
O575106,C00398,P0010,1,33.29,2025-07-06,Delivered,Credit Card,North,0.1,29.96,Cleaning,Other,Central,Bronze
O719025,C00226,P0026,5,32.29,2025-07-06,Delivered,Credit Card,North,0.1,145.3,Storage,Male,East,Gold
O700987,C00362,P0021,1,12.08,2025-07-06,Delivered,Bank Transfer,South,0.1,10.87,Kitchen,Male,East,Gold
O229741,C00334,P0024,5,43.04,2025-07-06,Delayed,Bank Transfer,West,0.1,193.68,Storage,Female,South,Gold
O883089,C00037,P0024,1,17.48,2025-07-06,Delayed,Credit Card,North,0.0,17.48,Storage,Female,East,Gold
O720149,C00322,P0004,5,40.84,2025-07-06,Delayed,Credit Card,South,0.1,183.78,Kitchen,Male,South,Gold
O784597,C00035,P0011,1,18.21,2025-07-06,Delivered,Bank Transfer,Central,0.05,17.3,Kitchen,Other,South,Silver
O295225,C00144,P0017,4,37.0,2025-07-06,Cancelled,Credit Card,East,0.2,118.4,Personal Care,Female,East,Gold
O998460,C00387,P0009,5,33.51,2025-07-06,Cancelled,Credit Card,West,0.05,159.17,Outdoors,Female,North,Gold
O317530,C00109,P0025,5,47.42,2025-07-06,Delivered,Credit Card,East,0.1,213.39,Cleaning,Other,East,Bronze
O436511,C00369,P0006,4,17.31,2025-07-06,Delivered,PayPal,Central,0.1,62.32,Cleaning,Other,West,Bronze
O710758,C00189,P0013,4,22.22,2025-07-06,Delayed,Bank Transfer,South,0.2,71.1,Cleaning,Male,North,Bronze
O484739,C00240,P0014,3,44.62,2025-07-06,Delivered,PayPal,South,0.0,133.86,Outdoors,Female,North,Silver
O615969,C00118,P0012,3,11.83,2025-07-06,Cancelled,Credit Card,North,0.0,35.49,Cleaning,Male,East,Silver
O887655,C00120,P0028,2,17.28,2025-07-06,Delivered,Bank Transfer,West,0.1,31.1,Outdoors,Female,West,Gold
O562997,C00062,P0026,3,43.55,2025-07-06,Delivered,PayPal,North,0.1,117.58,Storage,Male,West,Gold
O800103,C00198,P0023,1,26.72,2025-07-06,Delayed,Bank Transfer,Central,0.05,25.38,Outdoors,Male,West,Gold
O286237,C00267,P0017,3,24.98,2025-07-06,Delivered,PayPal,West,0.15,63.7,Personal Care,Male,West,Bronze
O137702,C00323,P0024,2,18.57,2025-07-06,Delayed,Credit Card,East,0.15,31.57,Storage,Other,South,Bronze
O961607,C00143,P0019,4,23.73,2025-07-06,Delayed,Credit Card,North,0.05,90.17,Kitchen,Other,Central,Gold
O540223,C00411,P0020,2,32.6,2025-07-06,Delayed,Bank Transfer,East,0.2,52.16,Cleaning,Male,East,Gold
O631072,C00475,P0006,2,11.35,2025-07-06,Delayed,Credit Card,North,0.0,22.7,Cleaning,Female,North,Bronze
O277217,C00140,P0025,4,31.97,2025-07-06,Delivered,Bank Transfer,North,0.1,115.09,Cleaning,Female,South,Silver
O767140,C00087,P0005,4,36.56,2025-07-06,Cancelled,PayPal,West,0.2,116.99,Personal Care,Female,North,Bronze
O918384,C00015,P0002,5,12.92,2025-07-06,Delayed,Bank Transfer,North,0.15,54.91,Cleaning,Female,Central,Bronze
O644080,C00286,P0012,3,29.48,2025-07-06,Delayed,Credit Card,Central,0.1,79.6,Cleaning,Female,South,Bronze
O584049,C00087,P0027,3,18.25,2025-07-06,Delivered,Credit Card,East,0.0,54.75,Outdoors,Female,North,Bronze
O905829,C00469,P0008,1,45.11,2025-07-06,Cancelled,Credit Card,West,0.15,38.34,Storage,Female,North,Silver
O556929,C00243,P0014,4,39.59,2025-07-06,Delayed,Credit Card,East,0.05,150.44,Outdoors,Other,West,Silver
O410816,C00265,P0013,1,33.22,2025-07-06,Delivered,Credit Card,East,0.05,31.56,Cleaning,Male,West,Gold
O628406,C00125,P0007,2,25.34,2025-07-06,Delivered,Bank Transfer,West,0.1,45.61,Personal Care,Female,South,Gold
O197119,C00172,P0016,4,28.09,2025-07-06,Delayed,Bank Transfer,North,0.05,106.74,Cleaning,Female,East,Bronze
O312424,C00033,P0007,5,44.91,2025-07-06,Cancelled,Credit Card,South,0.2,179.64,Personal Care,Other,North,Gold
O893715,C00390,P0014,5,42.79,2025-07-06,Cancelled,PayPal,West,0.05,203.25,Outdoors,Female,East,Silver
O347411,C00152,P0009,3,44.31,2025-07-06,Delivered,Credit Card,West,0.2,106.34,Outdoors,Other,North,Silver
O442638,C00273,P0024,2,37.71,2025-07-06,Delayed,PayPal,East,0.1,67.88,Storage,Male,Central,Gold
O410438,C00155,P0011,2,29.05,2025-07-06,Delivered,PayPal,West,0.1,52.29,Kitchen,Male,South,Gold
O277037,C00437,P0013,2,24.2,2025-07-06,Cancelled,Credit Card,Central,0.05,45.98,Cleaning,Other,West,Silver
O444202,C00328,P0004,3,29.05,2025-07-06,Delivered,Credit Card,North,0.05,82.79,Kitchen,Female,Central,Gold
O232345,C00357,P0024,5,30.48,2025-07-06,Delivered,Bank Transfer,West,0.05,144.78,Storage,Male,Central,Silver
O652584,C00174,P0014,4,27.82,2025-07-06,Cancelled,Credit Card,West,0.2,89.02,Outdoors,Other,South,Bronze
O479353,C00149,P0010,3,26.1,2025-07-06,Cancelled,Credit Card,North,0.1,70.47,Cleaning,Male,East,Gold
O674764,C00093,P0020,3,36.04,2025-07-06,Delivered,Bank Transfer,North,0.2,86.5,Cleaning,Male,Central,Gold
O690962,C00456,P0007,1,26.88,2025-07-06,Delivered,PayPal,South,0.0,26.88,Personal Care,Male,East,Bronze
O585612,C00120,P0010,1,26.37,2025-07-06,Delayed,Credit Card,West,0.1,23.73,Cleaning,Female,West,Gold
O418814,C00385,P0004,5,39.63,2025-07-06,Cancelled,PayPal,West,0.2,158.52,Kitchen,Male,South,Gold
O811856,C00450,P0025,3,25.39,2025-07-06,Delivered,PayPal,Central,0.15,64.74,Cleaning,Female,East,Gold
O706302,C00093,P0002,3,44.88,2025-07-06,Delivered,Credit Card,West,0.05,127.91,Cleaning,Male,Central,Gold
O913839,C00186,P0020,3,47.91,2025-07-06,Cancelled,PayPal,East,0.1,129.36,Cleaning,Female,North,Silver
O915981,C00486,P0008,2,34.45,2025-07-06,Delayed,Credit Card,South,0.15,58.57,Storage,Male,East,Gold
O834251,C00223,P0009,4,47.11,2025-07-06,Cancelled,Credit Card,South,0.1,169.6,Outdoors,Female,South,Gold
O971407,C00311,P0010,1,42.23,2025-07-06,Delivered,Bank Transfer,East,0.1,38.01,Cleaning,Male,North,Gold
O268538,C00051,P0010,1,43.03,2025-07-06,Cancelled,Credit Card,Central,0.2,34.42,Cleaning,Female,East,Gold
O459153,C00329,P0021,4,25.03,2025-07-06,Delayed,PayPal,West,0.1,90.11,Kitchen,Female,South,Gold
O131873,C00296,P0011,1,17.1,2025-07-06,Delayed,Bank Transfer,North,0.1,15.39,Kitchen,Male,East,Gold
O592365,C00176,P0028,1,38.55,2025-07-06,Delivered,Credit Card,North,0.0,38.55,Outdoors,Other,South,Bronze
O122574,C00215,P0029,2,12.7,2025-07-06,Delivered,Bank Transfer,Central,0.2,20.32,Cleaning,Male,North,Gold
O217677,C00471,P0006,1,48.22,2025-07-06,Delivered,Credit Card,West,0.1,43.4,Cleaning,Unknown,Unknown,Unknown
O216233,C00434,P0014,2,8.33,2025-07-06,Delivered,Bank Transfer,East,0.05,15.83,Outdoors,Male,West,Gold
O669351,C00262,P0010,3,20.93,2025-07-06,Delivered,Bank Transfer,West,0.1,56.51,Cleaning,Female,South,Gold
O430384,C00183,P0020,1,22.88,2025-07-06,Delivered,Credit Card,North,0.1,20.59,Cleaning,Female,South,Gold
O313762,C00197,P0006,5,49.64,2025-07-06,Delivered,Credit Card,East,0.2,198.56,Cleaning,Other,West,Gold
O863614,C00487,P0001,4,30.68,2025-07-06,Delivered,Bank Transfer,West,0.1,110.45,Storage,Female,North,Gold
O215019,C00270,P0015,4,48.22,2025-07-06,Delivered,Bank Transfer,West,0.15,163.95,Storage,Male,North,Silver
O358436,C00465,P0001,2,30.01,2025-07-06,Cancelled,Bank Transfer,West,0.0,60.02,Storage,Female,Central,Gold
O974922,C00006,P0021,3,18.9,2025-07-06,Delivered,PayPal,East,0.1,51.03,Kitchen,Male,Central,Bronze
O584638,C00129,P0024,3,47.31,2025-07-06,Delivered,Bank Transfer,West,0.15,120.64,Storage,Female,West,Gold
O131396,C00003,P0017,2,47.23,2025-07-06,Delayed,Bank Transfer,Central,0.05,89.74,Personal Care,Male,Central,Gold
O376439,C00091,P0009,2,19.78,2025-07-06,Cancelled,Credit Card,North,0.0,39.56,Outdoors,Male,West,Silver
O197489,C00447,P0029,1,47.74,2025-07-06,Delayed,Credit Card,Central,0.1,42.97,Cleaning,Female,Central,Silver
O156048,C00389,P0010,4,38.83,2025-07-06,Delivered,Bank Transfer,North,0.0,155.32,Cleaning,Female,Central,Gold
O154390,C00168,P0002,5,32.68,2025-07-06,Delayed,Bank Transfer,West,0.1,147.06,Cleaning,Female,South,Bronze
O662484,C00422,P0013,1,10.47,2025-07-06,Delayed,PayPal,Central,0.1,9.42,Cleaning,Other,North,Silver
O593460,C00194,P0030,2,8.42,2025-07-06,Delayed,Bank Transfer,Central,0.05,16.0,Cleaning,Female,Central,Gold
O547247,C00145,P0005,2,37.61,2025-07-06,Delayed,PayPal,East,0.05,71.46,Personal Care,Male,Central,Bronze
O489269,C00460,P0015,3,41.12,2025-07-06,Cancelled,Bank Transfer,East,0.0,123.36,Storage,Other,West,Gold
O458507,C00338,P0003,2,34.53,2025-07-06,Cancelled,Credit Card,West,0.1,62.15,Cleaning,Male,South,Gold
O364835,C00222,P0019,5,29.17,2025-07-06,Delayed,PayPal,Central,0.05,138.56,Kitchen,Female,East,Silver
O702019,C00148,P0022,1,34.28,2025-07-06,Delayed,Credit Card,Central,0.0,34.28,Cleaning,Male,West,Gold
O998015,C00261,P0029,2,8.37,2025-07-06,Delayed,Bank Transfer,West,0.1,15.07,Cleaning,Female,Central,Gold
O490290,C00009,P0004,4,23.0,2025-07-06,Delivered,Credit Card,East,0.2,73.6,Kitchen,Female,South,Silver
O863028,C00376,P0007,5,35.67,2025-07-06,Delayed,Bank Transfer,East,0.2,142.68,Personal Care,Female,South,Bronze
O769774,C00464,P0028,2,12.58,2025-07-06,Delivered,Credit Card,South,0.15,21.39,Outdoors,Male,Central,Gold
O350417,C00448,P0021,5,31.21,2025-07-06,Delivered,Bank Transfer,West,0.15,132.64,Kitchen,Female,South,Silver
O817407,C00082,P0011,3,43.86,2025-07-06,Cancelled,Credit Card,North,0.05,125.0,Kitchen,Female,North,Gold
O560431,C00408,P0014,4,34.63,2025-07-06,Delayed,Bank Transfer,South,0.0,138.52,Outdoors,Male,East,Bronze
O405129,C00197,P0004,2,25.81,2025-07-06,Delayed,Credit Card,Central,0.15,43.88,Kitchen,Other,West,Gold
O150852,C00324,P0003,2,24.04,2025-07-06,Delivered,PayPal,West,0.0,48.08,Cleaning,Female,Central,Gold
O383067,C00074,P0005,3,46.7,2025-07-06,Delayed,Credit Card,North,0.0,140.1,Personal Care,Male,North,Bronze
O455640,C00331,P0014,3,23.7,2025-07-06,Delivered,Credit Card,South,0.05,67.54,Outdoors,Female,West,Gold
O677021,C00331,P0009,5,18.13,2025-07-06,Delivered,Bank Transfer,West,0.05,86.12,Outdoors,Female,West,Gold
O719257,C00068,P0030,3,40.3,2025-07-06,Delivered,Bank Transfer,North,0.2,96.72,Cleaning,Female,East,Gold
O972542,C00330,P0008,4,9.52,2025-07-06,Delayed,Credit Card,South,0.15,32.37,Storage,Other,West,Bronze
O914674,C00294,P0007,1,18.86,2025-07-06,Cancelled,Credit Card,West,0.05,17.92,Personal Care,Male,West,Gold
O774761,C00294,P0002,2,9.64,2025-07-06,Delivered,Bank Transfer,South,0.15,16.39,Cleaning,Male,West,Gold
O950014,C00098,P0026,5,30.34,2025-07-06,Delayed,Credit Card,East,0.1,136.53,Storage,Female,East,Gold
O139220,C00376,P0012,2,13.29,2025-07-06,Delayed,Bank Transfer,East,0.1,23.92,Cleaning,Female,South,Bronze
O891276,C00366,P0025,4,13.12,2025-07-06,Cancelled,Credit Card,North,0.1,47.23,Cleaning,Female,North,Bronze
O316718,C00335,P0019,2,22.08,2025-07-06,Delayed,PayPal,Central,0.15,37.54,Kitchen,Male,South,Gold
O599773,C00500,P0016,4,10.51,2025-07-06,Delivered,Credit Card,West,0.2,33.63,Cleaning,Male,North,Gold
O399565,C00164,P0027,3,9.72,2025-07-06,Delayed,Bank Transfer,Central,0.05,27.7,Outdoors,Male,Central,Gold
O472671,C00390,P0009,4,39.48,2025-07-06,Delayed,Bank Transfer,North,0.05,150.02,Outdoors,Female,East,Silver
O789098,C00420,P0007,1,46.25,2025-07-06,Delivered,Bank Transfer,Central,0.1,41.62,Personal Care,Male,East,Bronze
O936792,C00493,P0012,2,15.07,2025-07-06,Cancelled,PayPal,North,0.1,27.13,Cleaning,Female,South,Gold
O915583,C00376,P0022,1,30.17,2025-07-06,Delayed,Credit Card,North,0.2,24.14,Cleaning,Female,South,Bronze
O843397,C00067,P0010,1,22.25,2025-07-06,Delayed,Credit Card,North,0.2,17.8,Cleaning,Other,Central,Silver
O783550,C00424,P0017,1,19.79,2025-07-06,Cancelled,Credit Card,North,0.1,17.81,Personal Care,Other,West,Silver
O398846,C00480,P0020,1,43.29,2025-07-06,Delivered,PayPal,South,0.15,36.8,Cleaning,Other,Central,Silver
O305085,C00430,P0014,4,16.43,2025-07-06,Delivered,Bank Transfer,North,0.1,59.15,Outdoors,Female,East,Gold
O835026,C00299,P0005,1,48.12,2025-07-06,Delayed,Bank Transfer,East,0.2,38.5,Personal Care,Unknown,Central,Silver
O115690,C00164,P0012,3,43.28,2025-07-06,Delivered,Credit Card,North,0.1,116.86,Cleaning,Male,Central,Gold
O132805,C00417,P0017,3,43.56,2025-07-06,Delayed,Bank Transfer,West,0.0,130.68,Personal Care,Female,Central,Gold
O556948,C00289,P0010,3,17.72,2025-07-06,Delayed,Credit Card,West,0.1,47.84,Cleaning,Female,West,Gold
O632828,C00150,P0004,3,12.94,2025-07-06,Delayed,Credit Card,North,0.0,38.82,Kitchen,Female,West,Bronze
O521677,C00344,P0003,4,26.51,2025-07-06,Delivered,Credit Card,East,0.1,95.44,Cleaning,Female,West,Gold
O679164,C00277,P0005,3,10.2,2025-07-06,Cancelled,Credit Card,West,0.2,24.48,Personal Care,Female,South,Gold
O400533,C00298,P0007,3,44.68,2025-07-06,Delayed,Bank Transfer,East,0.05,127.34,Personal Care,Female,East,Bronze
O402336,C00328,P0016,2,24.96,2025-07-06,Cancelled,Credit Card,East,0.2,39.94,Cleaning,Female,Central,Gold
O977714,C00006,P0011,4,27.61,2025-07-06,Delayed,Bank Transfer,West,0.1,99.4,Kitchen,Male,Central,Bronze
O125946,C00429,P0001,2,44.95,2025-07-06,Delivered,PayPal,East,0.05,85.4,Storage,Female,Central,Bronze
O327646,C00451,UNKNOWN_PRODUCT,4,29.16,2025-07-06,Delayed,Credit Card,West,0.15,99.14,Unknown,Female,North,Gold
O522551,C00381,P0001,2,23.27,2025-07-06,Delivered,Bank Transfer,South,0.0,46.54,Storage,Male,South,Gold
O463052,C00327,P0010,5,41.43,2025-07-06,Delivered,Credit Card,East,0.2,165.72,Cleaning,Male,East,Bronze
O561777,C00410,P0003,4,26.58,2025-07-06,Cancelled,Bank Transfer,Central,0.2,85.06,Cleaning,Female,North,Silver
O825608,C00297,P0028,1,30.78,2025-07-06,Delivered,PayPal,Central,0.05,29.24,Outdoors,Other,South,Silver
O337239,C00093,P0012,2,37.39,2025-07-06,Delivered,Bank Transfer,South,0.0,74.78,Cleaning,Male,Central,Gold
O960522,C00447,P0008,1,23.44,2025-07-06,Cancelled,Credit Card,South,0.05,22.27,Storage,Female,Central,Silver
O420706,C00343,P0008,3,38.82,2025-07-06,Cancelled,Credit Card,West,0.15,98.99,Storage,Other,East,Silver
O222052,C00050,P0028,5,21.06,2025-07-06,Delivered,Credit Card,West,0.0,105.3,Outdoors,Female,West,Bronze
O309129,C00346,P0016,3,34.19,2025-07-06,Cancelled,PayPal,East,0.05,97.44,Cleaning,Male,Unknown,Gold
O308939,C00321,P0002,2,12.59,2025-07-06,Cancelled,Credit Card,East,0.0,25.18,Cleaning,Male,West,Silver
O128984,C00405,P0015,2,11.26,2025-07-06,Delivered,Credit Card,North,0.0,22.52,Storage,Other,West,Silver
O601278,C00113,P0007,3,42.27,2025-07-06,Cancelled,PayPal,Central,0.15,107.79,Personal Care,Female,North,Gold
O176651,C00122,P0023,2,25.29,2025-07-06,Delivered,Bank Transfer,East,0.0,50.58,Outdoors,Female,Central,Gold
O227780,C00474,P0024,4,9.61,2025-07-06,Cancelled,Credit Card,North,0.2,30.75,Storage,Female,East,Bronze
O535844,C00181,P0021,2,10.47,2025-07-06,Cancelled,PayPal,South,0.0,20.94,Kitchen,Other,South,Bronze
O727225,C00375,P0018,3,43.05,2025-07-06,Delivered,PayPal,Central,0.2,103.32,Storage,Other,West,Silver
O608293,C00041,P0004,3,44.24,2025-07-06,Delayed,PayPal,South,0.05,126.08,Kitchen,Male,North,Bronze
O280733,C00097,P0013,4,29.62,2025-07-06,Delayed,Bank Transfer,North,0.1,106.63,Cleaning,Female,East,Silver
O295875,C00118,P0018,2,8.33,2025-07-06,Delivered,Bank Transfer,Central,0.2,13.33,Storage,Male,East,Silver
O916163,C00302,P0016,2,15.29,2025-07-06,Delayed,Bank Transfer,North,0.1,27.52,Cleaning,Male,South,Silver
O370282,C00457,P0007,1,21.11,2025-07-06,Cancelled,Credit Card,West,0.1,19.0,Personal Care,Female,South,Gold
O433724,C00451,P0027,1,19.8,2025-07-06,Delivered,Credit Card,South,0.2,15.84,Outdoors,Female,North,Gold
O931044,C00442,P0007,5,28.22,2025-07-06,Delayed,PayPal,West,0.1,126.99,Personal Care,Male,North,Bronze
O800532,C00500,P0011,3,31.8,2025-07-06,Delivered,Credit Card,West,0.1,85.86,Kitchen,Male,North,Gold
O646222,C00062,P0005,3,15.31,2025-07-06,Delayed,Credit Card,East,0.15,39.04,Personal Care,Male,West,Gold
O688321,C00126,P0028,3,24.49,2025-07-06,Delayed,PayPal,South,0.1,66.12,Outdoors,Female,West,Silver
O570467,C00038,P0020,4,29.47,2025-07-06,Delivered,Bank Transfer,North,0.1,106.09,Cleaning,Female,East,Gold
O219738,C00223,P0017,3,38.7,2025-07-06,Delayed,Bank Transfer,South,0.1,104.49,Personal Care,Female,South,Gold
O388845,C00108,P0010,5,39.96,2025-07-06,Delivered,PayPal,East,0.1,179.82,Cleaning,Female,West,Bronze
O821594,C00157,P0023,1,16.98,2025-07-06,Delayed,Bank Transfer,South,0.1,15.28,Outdoors,Female,South,Silver
O937652,C00443,P0008,1,42.11,2025-07-06,Delivered,Credit Card,West,0.1,37.9,Storage,Female,West,Silver
O278410,C00142,P0001,2,9.21,2025-07-06,Delivered,PayPal,Central,0.1,16.58,Storage,Other,East,Bronze
O316900,C00313,P0015,2,31.89,2025-07-06,Delivered,PayPal,Central,0.15,54.21,Storage,Male,East,Bronze
O305818,C00193,P0004,4,27.86,2025-07-06,Cancelled,Credit Card,Central,0.1,100.3,Kitchen,Female,South,Gold
O570608,C00106,P0017,3,15.93,2025-07-06,Delivered,Bank Transfer,East,0.0,47.79,Personal Care,Female,East,Gold
O656839,C00251,P0024,4,14.56,2025-07-06,Cancelled,Credit Card,Central,0.0,58.24,Storage,Male,North,Gold
O657915,C00447,P0012,2,19.61,2025-07-06,Delayed,PayPal,East,0.2,31.38,Cleaning,Female,Central,Silver
O978127,C00332,P0002,1,48.35,2025-07-06,Delivered,PayPal,North,0.2,38.68,Cleaning,Male,East,Silver
O737128,C00104,P0027,3,49.29,2025-07-06,Cancelled,Bank Transfer,East,0.1,133.08,Outdoors,Female,West,Silver
O911450,C00365,P0024,3,28.47,2025-07-06,Delayed,Credit Card,West,0.15,72.6,Storage,Male,West,Silver
O623596,C00226,P0015,1,29.89,2025-07-06,Delivered,Bank Transfer,North,0.1,26.9,Storage,Male,East,Gold
O660348,C00005,P0021,1,17.79,2025-07-06,Delivered,Credit Card,South,0.15,15.12,Kitchen,Male,West,Bronze
O418604,C00345,P0020,4,43.83,2025-07-06,Delayed,Credit Card,West,0.1,157.79,Cleaning,Female,West,Gold
O930311,C00147,P0011,3,25.73,2025-07-06,Delivered,Bank Transfer,Central,0.0,77.19,Kitchen,Male,East,Gold
O899262,C00059,P0020,5,41.32,2025-07-06,Delayed,Bank Transfer,Central,0.1,185.94,Cleaning,Female,West,Bronze
O587255,C00475,P0022,2,38.61,2025-07-06,Delayed,Credit Card,Central,0.1,69.5,Cleaning,Female,North,Bronze
O855785,C00389,P0024,1,45.02,2025-07-06,Delayed,Bank Transfer,Central,0.0,45.02,Storage,Female,Central,Gold
O974931,C00414,P0013,2,30.51,2025-07-06,Delivered,Credit Card,West,0.05,57.97,Cleaning,Male,South,Gold
O375193,C00121,P0015,3,37.01,2025-07-06,Delivered,Credit Card,East,0.1,99.93,Storage,Female,West,Gold
O567738,C00377,P0009,2,17.45,2025-07-06,Delayed,PayPal,South,0.05,33.15,Outdoors,Female,Central,Bronze
O406891,C00196,P0021,2,14.61,2025-07-06,Cancelled,Bank Transfer,South,0.0,29.22,Kitchen,Female,South,Gold
O865812,C00050,P0008,3,28.93,2025-07-06,Delayed,Credit Card,North,0.1,78.11,Storage,Female,West,Bronze
O756895,C00169,P0027,1,21.07,2025-07-06,Delivered,Credit Card,East,0.0,21.07,Outdoors,Female,East,Gold
O197697,C00321,P0027,4,43.24,2025-07-06,Cancelled,Bank Transfer,North,0.2,138.37,Outdoors,Male,West,Silver
O811164,C00408,P0005,5,42.75,2025-07-06,Delivered,Bank Transfer,North,0.15,181.69,Personal Care,Male,East,Bronze
O475776,C00200,P0003,3,44.43,2025-07-06,Delayed,PayPal,South,0.15,113.3,Cleaning,Male,East,Bronze
O851520,C00481,P0020,1,19.76,2025-07-06,Delayed,Credit Card,South,0.15,16.8,Cleaning,Female,North,Gold
O522423,C00255,P0011,5,40.62,2025-07-06,Delayed,Credit Card,West,0.15,172.64,Kitchen,Female,North,Gold
O470181,C00185,P0018,2,39.47,2025-07-06,Delivered,Credit Card,North,0.15,67.1,Storage,Male,East,Silver
O567994,C00425,P0016,4,30.57,2025-07-06,Delivered,Bank Transfer,North,0.0,122.28,Cleaning,Male,North,Bronze
O797593,C00339,P0012,3,35.44,2025-07-06,Delayed,Credit Card,North,0.15,90.37,Cleaning,Female,North,Gold
O517862,C00282,P0016,5,17.15,2025-07-06,Delayed,PayPal,North,0.1,77.18,Cleaning,Male,West,Bronze
O933198,C00098,P0009,3,28.1,2025-07-06,Delivered,PayPal,West,0.0,84.3,Outdoors,Female,East,Gold
O202909,C00373,P0001,4,25.67,2025-07-06,Delayed,Bank Transfer,East,0.05,97.55,Storage,Male,Central,Gold
O194473,C00142,P0016,1,14.93,2025-07-06,Delayed,Credit Card,East,0.1,13.44,Cleaning,Other,East,Bronze
O453032,C00050,P0006,5,25.51,2025-07-06,Delayed,Bank Transfer,South,0.15,108.42,Cleaning,Female,West,Bronze
O442355,C00185,P0001,4,28.59,2025-07-06,Delivered,Credit Card,South,0.1,102.92,Storage,Male,East,Silver
O132338,C00466,P0007,3,30.77,2025-07-06,Delivered,PayPal,North,0.0,92.31,Personal Care,Male,North,Gold
O831570,C00251,P0004,5,24.73,2025-07-06,Cancelled,Bank Transfer,South,0.1,111.29,Kitchen,Male,North,Gold
O638104,C00301,P0015,4,20.41,2025-07-06,Cancelled,Credit Card,East,0.15,69.39,Storage,Female,Central,Gold
O418288,C00219,P0016,5,18.11,2025-07-06,Cancelled,PayPal,Central,0.1,81.5,Cleaning,Female,South,Silver
O365484,C00498,P0015,5,46.08,2025-07-06,Delayed,Bank Transfer,West,0.2,184.32,Storage,Male,South,Silver
O121280,C00146,P0023,4,42.45,2025-07-06,Delayed,PayPal,East,0.0,169.8,Outdoors,Female,East,Silver
O999732,C00057,P0005,1,31.84,2025-07-06,Delivered,Credit Card,West,0.2,25.47,Personal Care,Male,Central,Gold
O282278,C00104,P0024,5,42.73,2025-07-06,Cancelled,Credit Card,Central,0.15,181.6,Storage,Female,West,Silver
O402557,C00144,P0006,2,33.58,2025-07-06,Delayed,PayPal,West,0.1,60.44,Cleaning,Female,East,Gold
O131855,C00362,P0013,5,42.46,2025-07-06,Delivered,Bank Transfer,Central,0.1,191.07,Cleaning,Male,East,Gold
O844927,C00450,P0004,5,25.58,2025-07-06,Cancelled,Bank Transfer,Central,0.15,108.71,Kitchen,Female,East,Gold
O310609,C00191,P0013,4,16.01,2025-07-06,Delayed,PayPal,West,0.0,64.04,Cleaning,Other,East,Silver
O759609,C00280,P0010,4,8.23,2025-07-06,Delayed,Credit Card,South,0.1,29.63,Cleaning,Male,Central,Gold
O917102,C00180,P0024,3,41.07,2025-07-06,Delayed,Bank Transfer,Central,0.1,110.89,Storage,Other,West,Gold
O247363,C00464,P0019,5,15.47,2025-07-06,Cancelled,PayPal,West,0.2,61.88,Kitchen,Male,Central,Gold
O270659,C00051,P0017,5,27.66,2025-07-06,Delivered,Bank Transfer,North,0.1,124.47,Personal Care,Female,East,Gold
O604662,C00060,P0003,2,29.59,2025-07-06,Delayed,Credit Card,West,0.15,50.3,Cleaning,Male,West,Gold
O831886,C00033,P0009,3,15.25,2025-07-06,Delayed,Bank Transfer,Central,0.1,41.18,Outdoors,Other,North,Gold
O175225,C00007,P0021,1,13.04,2025-07-06,Delayed,Credit Card,Central,0.05,12.39,Kitchen,Female,North,Gold
O546861,C00112,P0024,2,21.18,2025-07-06,Cancelled,Credit Card,North,0.0,42.36,Storage,Male,North,Bronze
O603813,C00111,P0001,2,29.74,2025-07-06,Cancelled,Credit Card,West,0.2,47.58,Storage,Other,East,Silver
O640483,C00072,P0013,3,48.92,2025-07-06,Delayed,PayPal,North,0.05,139.42,Cleaning,Female,East,Gold
O440789,C00055,P0029,4,26.8,2025-07-06,Delayed,Credit Card,West,0.15,91.12,Cleaning,Female,North,Gold
O550174,C00442,P0007,3,20.26,2025-07-06,Delivered,Credit Card,North,0.2,48.62,Personal Care,Male,North,Bronze
O929872,C00327,P0030,3,42.61,2025-07-06,Delayed,Bank Transfer,Central,0.0,127.83,Cleaning,Male,East,Bronze
O241728,C00221,P0018,4,19.24,2025-07-06,Delivered,Credit Card,East,0.05,73.11,Storage,Female,West,Silver
O917162,C00406,P0015,2,38.26,2025-07-06,Delayed,PayPal,North,0.0,76.52,Storage,Female,North,Bronze
O119934,C00145,P0018,1,31.5,2025-07-06,Delivered,Credit Card,East,0.2,25.2,Storage,Male,Central,Bronze
O236036,C00076,P0021,4,11.9,2025-07-06,Delivered,PayPal,East,0.0,47.6,Kitchen,Female,North,Gold
O500318,C00427,P0017,3,40.16,2025-07-06,Delivered,PayPal,Central,0.0,120.48,Personal Care,Unknown,South,Silver
O342162,C00044,P0027,4,19.85,2025-07-06,Delivered,Credit Card,Central,0.1,71.46,Outdoors,Female,Central,Gold
O897001,C00085,P0023,3,26.16,2025-07-06,Delivered,Bank Transfer,West,0.05,74.56,Outdoors,Male,South,Gold
O233307,C00155,P0030,5,44.7,2025-07-06,Cancelled,Bank Transfer,South,0.1,201.15,Cleaning,Male,South,Gold
O132602,C00156,P0002,2,21.23,2025-07-06,Delayed,PayPal,East,0.2,33.97,Cleaning,Female,South,Bronze
O215758,C00115,P0004,1,36.25,2025-07-06,Delayed,PayPal,Central,0.05,34.44,Kitchen,Male,South,Bronze
O665247,C00319,P0008,2,11.33,2025-07-06,Delivered,PayPal,South,0.2,18.13,Storage,Male,West,Gold
O477427,C00148,P0028,5,34.19,2025-07-06,Delivered,Credit Card,East,0.1,153.85,Outdoors,Male,West,Gold
O337356,C00455,P0015,4,31.86,2025-07-06,Delayed,PayPal,Central,0.05,121.07,Storage,Male,South,Silver
O746155,C00158,P0003,2,45.43,2025-07-06,Delivered,Credit Card,Central,0.1,81.77,Cleaning,Other,East,Bronze
O950472,C00287,P0015,2,35.43,2025-07-06,Delayed,Credit Card,South,0.1,63.77,Storage,Female,South,Gold
O740716,C00236,P0025,5,43.54,2025-07-06,Delayed,Bank Transfer,South,0.1,195.93,Cleaning,Other,North,Gold
O870220,C00327,P0018,2,29.15,2025-07-06,Delayed,Credit Card,West,0.1,52.47,Storage,Male,East,Bronze
O998987,C00248,P0022,2,32.3,2025-07-06,Cancelled,PayPal,South,0.1,58.14,Cleaning,Female,West,Gold
O478585,C00401,P0009,2,26.6,2025-07-06,Cancelled,Bank Transfer,North,0.2,42.56,Outdoors,Male,Central,Bronze
O601608,C00008,P0012,4,27.5,2025-07-06,Delivered,PayPal,East,0.2,88.0,Cleaning,Male,Central,Gold
O209513,C00169,P0011,2,42.02,2025-07-06,Cancelled,PayPal,North,0.0,84.04,Kitchen,Female,East,Gold
O189417,C00098,P0016,2,10.2,2025-07-06,Delayed,PayPal,West,0.2,16.32,Cleaning,Female,East,Gold
O593849,C00347,P0017,3,44.39,2025-07-06,Delivered,Bank Transfer,South,0.1,119.85,Personal Care,Male,East,Gold
O601053,C00030,P0020,2,10.53,2025-07-06,Delivered,Credit Card,South,0.2,16.85,Cleaning,Male,North,Gold
O879027,C00039,P0023,2,24.13,2025-07-06,Delivered,Credit Card,North,0.2,38.61,Outdoors,Other,South,Silver
O944370,C00291,P0022,3,34.5,2025-07-06,Cancelled,Credit Card,East,0.1,93.15,Cleaning,Other,East,Gold
O468663,C00267,P0018,4,32.01,2025-07-06,Delayed,PayPal,West,0.15,108.83,Storage,Male,West,Bronze
O521287,C00020,P0020,3,38.79,2025-07-06,Delayed,Bank Transfer,North,0.0,116.37,Cleaning,Female,East,Gold
O833864,C00170,P0027,3,20.55,2025-07-06,Delivered,Credit Card,East,0.0,61.65,Outdoors,Male,West,Gold
O816140,C00458,P0004,4,21.72,2025-07-06,Delivered,Credit Card,North,0.2,69.5,Kitchen,Other,North,Gold
O894470,C00028,P0012,2,14.88,2025-07-06,Delivered,Credit Card,North,0.1,26.78,Cleaning,Female,North,Gold
O532409,C00335,P0011,3,42.1,2025-07-06,Delivered,Credit Card,West,0.15,107.36,Kitchen,Male,South,Gold
O142838,C00119,P0015,5,27.91,2025-07-06,Delayed,Bank Transfer,North,0.05,132.57,Storage,Female,South,Silver
O398750,C00235,P0004,2,9.2,2025-07-06,Cancelled,Bank Transfer,Central,0.1,16.56,Kitchen,Other,South,Silver
O674500,C00438,P0021,2,33.5,2025-07-06,Delivered,PayPal,North,0.2,53.6,Kitchen,Other,Central,Gold
O752264,C00331,P0010,1,38.9,2025-07-06,Delayed,Credit Card,West,0.15,33.06,Cleaning,Female,West,Gold
O338447,C00288,P0024,5,37.11,2025-07-06,Cancelled,PayPal,West,0.1,167.0,Storage,Other,North,Bronze
O430604,C00238,P0014,2,20.28,2025-07-06,Delayed,Bank Transfer,East,0.2,32.45,Outdoors,Male,South,Silver
O603203,C00458,P0016,3,25.19,2025-07-06,Delayed,PayPal,Central,0.0,75.57,Cleaning,Other,North,Gold
O617147,C00019,P0030,3,11.79,2025-07-06,Delivered,PayPal,West,0.15,30.06,Cleaning,Female,East,Gold
O580435,C00129,P0005,1,13.09,2025-07-06,Delayed,Credit Card,East,0.1,11.78,Personal Care,Female,West,Gold
O296600,C00100,P0030,5,36.8,2025-07-06,Delivered,Credit Card,East,0.05,174.8,Cleaning,Male,South,Gold
O839596,C00017,P0025,3,47.06,2025-07-06,Delayed,Credit Card,Central,0.15,120.0,Cleaning,Male,West,Gold
O979301,C00490,P0010,4,36.87,2025-07-06,Delayed,Credit Card,North,0.05,140.11,Cleaning,Male,North,Silver
O742770,C00017,P0017,1,18.04,2025-07-06,Delivered,Bank Transfer,Central,0.1,16.24,Personal Care,Male,West,Gold
O284728,C00308,P0007,4,24.77,2025-07-06,Delivered,PayPal,West,0.05,94.13,Personal Care,Other,East,Bronze
O432951,C00100,P0029,4,18.0,2025-07-06,Delivered,PayPal,Central,0.1,64.8,Cleaning,Male,South,Gold
O516274,C00162,P0030,1,25.96,2025-07-06,Cancelled,PayPal,Central,0.2,20.77,Cleaning,Female,West,Silver
O356204,C00278,P0014,4,19.07,2025-07-06,Delayed,Credit Card,Central,0.15,64.84,Outdoors,Female,Central,Bronze
O931393,C00343,P0002,5,9.05,2025-07-06,Delivered,PayPal,West,0.15,38.46,Cleaning,Other,East,Silver
O661724,C00365,P0021,1,48.41,2025-07-06,Delivered,Bank Transfer,North,0.2,38.73,Kitchen,Male,West,Silver
O418966,C00309,P0026,5,16.72,2025-07-06,Cancelled,Credit Card,West,0.05,79.42,Storage,Other,South,Bronze
O547134,C00003,P0011,5,33.74,2025-07-06,Delivered,PayPal,South,0.2,134.96,Kitchen,Male,Central,Gold
O648326,C00381,P0013,5,17.82,2025-07-06,Cancelled,Credit Card,Central,0.15,75.74,Cleaning,Male,South,Gold
O588715,C00381,P0013,2,42.55,2025-07-06,Cancelled,Credit Card,East,0.0,85.1,Cleaning,Male,South,Gold
O919326,C00101,P0029,1,40.17,2025-07-06,Cancelled,Credit Card,Central,0.15,34.14,Cleaning,Male,West,Bronze
O887598,C00343,P0026,4,27.61,2025-07-06,Delayed,PayPal,North,0.15,93.87,Storage,Other,East,Silver
O824104,C00494,P0016,1,31.11,2025-07-06,Cancelled,Credit Card,Central,0.05,29.55,Cleaning,Female,North,Gold
O413447,C00273,P0008,3,12.28,2025-07-06,Delivered,Bank Transfer,North,0.05,35.0,Storage,Male,Central,Gold
O207719,C00135,P0013,5,43.54,2025-07-06,Cancelled,Bank Transfer,North,0.1,195.93,Cleaning,Male,East,Silver
O882319,C00485,P0027,1,33.64,2025-07-06,Delivered,Bank Transfer,South,0.0,33.64,Outdoors,Male,South,Bronze
O427455,C00382,P0023,5,36.44,2025-07-06,Delayed,Bank Transfer,West,0.15,154.87,Outdoors,Female,East,Gold
O952621,C00115,P0010,4,19.08,2025-07-06,Delayed,PayPal,West,0.1,68.69,Cleaning,Male,South,Bronze
O723619,C00200,P0009,3,46.53,2025-07-06,Cancelled,Bank Transfer,East,0.05,132.61,Outdoors,Male,East,Bronze
O802245,C00310,P0004,1,47.75,2025-07-06,Delayed,Credit Card,Central,0.0,47.75,Kitchen,Female,West,Gold
O331707,C00276,P0025,4,18.47,2025-07-06,Delayed,Bank Transfer,Central,0.1,66.49,Cleaning,Female,West,Gold
O621543,C00023,P0023,4,37.09,2025-07-06,Delivered,Credit Card,West,0.0,148.36,Outdoors,Male,East,Gold
O583570,C00366,P0029,2,21.75,2025-07-06,Delivered,PayPal,East,0.2,34.8,Cleaning,Female,North,Bronze
O309887,C00394,P0011,4,33.23,2025-07-06,Delivered,Bank Transfer,East,0.1,119.63,Kitchen,Male,Central,Gold
O826965,C00462,P0024,4,10.9,2025-07-06,Delivered,PayPal,South,0.2,34.88,Storage,Other,West,Gold
O949892,C00159,P0021,1,25.88,2025-07-06,Delayed,PayPal,West,0.1,23.29,Kitchen,Male,West,Bronze
O831063,C00446,P0009,1,12.92,2025-07-06,Delivered,Credit Card,West,0.05,12.27,Outdoors,Other,West,Silver
O954618,C00449,P0022,1,42.33,2025-07-06,Delivered,PayPal,North,0.15,35.98,Cleaning,Female,East,Silver
O629611,C00129,P0026,4,28.55,2025-07-06,Cancelled,Credit Card,West,0.15,97.07,Storage,Female,West,Gold
O562766,C00351,P0014,2,36.74,2025-07-06,Delivered,Credit Card,Central,0.15,62.46,Outdoors,Female,South,Gold
O958018,C00247,P0029,2,30.44,2025-07-06,Cancelled,Bank Transfer,East,0.2,48.7,Cleaning,Female,East,Silver
O729794,C00001,P0009,2,18.44,2025-07-06,Delayed,Credit Card,East,0.1,33.19,Outdoors,Male,Central,Silver
O928431,C00039,P0014,5,12.59,2025-07-06,Delayed,Credit Card,East,0.1,56.66,Outdoors,Other,South,Silver
O266540,C00022,P0023,1,31.16,2025-07-06,Delayed,Credit Card,West,0.1,28.04,Outdoors,Female,West,Silver
O288516,C00325,P0011,1,18.18,2025-07-06,Cancelled,Bank Transfer,East,0.2,14.54,Kitchen,Male,West,Bronze
O447137,C00416,P0011,2,33.83,2025-07-06,Delayed,Credit Card,Central,0.05,64.28,Kitchen,Female,West,Gold
O432437,C00087,P0011,2,29.2,2025-07-06,Delayed,PayPal,Central,0.0,58.4,Kitchen,Female,North,Bronze
O344632,C00125,P0030,3,43.13,2025-07-06,Delivered,Bank Transfer,Central,0.05,122.92,Cleaning,Female,South,Gold
O380237,C00313,P0016,3,8.58,2025-07-06,Cancelled,PayPal,South,0.2,20.59,Cleaning,Male,East,Bronze
O202634,C00197,P0025,1,34.16,2025-07-06,Delayed,PayPal,West,0.15,29.04,Cleaning,Other,West,Gold
O801075,C00136,P0018,5,19.21,2025-07-06,Delayed,Bank Transfer,West,0.05,91.25,Storage,Male,Central,Gold
O741986,C00126,P0025,2,9.12,2025-07-06,Delayed,PayPal,East,0.0,18.24,Cleaning,Female,West,Silver
O270971,C00259,P0015,3,11.29,2025-07-06,Cancelled,Credit Card,North,0.15,28.79,Storage,Female,West,Gold
O619110,C00498,P0019,4,40.8,2025-07-06,Delayed,PayPal,Central,0.2,130.56,Kitchen,Male,South,Silver
O479226,C00080,P0028,4,33.94,2025-07-06,Cancelled,PayPal,West,0.05,128.97,Outdoors,Female,North,Bronze
O960585,C00337,P0005,4,9.49,2025-07-06,Delayed,Credit Card,North,0.05,36.06,Personal Care,Male,Central,Gold
O966240,C00108,P0009,5,11.38,2025-07-06,Delivered,Bank Transfer,East,0.0,56.9,Outdoors,Female,West,Bronze
O420577,C00176,P0011,2,25.53,2025-07-06,Delivered,Credit Card,West,0.0,51.06,Kitchen,Other,South,Bronze
O970620,C00457,P0021,2,48.17,2025-07-06,Delayed,Credit Card,North,0.05,91.52,Kitchen,Female,South,Gold
O525820,C00174,P0021,4,43.05,2025-07-06,Delivered,Bank Transfer,East,0.15,146.37,Kitchen,Other,South,Bronze
O449109,C00299,P0004,3,25.71,2025-07-06,Delayed,Credit Card,South,0.1,69.42,Kitchen,Unknown,Central,Silver
O701780,C00226,P0023,1,37.45,2025-07-06,Delivered,Credit Card,North,0.15,31.83,Outdoors,Male,East,Gold
O310707,C00414,P0026,3,29.61,2025-07-06,Delivered,Credit Card,North,0.2,71.06,Storage,Male,South,Gold
O715373,C00170,P0022,1,22.29,2025-07-06,Delivered,PayPal,East,0.15,18.95,Cleaning,Male,West,Gold
O644385,C00054,P0007,2,44.34,2025-07-06,Delivered,Credit Card,South,0.2,70.94,Personal Care,Female,East,Silver
O400149,C00212,P0028,1,14.57,2025-07-06,Delivered,Bank Transfer,North,0.1,13.11,Outdoors,Male,West,Gold
O515400,C00389,P0027,2,22.04,2025-07-06,Delayed,PayPal,North,0.05,41.88,Outdoors,Female,Central,Gold
O888039,C00208,P0001,5,48.76,2025-07-06,Cancelled,Bank Transfer,South,0.0,243.8,Storage,Female,East,Silver
O535008,C00485,P0024,3,23.16,2025-07-06,Cancelled,Credit Card,South,0.1,62.53,Storage,Male,South,Bronze
O289193,C00396,P0003,1,48.37,2025-07-06,Cancelled,Credit Card,East,0.15,41.11,Cleaning,Male,North,Gold
O498100,C00237,P0011,3,42.91,2025-07-06,Delivered,Credit Card,East,0.1,115.86,Kitchen,Female,South,Bronze
O547066,C00048,P0016,2,21.72,2025-07-06,Delivered,PayPal,North,0.0,43.44,Cleaning,Female,East,Gold
O450494,C00495,P0011,2,10.73,2025-07-06,Delivered,Credit Card,North,0.1,19.31,Kitchen,Male,Central,Gold
O673721,C00335,P0005,4,49.16,2025-07-06,Delayed,Bank Transfer,Central,0.2,157.31,Personal Care,Male,South,Gold
O961839,C00226,P0029,4,39.67,2025-07-06,Delayed,Bank Transfer,West,0.1,142.81,Cleaning,Male,East,Gold
O415417,C00479,P0027,1,23.05,2025-07-06,Delivered,Bank Transfer,West,0.0,23.05,Outdoors,Male,South,Gold
O258903,C00396,P0007,1,43.52,2025-07-06,Delayed,Credit Card,South,0.05,41.34,Personal Care,Male,North,Gold
O373866,C00294,P0022,5,32.69,2025-07-06,Delayed,Credit Card,Central,0.1,147.1,Cleaning,Male,West,Gold
O289752,C00141,P0018,5,25.3,2025-07-06,Delivered,Credit Card,East,0.2,101.2,Storage,Female,Central,Gold
O474684,C00403,P0030,1,43.1,2025-07-06,Delivered,Bank Transfer,East,0.15,36.64,Cleaning,Female,East,Silver
O813647,C00054,P0010,1,37.75,2025-07-06,Delivered,Credit Card,North,0.05,35.86,Cleaning,Female,East,Silver
O834388,C00294,P0001,1,19.3,2025-07-06,Delivered,Credit Card,Central,0.1,17.37,Storage,Male,West,Gold
O828060,C00462,P0018,5,27.53,2025-07-06,Delivered,PayPal,Central,0.1,123.88,Storage,Other,West,Gold
O611624,C00358,P0004,4,46.76,2025-07-06,Delivered,Credit Card,South,0.1,168.34,Kitchen,Female,West,Gold
O384620,C00340,P0014,3,21.13,2025-07-06,Delivered,Credit Card,East,0.1,57.05,Outdoors,Male,Central,Bronze
O653462,C00152,P0007,1,25.2,2025-07-06,Delivered,Credit Card,South,0.15,21.42,Personal Care,Other,North,Silver
O406414,C00021,P0009,3,27.14,2025-07-06,Delayed,Credit Card,West,0.1,73.28,Outdoors,Male,South,Silver
O523938,C00321,P0005,2,28.45,2025-07-06,Delivered,Credit Card,South,0.2,45.52,Personal Care,Male,West,Silver
O156711,C00159,P0004,3,49.07,2025-07-06,Delivered,Credit Card,West,0.1,132.49,Kitchen,Male,West,Bronze
O689054,C00318,P0005,2,46.3,2025-07-06,Delivered,Bank Transfer,West,0.05,87.97,Personal Care,Female,West,Gold
O559255,C00033,P0027,4,42.76,2025-07-06,Cancelled,Bank Transfer,South,0.1,153.94,Outdoors,Other,North,Gold
O170016,C00368,P0029,2,31.31,2025-07-06,Delivered,PayPal,Central,0.1,56.36,Cleaning,Female,East,Silver
O414111,C00192,P0027,5,29.64,2025-07-06,Delivered,Credit Card,South,0.05,140.79,Outdoors,Female,West,Gold
O140000,C00361,P0001,3,24.28,2025-07-06,Cancelled,Credit Card,West,0.2,58.27,Storage,Female,West,Bronze
O165398,C00450,P0021,1,27.66,2025-07-06,Delivered,Credit Card,Central,0.1,24.89,Kitchen,Female,East,Gold
O788345,C00500,P0013,3,19.14,2025-07-06,Delivered,PayPal,Central,0.2,45.94,Cleaning,Male,North,Gold
O878285,C00188,P0021,4,37.65,2025-07-06,Delivered,Credit Card,East,0.2,120.48,Kitchen,Female,East,Gold
O431303,C00011,P0015,1,23.92,2025-07-06,Delivered,Credit Card,West,0.05,22.72,Storage,Other,East,Silver
O656468,C00186,P0004,5,28.82,2025-07-06,Delivered,Credit Card,North,0.05,136.89,Kitchen,Female,North,Silver
O744631,C00163,P0007,1,47.18,2025-07-06,Delivered,Credit Card,East,0.15,40.1,Personal Care,Female,Unknown,Silver
O920466,C00233,P0013,2,11.6,2025-07-06,Delivered,Bank Transfer,East,0.05,22.04,Cleaning,Other,Central,Silver
O813695,C00109,P0027,1,8.56,2025-07-06,Delivered,Credit Card,South,0.2,6.85,Outdoors,Other,East,Bronze
O871423,C00273,P0010,5,19.6,2025-07-06,Delayed,Credit Card,East,0.0,98.0,Cleaning,Male,Central,Gold
O557438,C00500,P0010,2,36.81,2025-07-06,Delayed,Credit Card,West,0.0,73.62,Cleaning,Male,North,Gold
O634163,C00461,P0022,2,16.77,2025-07-06,Delayed,Bank Transfer,North,0.0,33.54,Cleaning,Female,South,Silver
O465583,C00499,P0015,4,11.18,2025-07-06,Delayed,Credit Card,Central,0.15,38.01,Storage,Female,North,Gold
O159491,C00343,P0027,2,28.32,2025-07-06,Delivered,PayPal,South,0.1,50.98,Outdoors,Other,East,Silver
O714201,C00099,P0022,5,25.25,2025-07-06,Delivered,Credit Card,South,0.15,107.31,Cleaning,Female,South,Gold
O580736,C00362,P0009,3,20.27,2025-07-06,Delivered,Credit Card,South,0.0,60.81,Outdoors,Male,East,Gold
O737695,C00483,P0010,4,43.19,2025-07-06,Delivered,PayPal,East,0.1,155.48,Cleaning,Female,East,Gold
O184863,C00186,P0013,5,8.76,2025-07-06,Delayed,PayPal,North,0.05,41.61,Cleaning,Female,North,Silver
O704747,C00207,P0021,1,35.63,2025-07-06,Delivered,Bank Transfer,South,0.0,35.63,Kitchen,Female,Central,Gold
O314803,C00428,P0003,3,26.41,2025-07-06,Delivered,Bank Transfer,Central,0.1,71.31,Cleaning,Female,North,Gold
O466713,C00078,P0003,1,28.26,2025-07-06,Cancelled,Bank Transfer,North,0.2,22.61,Cleaning,Male,West,Gold
O496843,C00228,P0019,4,31.31,2025-07-06,Cancelled,Bank Transfer,North,0.2,100.19,Kitchen,Male,North,Silver
O762667,C00421,P0028,2,19.38,2025-07-06,Delivered,Credit Card,North,0.15,32.95,Outdoors,Female,West,Gold
O770781,C00363,P0026,3,13.78,2025-07-06,Delivered,PayPal,North,0.15,35.14,Storage,Male,West,Gold
O218718,C00062,P0010,5,27.68,2025-07-06,Delivered,Bank Transfer,East,0.1,124.56,Cleaning,Male,West,Gold
O814031,C00386,P0004,5,37.0,2025-07-06,Cancelled,PayPal,Central,0.1,166.5,Kitchen,Other,East,Gold
O331546,C00491,P0006,2,36.51,2025-07-06,Delayed,Credit Card,East,0.1,65.72,Cleaning,Other,Central,Gold
O306100,C00333,P0030,1,20.5,2025-07-06,Delayed,Bank Transfer,West,0.05,19.47,Cleaning,Female,South,Bronze
O929044,C00450,P0007,3,22.96,2025-07-06,Delivered,Credit Card,Central,0.2,55.1,Personal Care,Female,East,Gold
O220675,C00321,P0016,4,22.0,2025-07-06,Cancelled,Credit Card,West,0.2,70.4,Cleaning,Male,West,Silver
O858719,C00471,P0008,1,14.94,2025-07-06,Delayed,Credit Card,South,0.05,14.19,Storage,Unknown,Unknown,Unknown
O549871,C00240,P0007,5,49.62,2025-07-06,Delayed,Credit Card,West,0.0,248.1,Personal Care,Female,North,Silver
O207515,C00005,P0014,3,15.59,2025-07-06,Delayed,Credit Card,North,0.05,44.43,Outdoors,Male,West,Bronze
O244644,C00118,P0009,5,30.45,2025-07-06,Delayed,Credit Card,Central,0.2,121.8,Outdoors,Male,East,Silver
O183265,C00051,P0030,3,48.9,2025-07-06,Cancelled,Bank Transfer,Central,0.2,117.36,Cleaning,Female,East,Gold
O305454,C00380,P0007,4,18.96,2025-07-06,Delivered,PayPal,North,0.1,68.26,Personal Care,Male,South,Gold
O706557,C00177,P0004,2,28.92,2025-07-06,Delayed,Credit Card,West,0.2,46.27,Kitchen,Female,West,Gold
O525080,C00145,P0012,1,24.31,2025-07-06,Delayed,Bank Transfer,West,0.05,23.09,Cleaning,Male,Central,Bronze
O589407,C00134,P0016,5,32.97,2025-07-06,Delivered,PayPal,South,0.2,131.88,Cleaning,Male,South,Gold
O260956,C00351,P0013,2,24.37,2025-07-06,Delayed,Bank Transfer,East,0.15,41.43,Cleaning,Female,South,Gold
O548487,C00117,P0024,2,31.18,2025-07-06,Delivered,PayPal,Central,0.2,49.89,Storage,Female,North,Silver
O827803,C00246,P0007,3,20.46,2025-07-06,Cancelled,Bank Transfer,Central,0.0,61.38,Personal Care,Male,South,Gold
O278565,C00453,P0006,1,9.49,2025-07-06,Delayed,Bank Transfer,South,0.1,8.54,Cleaning,Male,West,Silver
O368331,C00268,P0019,5,28.61,2025-07-06,Delayed,PayPal,North,0.0,143.05,Kitchen,Male,East,Silver
O999888,C00180,P0024,5,29.85,2025-07-06,Delayed,Credit Card,North,0.0,149.25,Storage,Other,West,Gold
O179563,C00451,P0022,4,24.1,2025-07-06,Delayed,Credit Card,Central,0.05,91.58,Cleaning,Female,North,Gold
O189058,C00417,P0028,3,15.52,2025-07-06,Delivered,PayPal,West,0.1,41.9,Outdoors,Female,Central,Gold
O441468,C00290,P0004,1,49.45,2025-07-06,Delivered,Bank Transfer,Central,0.1,44.5,Kitchen,Male,South,Gold
O361211,C00363,P0017,2,27.98,2025-07-06,Cancelled,Bank Transfer,South,0.2,44.77,Personal Care,Male,West,Gold
O972075,C00385,P0020,3,48.95,2025-07-06,Delivered,Bank Transfer,North,0.05,139.51,Cleaning,Male,South,Gold
O425254,C00299,P0022,2,39.75,2025-07-06,Delayed,Bank Transfer,East,0.05,75.52,Cleaning,Unknown,Central,Silver
O208488,C00108,P0015,5,48.34,2025-07-06,Cancelled,Credit Card,Central,0.05,229.62,Storage,Female,West,Bronze
O656351,C00067,P0027,4,34.89,2025-07-06,Delayed,Bank Transfer,Central,0.1,125.6,Outdoors,Other,Central,Silver
O535019,C00026,P0021,5,33.58,2025-07-06,Delayed,Credit Card,South,0.2,134.32,Kitchen,Female,North,Gold
O539282,C00329,P0003,1,12.3,2025-07-06,Delayed,Credit Card,South,0.15,10.46,Cleaning,Female,South,Gold
O478702,C00160,P0021,1,25.26,2025-07-06,Delayed,Credit Card,North,0.1,22.73,Kitchen,Other,Central,Gold
O281217,C00126,P0009,2,46.73,2025-07-06,Delivered,Credit Card,West,0.1,84.11,Outdoors,Female,West,Silver
O901951,C00211,P0001,3,17.66,2025-07-06,Delivered,Bank Transfer,West,0.2,42.38,Storage,Male,North,Silver
O529086,C00449,P0027,2,14.79,2025-07-06,Cancelled,Credit Card,Central,0.1,26.62,Outdoors,Female,East,Silver
O675459,C00314,P0007,3,10.53,2025-07-06,Cancelled,Bank Transfer,Central,0.0,31.59,Personal Care,Female,South,Gold
O106347,C00169,P0030,3,12.35,2025-07-06,Delayed,Credit Card,West,0.1,33.34,Cleaning,Female,East,Gold
O580600,C00453,P0028,3,36.07,2025-07-06,Delayed,Credit Card,North,0.1,97.39,Outdoors,Male,West,Silver
O415494,C00325,P0006,2,18.13,2025-07-06,Delayed,PayPal,South,0.1,32.63,Cleaning,Male,West,Bronze
O903878,C00138,P0030,3,19.75,2025-07-06,Delivered,Credit Card,West,0.05,56.29,Cleaning,Female,East,Gold
O990980,C00310,P0019,5,19.94,2025-07-06,Delivered,Credit Card,South,0.2,79.76,Kitchen,Female,West,Gold
O181058,C00087,P0029,5,16.7,2025-07-06,Delayed,Credit Card,Central,0.1,75.15,Cleaning,Female,North,Bronze
O868518,C00157,P0010,2,26.02,2025-07-06,Delayed,Credit Card,South,0.05,49.44,Cleaning,Female,South,Silver
O199691,C00238,P0011,5,16.1,2025-07-06,Delivered,Credit Card,North,0.2,64.4,Kitchen,Male,South,Silver
O538559,C00069,P0006,2,43.09,2025-07-06,Delayed,PayPal,North,0.2,68.94,Cleaning,Female,North,Gold
O554623,C00211,P0002,2,45.67,2025-07-06,Delayed,Credit Card,West,0.15,77.64,Cleaning,Male,North,Silver
O281658,C00079,P0015,2,21.93,2025-07-06,Delivered,Bank Transfer,Central,0.05,41.67,Storage,Female,North,Bronze
O774643,C00374,P0014,3,10.5,2025-07-06,Cancelled,PayPal,Central,0.1,28.35,Outdoors,Female,North,Gold
O822153,C00255,P0010,2,12.29,2025-07-06,Delivered,PayPal,North,0.1,22.12,Cleaning,Female,North,Gold
O229160,C00243,P0029,4,8.91,2025-07-06,Delivered,Credit Card,West,0.05,33.86,Cleaning,Other,West,Silver
O344216,C00418,P0009,1,38.52,2025-07-06,Delivered,Credit Card,North,0.1,34.67,Outdoors,Male,North,Gold
O793059,C00102,P0030,2,20.41,2025-07-06,Cancelled,PayPal,North,0.15,34.7,Cleaning,Male,East,Bronze
O334065,C00447,P0014,5,19.67,2025-07-06,Delivered,Bank Transfer,South,0.15,83.6,Outdoors,Female,Central,Silver
O367207,C00336,P0019,5,13.39,2025-07-06,Delivered,Credit Card,Central,0.1,60.26,Kitchen,Female,East,Silver
O207161,C00114,P0012,2,22.75,2025-07-06,Cancelled,Bank Transfer,East,0.1,40.95,Cleaning,Male,North,Bronze
O188200,C00062,P0006,2,17.91,2025-07-06,Delayed,Credit Card,South,0.2,28.66,Cleaning,Male,West,Gold
O425784,C00441,P0012,5,14.66,2025-07-06,Cancelled,PayPal,West,0.05,69.63,Cleaning,Female,South,Bronze
O389815,C00062,P0002,1,43.69,2025-07-06,Cancelled,Credit Card,East,0.0,43.69,Cleaning,Male,West,Gold
O388836,C00097,P0001,5,8.87,2025-07-06,Cancelled,Bank Transfer,South,0.1,39.92,Storage,Female,East,Silver
O455168,C00323,P0019,3,18.81,2025-07-06,Delayed,PayPal,South,0.1,50.79,Kitchen,Other,South,Bronze
O602463,C00434,P0021,2,40.72,2025-07-06,Delivered,PayPal,North,0.0,81.44,Kitchen,Male,West,Gold
O895136,C00141,P0029,3,38.62,2025-07-06,Delayed,PayPal,South,0.1,104.27,Cleaning,Female,Central,Gold
O600037,C00086,P0019,5,8.64,2025-07-06,Delayed,Bank Transfer,East,0.05,41.04,Kitchen,Male,East,Bronze
O571034,C00447,P0027,5,12.05,2025-07-06,Delivered,Credit Card,South,0.0,60.25,Outdoors,Female,Central,Silver
O675033,C00441,P0025,2,48.49,2025-07-06,Delivered,Credit Card,West,0.1,87.28,Cleaning,Female,South,Bronze
O182687,C00473,P0009,5,39.44,2025-07-06,Cancelled,Credit Card,South,0.05,187.34,Outdoors,Male,North,Bronze
O562105,C00111,P0011,5,25.84,2025-07-06,Cancelled,PayPal,South,0.1,116.28,Kitchen,Other,East,Silver
O850705,C00370,P0026,1,39.61,2025-07-06,Delivered,Credit Card,East,0.1,35.65,Storage,Female,East,Gold
O881717,C00331,P0012,3,9.23,2025-07-06,Delivered,PayPal,South,0.0,27.69,Cleaning,Female,West,Gold
O418718,C00261,P0014,2,11.98,2025-07-06,Cancelled,PayPal,East,0.05,22.76,Outdoors,Female,Central,Gold
O136583,C00225,P0028,5,22.37,2025-07-06,Delivered,Bank Transfer,West,0.0,111.85,Outdoors,Female,South,Gold
O951100,C00166,P0024,1,18.14,2025-07-06,Delivered,Bank Transfer,East,0.2,14.51,Storage,Female,North,Gold
O662538,C00480,P0011,4,14.52,2025-07-06,Delivered,PayPal,Central,0.05,55.18,Kitchen,Other,Central,Silver
O133034,C00352,P0024,5,39.74,2025-07-06,Delivered,Credit Card,South,0.2,158.96,Storage,Other,West,Gold
O427632,C00248,P0022,4,30.07,2025-07-06,Delayed,Bank Transfer,South,0.1,108.25,Cleaning,Female,West,Gold
O626435,C00265,P0006,1,9.23,2025-07-06,Cancelled,Credit Card,Central,0.05,8.77,Cleaning,Male,West,Gold
O248549,C00216,P0008,4,47.55,2025-07-06,Delayed,PayPal,Central,0.1,171.18,Storage,Male,South,Bronze
O983263,C00034,P0013,3,8.83,2025-07-06,Cancelled,Bank Transfer,Central,0.1,23.84,Cleaning,Female,Central,Gold
O804757,C00321,P0008,2,15.77,2025-07-06,Delayed,Credit Card,South,0.2,25.23,Storage,Male,West,Silver
O961508,C00201,P0021,4,38.15,2025-07-06,Delayed,PayPal,East,0.0,152.6,Kitchen,Female,East,Gold
O131701,C00312,P0021,3,23.26,2025-07-06,Delayed,PayPal,West,0.05,66.29,Kitchen,Other,North,Gold
O815292,C00114,P0003,5,36.95,2025-07-06,Delayed,PayPal,South,0.2,147.8,Cleaning,Male,North,Bronze
O950094,C00202,P0027,2,38.47,2025-07-06,Delivered,Credit Card,South,0.2,61.55,Outdoors,Female,Central,Bronze
O409405,C00369,P0026,2,15.05,2025-07-06,Cancelled,Bank Transfer,Central,0.05,28.6,Storage,Other,West,Bronze
O560618,C00168,P0026,4,9.28,2025-07-06,Delayed,Credit Card,North,0.15,31.55,Storage,Female,South,Bronze
O688414,C00106,P0014,5,34.38,2025-07-06,Cancelled,Credit Card,North,0.15,146.12,Outdoors,Female,East,Gold
O997877,C00210,P0018,3,48.04,2025-07-06,Delivered,PayPal,West,0.05,136.91,Storage,Female,North,Silver
O239905,C00074,P0024,2,20.34,2025-07-06,Delayed,Credit Card,North,0.1,36.61,Storage,Male,North,Bronze
O329463,C00387,P0011,3,24.83,2025-07-06,Delivered,Bank Transfer,West,0.1,67.04,Kitchen,Female,North,Gold
O175581,C00037,P0011,4,35.47,2025-07-06,Delayed,Credit Card,South,0.15,120.6,Kitchen,Female,East,Gold
O218238,C00175,P0022,4,23.22,2025-07-06,Delivered,Credit Card,North,0.1,83.59,Cleaning,Male,North,Bronze
O398119,C00249,P0014,5,30.48,2025-07-06,Cancelled,PayPal,West,0.1,137.16,Outdoors,Male,South,Gold
O455787,C00029,P0023,4,19.78,2025-07-06,Delayed,Credit Card,West,0.0,79.12,Outdoors,Male,North,Silver
O758507,C00374,P0010,5,9.84,2025-07-06,Delivered,Credit Card,West,0.2,39.36,Cleaning,Female,North,Gold
O402997,C00392,P0010,4,10.13,2025-07-06,Delayed,Credit Card,West,0.15,34.44,Cleaning,Female,West,Gold
O227627,C00072,P0004,5,27.07,2025-07-06,Delayed,Credit Card,South,0.1,121.82,Kitchen,Female,East,Gold
O730314,C00175,P0016,2,29.08,2025-07-06,Delivered,Bank Transfer,West,0.1,52.34,Cleaning,Male,North,Bronze
O142443,C00345,P0018,4,39.93,2025-07-06,Delayed,Credit Card,North,0.0,159.72,Storage,Female,West,Gold
O995201,C00404,P0013,4,18.59,2025-07-06,Delayed,Credit Card,North,0.2,59.49,Cleaning,Male,East,Gold
O803584,C00148,P0017,2,25.96,2025-07-06,Delivered,Credit Card,Central,0.05,49.32,Personal Care,Male,West,Gold
O286762,C00414,P0025,5,27.86,2025-07-06,Delivered,Credit Card,South,0.0,139.3,Cleaning,Male,South,Gold
O254335,C00318,P0010,1,19.09,2025-07-06,Delayed,Credit Card,Central,0.1,17.18,Cleaning,Female,West,Gold
O315630,C00178,P0020,5,26.58,2025-07-06,Delivered,Bank Transfer,North,0.1,119.61,Cleaning,Female,North,Silver
O259978,C00305,P0023,2,25.51,2025-07-06,Cancelled,Bank Transfer,West,0.0,51.02,Outdoors,Male,Central,Silver
O524146,C00301,P0001,4,33.72,2025-07-06,Delivered,Credit Card,West,0.15,114.65,Storage,Female,Central,Gold
O426988,C00294,P0018,5,26.53,2025-07-06,Delayed,Credit Card,Central,0.1,119.38,Storage,Male,West,Gold
O782692,C00118,P0017,2,12.11,2025-07-06,Delivered,PayPal,West,0.0,24.22,Personal Care,Male,East,Silver
O425469,C00364,P0001,5,12.27,2025-07-06,Cancelled,Credit Card,South,0.15,52.15,Storage,Female,South,Silver
O397944,C00328,P0004,1,49.41,2025-07-06,Delivered,Credit Card,East,0.05,46.94,Kitchen,Female,Central,Gold
O664891,C00167,P0020,2,45.68,2025-07-06,Delayed,Bank Transfer,South,0.15,77.66,Cleaning,Female,Central,Gold
O469319,C00061,P0009,3,32.8,2025-07-06,Delivered,Credit Card,Central,0.0,98.4,Outdoors,Female,North,Gold
O982890,C00261,P0014,3,24.83,2025-07-06,Cancelled,Bank Transfer,West,0.2,59.59,Outdoors,Female,Central,Gold
O589461,C00082,P0010,3,19.67,2025-07-06,Cancelled,PayPal,East,0.1,53.11,Cleaning,Female,North,Gold
O962995,C00269,P0013,2,42.53,2025-07-06,Delayed,PayPal,East,0.05,80.81,Cleaning,Male,Central,Gold
O170067,C00041,P0027,2,35.05,2025-07-06,Delivered,PayPal,West,0.15,59.58,Outdoors,Male,North,Bronze
O130443,C00030,P0012,1,23.15,2025-07-06,Delayed,Credit Card,West,0.2,18.52,Cleaning,Male,North,Gold
O957285,C00225,P0021,3,46.18,2025-07-06,Delivered,Bank Transfer,Central,0.1,124.69,Kitchen,Female,South,Gold
O990779,C00356,P0008,1,38.43,2025-07-06,Delayed,Bank Transfer,East,0.2,30.74,Storage,Female,South,Gold
O356797,C00113,P0021,3,20.46,2025-07-06,Delivered,Bank Transfer,Central,0.0,61.38,Kitchen,Female,North,Gold
O609975,C00334,P0008,3,26.51,2025-07-06,Delayed,Credit Card,East,0.2,63.62,Storage,Female,South,Gold
O391456,C00351,P0001,4,11.29,2025-07-06,Delivered,Credit Card,East,0.1,40.64,Storage,Female,South,Gold
O206812,C00317,P0005,5,27.75,2025-07-06,Delayed,Credit Card,West,0.0,138.75,Personal Care,Female,South,Gold
O736616,C00486,P0024,3,23.07,2025-07-06,Delivered,Bank Transfer,East,0.1,62.29,Storage,Male,East,Gold
O533529,C00255,P0020,2,24.8,2025-07-06,Delivered,Credit Card,South,0.2,39.68,Cleaning,Female,North,Gold
O165922,C00352,P0020,2,32.71,2025-07-06,Delivered,Credit Card,Central,0.1,58.88,Cleaning,Other,West,Gold
O935984,C00256,P0028,3,48.28,2025-07-06,Cancelled,PayPal,Central,0.05,137.6,Outdoors,Female,East,Gold
O476234,C00292,P0015,2,32.35,2025-07-06,Cancelled,Credit Card,West,0.1,58.23,Storage,Female,Central,Gold
O608997,C00296,P0023,2,9.64,2025-07-06,Delivered,PayPal,North,0.2,15.42,Outdoors,Male,East,Gold
O301425,C00146,P0012,1,12.32,2025-07-06,Delayed,Bank Transfer,North,0.15,10.47,Cleaning,Female,East,Silver
O978547,C00441,P0002,3,19.06,2025-07-06,Delayed,Credit Card,Central,0.1,51.46,Cleaning,Female,South,Bronze
O116663,C00184,P0018,3,42.31,2025-07-06,Delayed,Credit Card,Central,0.15,107.89,Storage,Female,North,Silver
O109814,C00451,P0005,5,41.96,2025-07-06,Delayed,PayPal,Central,0.05,199.31,Personal Care,Female,North,Gold
O513691,C00491,P0028,2,9.87,2025-07-06,Delivered,Bank Transfer,West,0.15,16.78,Outdoors,Other,Central,Gold
O862059,C00286,P0011,4,13.24,2025-07-06,Delayed,Credit Card,North,0.1,47.66,Kitchen,Female,South,Bronze
O840627,C00175,P0023,2,40.51,2025-07-06,Delivered,Credit Card,North,0.15,68.87,Outdoors,Male,North,Bronze
O318597,C00165,P0018,3,15.73,2025-07-06,Delayed,Credit Card,North,0.0,47.19,Storage,Male,Central,Gold
O675518,C00467,P0020,4,44.75,2025-07-06,Delayed,Credit Card,North,0.2,143.2,Cleaning,Other,North,Gold
O759220,C00095,P0027,4,38.07,2025-07-06,Delayed,Bank Transfer,South,0.1,137.05,Outdoors,Male,Unknown,Gold
O320987,C00021,P0017,2,36.57,2025-07-06,Delayed,Credit Card,West,0.1,65.83,Personal Care,Male,South,Silver
O276883,C00376,P0010,3,26.01,2025-07-06,Delivered,Bank Transfer,West,0.2,62.42,Cleaning,Female,South,Bronze
O345174,C00356,P0007,3,41.82,2025-07-06,Cancelled,Credit Card,North,0.1,112.91,Personal Care,Female,South,Gold
O121860,C00137,P0003,4,35.95,2025-07-06,Delivered,Credit Card,South,0.1,129.42,Cleaning,Female,North,Bronze
O485007,C00014,P0005,1,17.69,2025-07-06,Delayed,Credit Card,East,0.1,15.92,Personal Care,Other,Central,Gold
O565018,C00005,P0027,4,9.84,2025-07-06,Cancelled,Bank Transfer,West,0.0,39.36,Outdoors,Male,West,Bronze
O476037,C00368,P0025,2,19.84,2025-07-06,Cancelled,Bank Transfer,West,0.0,39.68,Cleaning,Female,East,Silver
O530888,C00193,P0023,5,30.56,2025-07-06,Delivered,Credit Card,West,0.1,137.52,Outdoors,Female,South,Gold
O659952,C00212,P0017,5,29.34,2025-07-06,Delayed,Bank Transfer,East,0.0,146.7,Personal Care,Male,West,Gold
O512516,C00185,P0011,3,28.93,2025-07-06,Delayed,PayPal,West,0.1,78.11,Kitchen,Male,East,Silver
O921260,C00074,P0014,5,43.24,2025-07-06,Cancelled,Bank Transfer,Central,0.05,205.39,Outdoors,Male,North,Bronze
O129008,C00223,P0007,5,23.11,2025-07-06,Delayed,PayPal,South,0.1,104.0,Personal Care,Female,South,Gold
O882299,C00440,P0015,4,22.61,2025-07-06,Cancelled,Credit Card,Central,0.05,85.92,Storage,Other,North,Gold
O137720,C00034,P0018,4,22.01,2025-07-06,Delayed,Credit Card,West,0.2,70.43,Storage,Female,Central,Gold
O293726,C00163,P0013,5,49.96,2025-07-06,Delivered,Bank Transfer,East,0.2,199.84,Cleaning,Female,Unknown,Silver
O962974,C00428,P0030,1,9.95,2025-07-06,Delayed,PayPal,South,0.15,8.46,Cleaning,Female,North,Gold
O766149,C00389,P0007,4,38.15,2025-07-06,Delivered,PayPal,North,0.2,122.08,Personal Care,Female,Central,Gold
O910292,C00133,P0015,4,36.82,2025-07-06,Delayed,Credit Card,West,0.0,147.28,Storage,Female,Central,Bronze
O514215,C00065,P0023,4,12.17,2025-07-06,Delivered,PayPal,Central,0.05,46.25,Outdoors,Male,North,Gold
O568525,C00217,P0024,2,14.45,2025-07-06,Delayed,Bank Transfer,West,0.05,27.46,Storage,Female,South,Bronze
O797030,C00495,P0026,1,14.96,2025-07-06,Delayed,PayPal,South,0.15,12.72,Storage,Male,Central,Gold
O147468,C00038,P0026,2,45.78,2025-07-06,Cancelled,PayPal,Central,0.15,77.83,Storage,Female,East,Gold
O940954,C00498,P0011,5,18.61,2025-07-06,Delayed,Bank Transfer,Central,0.1,83.74,Kitchen,Male,South,Silver
O514358,C00288,P0027,1,41.71,2025-07-06,Delivered,PayPal,South,0.2,33.37,Outdoors,Other,North,Bronze
O804964,C00479,P0020,2,48.35,2025-07-06,Delayed,PayPal,East,0.1,87.03,Cleaning,Male,South,Gold
O362527,C00377,P0023,2,22.8,2025-07-06,Cancelled,Bank Transfer,West,0.2,36.48,Outdoors,Female,Central,Bronze
O223845,C00225,P0029,1,35.84,2025-07-06,Delayed,Credit Card,East,0.0,35.84,Cleaning,Female,South,Gold
O553852,C00461,P0015,3,16.72,2025-07-06,Cancelled,PayPal,Central,0.1,45.14,Storage,Female,South,Silver
O703890,C00449,P0017,4,19.01,2025-07-06,Delivered,Credit Card,Central,0.0,76.04,Personal Care,Female,East,Silver
O708037,C00440,P0028,3,12.5,2025-07-06,Delayed,PayPal,South,0.0,37.5,Outdoors,Other,North,Gold
O710922,C00248,P0025,5,14.82,2025-07-06,Delayed,PayPal,East,0.0,74.1,Cleaning,Female,West,Gold
O269653,C00031,P0025,2,41.57,2025-07-06,Delivered,Credit Card,South,0.0,83.14,Cleaning,Female,Central,Gold
O710783,C00330,P0024,4,39.07,2025-07-06,Delayed,Credit Card,West,0.2,125.02,Storage,Other,West,Bronze
O222096,C00190,P0013,5,42.86,2025-07-06,Delayed,Credit Card,East,0.1,192.87,Cleaning,Male,Central,Gold
O786967,C00104,P0003,3,46.55,2025-07-06,Delayed,Bank Transfer,Central,0.1,125.68,Cleaning,Female,West,Silver
O462734,C00393,P0028,5,40.99,2025-07-06,Delayed,PayPal,West,0.05,194.7,Outdoors,Female,North,Gold
O252213,C00378,P0016,1,16.68,2025-07-06,Delivered,Credit Card,North,0.2,13.34,Cleaning,Male,South,Gold
O133884,C00054,P0020,5,29.67,2025-07-06,Cancelled,Credit Card,West,0.05,140.93,Cleaning,Female,East,Silver
O722032,C00328,P0030,2,48.57,2025-07-06,Cancelled,Credit Card,North,0.1,87.43,Cleaning,Female,Central,Gold
O397641,C00091,P0024,4,37.02,2025-07-06,Delivered,PayPal,East,0.15,125.87,Storage,Male,West,Silver
O481773,C00491,P0010,3,41.82,2025-07-06,Cancelled,PayPal,West,0.2,100.37,Cleaning,Other,Central,Gold
O161749,C00428,P0018,2,46.77,2025-07-06,Delivered,Credit Card,North,0.15,79.51,Storage,Female,North,Gold
O530077,C00334,P0028,4,36.23,2025-07-06,Delayed,Bank Transfer,Central,0.2,115.94,Outdoors,Female,South,Gold
O585040,C00025,P0023,4,46.64,2025-07-06,Cancelled,Credit Card,East,0.0,186.56,Outdoors,Female,North,Gold
O188230,C00039,P0022,5,14.63,2025-07-06,Delayed,Bank Transfer,West,0.2,58.52,Cleaning,Other,South,Silver
O534857,C00292,P0013,1,34.24,2025-07-06,Delayed,Credit Card,East,0.05,32.53,Cleaning,Female,Central,Gold
O687422,C00409,P0023,3,10.77,2025-07-06,Cancelled,Credit Card,South,0.15,27.46,Outdoors,Female,Central,Gold
O202350,C00417,P0013,5,43.54,2025-07-06,Delayed,Credit Card,South,0.15,185.04,Cleaning,Female,Central,Gold
O931817,C00021,P0027,3,44.39,2025-07-06,Cancelled,Bank Transfer,Central,0.1,119.85,Outdoors,Male,South,Silver
O590922,C00163,P0022,1,48.41,2025-07-06,Delayed,Credit Card,Central,0.0,48.41,Cleaning,Female,Unknown,Silver
O237940,C00466,P0021,1,33.01,2025-07-06,Delayed,Credit Card,South,0.2,26.41,Kitchen,Male,North,Gold
O926281,C00029,P0025,3,14.6,2025-07-06,Delivered,Bank Transfer,East,0.2,35.04,Cleaning,Male,North,Silver
O380263,C00158,P0015,2,38.09,2025-07-06,Delivered,Bank Transfer,South,0.1,68.56,Storage,Other,East,Bronze
O941244,C00359,P0012,5,14.0,2025-07-06,Delayed,Credit Card,North,0.05,66.5,Cleaning,Male,West,Gold
O201571,C00244,P0007,2,43.46,2025-07-06,Delivered,Bank Transfer,East,0.1,78.23,Personal Care,Male,West,Bronze
O889247,C00486,P0005,4,16.2,2025-07-06,Delayed,PayPal,East,0.1,58.32,Personal Care,Male,East,Gold
O855576,C00365,P0027,3,44.79,2025-07-06,Delivered,Credit Card,East,0.2,107.5,Outdoors,Male,West,Silver
O735004,UNKNOWN_CUSTOMER,P0017,2,12.18,2025-07-06,Delivered,Bank Transfer,Central,0.1,21.92,Personal Care,Female,South,Bronze
O735004,UNKNOWN_CUSTOMER,P0017,2,12.18,2025-07-06,Delivered,Bank Transfer,Central,0.1,21.92,Personal Care,Other,Central,Silver
O735004,UNKNOWN_CUSTOMER,P0017,2,12.18,2025-07-06,Delivered,Bank Transfer,Central,0.1,21.92,Personal Care,Male,Central,Silver
O946144,C00423,P0030,4,25.17,2025-07-06,Delayed,Bank Transfer,North,0.15,85.58,Cleaning,Male,East,Bronze
O534466,C00161,P0011,2,46.19,2025-07-06,Delayed,Bank Transfer,East,0.05,87.76,Kitchen,Other,West,Silver
O554340,C00490,P0003,1,46.53,2025-07-06,Delivered,Credit Card,North,0.2,37.22,Cleaning,Male,North,Silver
O581851,C00246,P0027,1,45.44,2025-07-06,Delivered,Credit Card,East,0.1,40.9,Outdoors,Male,South,Gold
O490113,C00286,P0010,3,13.49,2025-07-06,Delayed,Bank Transfer,South,0.2,32.38,Cleaning,Female,South,Bronze
O774628,C00087,P0019,4,9.76,2025-07-06,Delivered,Bank Transfer,South,0.15,33.18,Kitchen,Female,North,Bronze
O557323,C00344,P0009,5,30.05,2025-07-06,Delivered,Credit Card,North,0.2,120.2,Outdoors,Female,West,Gold
O797259,C00107,P0023,3,18.79,2025-07-06,Cancelled,Bank Transfer,Central,0.15,47.91,Outdoors,Female,North,Silver
O367974,C00376,P0022,2,46.63,2025-07-06,Delayed,PayPal,East,0.05,88.6,Cleaning,Female,South,Bronze
O816249,C00099,P0028,1,8.57,2025-07-06,Delayed,PayPal,East,0.05,8.14,Outdoors,Female,South,Gold
O850716,C00234,P0008,2,45.75,2025-07-06,Delayed,Credit Card,South,0.0,91.5,Storage,Other,Central,Gold
O167371,C00280,P0018,1,33.51,2025-07-06,Delayed,Credit Card,Central,0.2,26.81,Storage,Male,Central,Gold
O847845,C00158,P0004,3,16.92,2025-07-06,Delivered,Credit Card,Central,0.1,45.68,Kitchen,Other,East,Bronze
O819734,C00016,P0019,2,14.41,2025-07-06,Delayed,Credit Card,South,0.15,24.5,Kitchen,Other,North,Gold
O518040,C00077,P0014,2,27.52,2025-07-06,Cancelled,Credit Card,West,0.1,49.54,Outdoors,Female,Central,Gold
O312239,C00180,P0030,5,37.86,2025-07-06,Delayed,Bank Transfer,West,0.05,179.84,Cleaning,Other,West,Gold
O154379,C00430,P0025,1,46.82,2025-07-06,Delivered,Credit Card,Central,0.15,39.8,Cleaning,Female,East,Gold
O639608,C00410,P0024,5,49.01,2025-07-06,Cancelled,Credit Card,North,0.1,220.54,Storage,Female,North,Silver
O190514,C00206,P0027,5,12.92,2025-07-06,Delivered,Credit Card,North,0.1,58.14,Outdoors,Other,East,Gold
O638698,C00208,P0025,1,19.22,2025-07-06,Delivered,PayPal,East,0.2,15.38,Cleaning,Female,East,Silver
O330919,C00008,P0015,5,29.47,2025-07-06,Delayed,Credit Card,East,0.2,117.88,Storage,Male,Central,Gold
O623630,C00222,P0006,4,23.45,2025-07-06,Delayed,Credit Card,North,0.1,84.42,Cleaning,Female,East,Silver
O846675,C00069,P0015,4,13.0,2025-07-06,Delayed,Credit Card,South,0.1,46.8,Storage,Female,North,Gold
O870050,C00204,P0008,5,26.99,2025-07-06,Delivered,Credit Card,West,0.0,134.95,Storage,Female,South,Silver
O637955,C00381,P0007,4,40.18,2025-07-06,Delivered,Credit Card,Central,0.2,128.58,Personal Care,Male,South,Gold
O980231,C00454,P0008,1,42.05,2025-07-06,Delayed,Credit Card,Central,0.1,37.84,Storage,Female,South,Gold
O989155,C00049,P0019,5,27.7,2025-07-06,Delayed,PayPal,Central,0.0,138.5,Kitchen,Male,South,Gold
O552344,C00196,P0026,1,15.72,2025-07-06,Delivered,Credit Card,West,0.1,14.15,Storage,Female,South,Gold
O425510,C00216,P0026,1,10.62,2025-07-06,Delivered,Credit Card,East,0.15,9.03,Storage,Male,South,Bronze
O835141,C00137,P0009,4,20.47,2025-07-06,Delivered,Credit Card,South,0.1,73.69,Outdoors,Female,North,Bronze
O843496,C00126,P0019,3,26.91,2025-07-06,Delayed,PayPal,Central,0.0,80.73,Kitchen,Female,West,Silver
O784880,C00459,P0008,1,45.16,2025-07-06,Cancelled,Credit Card,South,0.1,40.64,Storage,Female,North,Gold
O801028,C00274,P0013,1,41.06,2025-07-06,Delivered,Credit Card,North,0.0,41.06,Cleaning,Female,South,Gold
O720162,C00409,P0029,2,31.01,2025-07-06,Delivered,Credit Card,South,0.1,55.82,Cleaning,Female,Central,Gold
O335604,C00470,P0004,4,10.36,2025-07-06,Delayed,Credit Card,North,0.1,37.3,Kitchen,Female,North,Silver
O137196,C00299,P0003,4,11.01,2025-07-06,Cancelled,PayPal,South,0.05,41.84,Cleaning,Unknown,Central,Silver
O674445,C00133,P0025,1,40.37,2025-07-06,Delayed,Credit Card,North,0.15,34.31,Cleaning,Female,Central,Bronze
O642187,C00337,P0025,3,23.22,2025-07-06,Delayed,Credit Card,West,0.2,55.73,Cleaning,Male,Central,Gold
O380919,C00489,P0022,3,43.76,2025-07-06,Delivered,Credit Card,West,0.1,118.15,Cleaning,Female,West,Bronze
O118311,C00311,P0016,3,31.39,2025-07-06,Delivered,Credit Card,Central,0.1,84.75,Cleaning,Male,North,Gold
O724816,C00382,P0004,2,16.62,2025-07-06,Delivered,Credit Card,South,0.1,29.92,Kitchen,Female,East,Gold
O368037,C00212,P0027,1,9.79,2025-07-06,Cancelled,Credit Card,North,0.15,8.32,Outdoors,Male,West,Gold
O791309,C00373,P0019,1,8.88,2025-07-06,Delayed,Credit Card,North,0.1,7.99,Kitchen,Male,Central,Gold
O896592,C00233,P0006,3,11.92,2025-07-06,Cancelled,PayPal,Central,0.0,35.76,Cleaning,Other,Central,Silver
O196972,C00339,P0004,4,33.23,2025-07-06,Delayed,Credit Card,North,0.1,119.63,Kitchen,Female,North,Gold
O782307,C00493,P0019,3,11.7,2025-07-06,Delivered,Credit Card,East,0.1,31.59,Kitchen,Female,South,Gold
O232518,C00084,P0026,5,22.05,2025-07-06,Cancelled,PayPal,South,0.0,110.25,Storage,Female,West,Gold
O132177,C00189,P0024,5,27.74,2025-07-06,Cancelled,Credit Card,West,0.15,117.89,Storage,Male,North,Bronze
O999107,C00332,P0005,2,9.22,2025-07-06,Delivered,Credit Card,West,0.05,17.52,Personal Care,Male,East,Silver
O487774,C00246,P0008,2,36.37,2025-07-06,Cancelled,Credit Card,East,0.1,65.47,Storage,Male,South,Gold
O918160,C00390,P0017,3,26.02,2025-07-06,Delivered,PayPal,West,0.1,70.25,Personal Care,Female,East,Silver
O367156,C00227,P0027,2,49.79,2025-07-06,Delivered,PayPal,Central,0.1,89.62,Outdoors,Male,East,Bronze
O780845,C00065,P0005,3,15.11,2025-07-06,Delivered,Credit Card,West,0.0,45.33,Personal Care,Male,North,Gold
O123914,C00020,P0023,2,41.7,2025-07-06,Delivered,Credit Card,Central,0.0,83.4,Outdoors,Female,East,Gold
O553132,C00070,P0007,1,18.19,2025-07-06,Cancelled,Credit Card,West,0.15,15.46,Personal Care,Male,Central,Gold
O193936,C00120,P0003,5,45.53,2025-07-06,Cancelled,Credit Card,East,0.1,204.89,Cleaning,Female,West,Gold
O438675,C00464,P0015,2,18.55,2025-07-06,Cancelled,Credit Card,North,0.0,37.1,Storage,Male,Central,Gold
O569766,C00479,P0009,5,40.71,2025-07-06,Delayed,Credit Card,Central,0.1,183.2,Outdoors,Male,South,Gold
O550995,C00054,P0017,1,8.62,2025-07-06,Delayed,Bank Transfer,East,0.1,7.76,Personal Care,Female,East,Silver
O747221,C00216,P0015,2,36.98,2025-07-06,Delayed,PayPal,East,0.0,73.96,Storage,Male,South,Bronze
O636801,C00120,P0005,2,33.22,2025-07-06,Delivered,Credit Card,South,0.1,59.8,Personal Care,Female,West,Gold
O531809,C00403,P0019,1,11.82,2025-07-06,Delayed,Bank Transfer,West,0.1,10.64,Kitchen,Female,East,Silver
O824018,C00007,P0027,5,19.2,2025-07-06,Cancelled,Credit Card,West,0.15,81.6,Outdoors,Female,North,Gold
O238900,C00428,P0006,4,28.99,2025-07-06,Delivered,Bank Transfer,East,0.0,115.96,Cleaning,Female,North,Gold
O580451,C00331,P0014,3,41.92,2025-07-06,Delayed,Bank Transfer,East,0.15,106.9,Outdoors,Female,West,Gold
O165451,C00326,P0012,1,46.21,2025-07-06,Delivered,Credit Card,North,0.05,43.9,Cleaning,Female,East,Gold
O582648,C00294,P0012,2,35.87,2025-07-06,Delivered,Bank Transfer,South,0.2,57.39,Cleaning,Male,West,Gold
O160700,C00021,P0022,3,18.3,2025-07-06,Delayed,Bank Transfer,Central,0.0,54.9,Cleaning,Male,South,Silver
O960541,C00049,P0015,4,31.79,2025-07-06,Delayed,Bank Transfer,South,0.15,108.09,Storage,Male,South,Gold
O669871,C00483,P0020,1,47.62,2025-07-06,Delayed,Credit Card,South,0.2,38.1,Cleaning,Female,East,Gold
O430942,C00385,P0007,4,28.05,2025-07-06,Delayed,Credit Card,North,0.2,89.76,Personal Care,Male,South,Gold
O671311,C00267,P0023,2,31.75,2025-07-06,Delayed,PayPal,South,0.05,60.32,Outdoors,Male,West,Bronze
O594638,C00491,P0013,5,42.67,2025-07-06,Delivered,PayPal,North,0.0,213.35,Cleaning,Other,Central,Gold
O815545,C00314,P0029,2,27.03,2025-07-06,Cancelled,Credit Card,South,0.1,48.65,Cleaning,Female,South,Gold
O149934,C00053,P0028,1,34.92,2025-07-06,Delivered,Bank Transfer,South,0.2,27.94,Outdoors,Female,North,Gold
O703996,C00410,P0002,2,28.88,2025-07-06,Delivered,PayPal,East,0.1,51.98,Cleaning,Female,North,Silver
O736791,C00431,P0001,3,40.3,2025-07-06,Delayed,Credit Card,West,0.15,102.76,Storage,Female,Central,Gold
O858445,C00054,P0014,5,15.65,2025-07-06,Delivered,Credit Card,South,0.2,62.6,Outdoors,Female,East,Silver
O482370,C00464,P0021,5,49.46,2025-07-06,Delayed,PayPal,South,0.15,210.2,Kitchen,Male,Central,Gold
O310101,C00018,P0013,4,10.91,2025-07-06,Delivered,Credit Card,West,0.2,34.91,Cleaning,Female,North,Bronze
O829747,C00124,P0019,1,44.49,2025-07-06,Delayed,Bank Transfer,East,0.0,44.49,Kitchen,Female,North,Gold
O413048,C00125,P0007,3,36.73,2025-07-06,Delivered,Credit Card,East,0.05,104.68,Personal Care,Female,South,Gold
O921072,C00113,P0016,3,18.27,2025-07-06,Delivered,PayPal,East,0.2,43.85,Cleaning,Female,North,Gold
O279856,C00316,P0012,2,24.92,2025-07-06,Cancelled,Credit Card,Central,0.15,42.36,Cleaning,Female,South,Gold
O207812,C00262,P0022,4,42.14,2025-07-06,Delivered,PayPal,East,0.1,151.7,Cleaning,Female,South,Gold
O879815,C00034,P0008,5,31.1,2025-07-06,Delivered,Credit Card,North,0.0,155.5,Storage,Female,Central,Gold
O973280,C00194,P0015,1,18.59,2025-07-06,Delayed,Credit Card,West,0.0,18.59,Storage,Female,Central,Gold
O628409,C00294,P0022,2,38.0,2025-07-06,Delivered,Bank Transfer,East,0.2,60.8,Cleaning,Male,West,Gold
O888957,C00388,P0008,1,49.84,2025-07-06,Cancelled,Credit Card,Central,0.0,49.84,Storage,Male,North,Gold
O406782,C00399,P0019,4,9.22,2025-07-06,Delayed,Credit Card,North,0.0,36.88,Kitchen,Male,North,Bronze
O611456,C00406,P0014,1,41.59,2025-07-06,Delayed,Credit Card,South,0.15,35.35,Outdoors,Female,North,Bronze
O330105,C00400,P0026,1,40.65,2025-07-06,Delivered,Credit Card,North,0.1,36.58,Storage,Male,Central,Gold
O239593,C00342,P0015,3,30.54,2025-07-06,Delayed,PayPal,Central,0.2,73.3,Storage,Other,East,Unknown
O788520,C00272,P0020,5,27.36,2025-07-06,Delayed,Credit Card,West,0.0,136.8,Cleaning,Female,South,Silver
O978779,C00071,P0016,3,22.04,2025-07-06,Delayed,Credit Card,East,0.05,62.81,Cleaning,Male,Central,Gold
O256710,C00347,P0006,2,21.29,2025-07-06,Delivered,Credit Card,South,0.2,34.06,Cleaning,Male,East,Gold
O539499,C00346,P0017,2,13.01,2025-07-06,Delivered,Credit Card,Central,0.0,26.02,Personal Care,Male,Unknown,Gold
O374980,C00068,P0016,1,21.74,2025-07-06,Delivered,Credit Card,South,0.1,19.57,Cleaning,Female,East,Gold
O439576,C00238,P0026,4,13.92,2025-07-06,Delayed,PayPal,West,0.1,50.11,Storage,Male,South,Silver
O740692,C00277,P0024,5,10.21,2025-07-06,Delayed,PayPal,Central,0.1,45.95,Storage,Female,South,Gold
O373233,C00385,P0005,4,28.87,2025-07-06,Delayed,Credit Card,Central,0.15,98.16,Personal Care,Male,South,Gold
O524866,C00149,P0001,1,17.92,2025-07-06,Delivered,Credit Card,South,0.05,17.02,Storage,Male,East,Gold
O203655,C00493,P0006,5,10.2,2025-07-06,Delayed,Credit Card,East,0.2,40.8,Cleaning,Female,South,Gold
O732397,C00072,P0003,3,38.09,2025-07-06,Cancelled,Bank Transfer,Central,0.2,91.42,Cleaning,Female,East,Gold
O594114,C00371,P0005,3,29.84,2025-07-06,Delayed,Credit Card,North,0.2,71.62,Personal Care,Other,North,Silver
O712881,C00255,P0008,2,11.96,2025-07-06,Delivered,Credit Card,South,0.1,21.53,Storage,Female,North,Gold
O967596,C00080,P0004,2,39.97,2025-07-06,Cancelled,Credit Card,South,0.1,71.95,Kitchen,Female,North,Bronze
O377904,C00500,P0007,5,23.76,2025-07-06,Delayed,Bank Transfer,South,0.15,100.98,Personal Care,Male,North,Gold
O299995,C00330,P0007,4,38.5,2025-07-06,Delayed,Credit Card,Central,0.1,138.6,Personal Care,Other,West,Bronze
O405366,C00008,P0006,5,42.44,2025-07-06,Delivered,Bank Transfer,North,0.05,201.59,Cleaning,Male,Central,Gold
O838951,C00034,P0013,1,28.05,2025-07-06,Delivered,Credit Card,North,0.0,28.05,Cleaning,Female,Central,Gold
O404200,C00028,P0028,5,43.29,2025-07-06,Delayed,Bank Transfer,Central,0.1,194.8,Outdoors,Female,North,Gold
O905686,C00231,P0014,2,21.99,2025-07-06,Cancelled,Credit Card,East,0.15,37.38,Outdoors,Male,Central,Silver
O930020,C00345,P0006,2,14.95,2025-07-06,Delayed,Credit Card,South,0.0,29.9,Cleaning,Female,West,Gold
O790117,C00113,P0020,5,11.76,2025-07-06,Delayed,Bank Transfer,East,0.15,49.98,Cleaning,Female,North,Gold
O582329,C00489,P0014,1,31.14,2025-07-06,Cancelled,Bank Transfer,South,0.15,26.47,Outdoors,Female,West,Bronze
O719105,C00245,P0009,5,40.43,2025-07-06,Delivered,Credit Card,Central,0.15,171.83,Outdoors,Male,North,Gold
O852603,C00169,P0010,4,18.79,2025-07-06,Delivered,PayPal,North,0.15,63.89,Cleaning,Female,East,Gold
O356539,C00179,P0022,5,45.27,2025-07-06,Delayed,Credit Card,West,0.1,203.72,Cleaning,Female,South,Gold
O876962,C00362,P0029,1,33.14,2025-07-06,Delayed,PayPal,South,0.1,29.83,Cleaning,Male,East,Gold
O291491,C00092,P0023,3,40.04,2025-07-06,Delayed,PayPal,South,0.05,114.11,Outdoors,Male,East,Gold
O646795,C00385,P0004,4,38.74,2025-07-06,Cancelled,Credit Card,West,0.2,123.97,Kitchen,Male,South,Gold
O144315,C00385,P0012,3,31.59,2025-07-06,Delayed,PayPal,South,0.05,90.03,Cleaning,Male,South,Gold
O995899,C00313,P0009,2,18.71,2025-07-06,Delayed,PayPal,South,0.1,33.68,Outdoors,Male,East,Bronze
O975220,C00372,P0016,5,22.07,2025-07-06,Delayed,Credit Card,East,0.1,99.32,Cleaning,Unknown,Unknown,Unknown
O965331,C00312,P0019,1,26.9,2025-07-06,Delayed,Bank Transfer,Central,0.1,24.21,Kitchen,Other,North,Gold
O359655,C00201,P0020,5,19.41,2025-07-06,Delivered,PayPal,West,0.15,82.49,Cleaning,Female,East,Gold
O440061,C00287,P0019,4,32.5,2025-07-06,Delivered,PayPal,Central,0.2,104.0,Kitchen,Female,South,Gold
O961340,C00291,P0012,2,22.23,2025-07-06,Delayed,Credit Card,East,0.2,35.57,Cleaning,Other,East,Gold
O441065,C00490,P0014,2,12.76,2025-07-06,Delivered,Credit Card,North,0.15,21.69,Outdoors,Male,North,Silver
O420794,C00039,P0018,2,47.74,2025-07-06,Delivered,Credit Card,South,0.15,81.16,Storage,Other,South,Silver
O940904,C00179,P0001,4,43.93,2025-07-06,Delayed,Bank Transfer,West,0.1,158.15,Storage,Female,South,Gold
O310254,C00296,P0001,1,29.9,2025-07-06,Cancelled,PayPal,Central,0.15,25.42,Storage,Male,East,Gold
O218065,C00324,UNKNOWN_PRODUCT,5,25.61,2025-07-06,Delayed,PayPal,North,0.2,102.44,Unknown,Female,Central,Gold
O226925,C00325,P0026,4,9.29,2025-07-06,Delayed,Bank Transfer,South,0.2,29.73,Storage,Male,West,Bronze
O370368,C00401,P0027,2,16.92,2025-07-06,Delivered,Credit Card,East,0.2,27.07,Outdoors,Male,Central,Bronze
O942921,C00080,P0002,3,36.4,2025-07-06,Delivered,Credit Card,West,0.0,109.2,Cleaning,Female,North,Bronze
O956107,C00281,P0021,3,31.97,2025-07-06,Delivered,Bank Transfer,North,0.05,91.11,Kitchen,Other,East,Bronze
O427399,C00032,P0028,3,27.29,2025-07-06,Delivered,Credit Card,West,0.0,81.87,Outdoors,Female,East,Gold
O166828,C00363,P0012,2,44.21,2025-07-06,Delivered,PayPal,North,0.15,75.16,Cleaning,Male,West,Gold
O365227,C00199,P0022,5,29.74,2025-07-06,Delivered,PayPal,West,0.05,141.26,Cleaning,Female,East,Gold
O318065,C00137,P0011,3,45.52,2025-07-06,Cancelled,PayPal,West,0.15,116.08,Kitchen,Female,North,Bronze
O435948,C00446,P0014,2,40.72,2025-07-06,Delivered,PayPal,North,0.2,65.15,Outdoors,Other,West,Silver
O667952,C00071,P0001,1,27.25,2025-07-06,Delivered,Credit Card,West,0.0,27.25,Storage,Male,Central,Gold
O946044,C00031,P0016,3,43.98,2025-07-06,Delivered,Bank Transfer,East,0.1,118.75,Cleaning,Female,Central,Gold
O379341,C00489,P0025,1,47.85,2025-07-06,Delayed,Credit Card,East,0.1,43.07,Cleaning,Female,West,Bronze
O250359,C00399,P0015,3,36.61,2025-07-06,Delivered,Bank Transfer,East,0.1,98.85,Storage,Male,North,Bronze
O194944,C00094,P0014,3,17.18,2025-07-06,Delivered,Bank Transfer,West,0.15,43.81,Outdoors,Female,Central,Silver
O141027,C00433,P0014,3,23.37,2025-07-06,Delivered,Bank Transfer,West,0.1,63.1,Outdoors,Female,Central,Silver
O426122,C00293,P0020,5,21.32,2025-07-06,Delivered,Credit Card,North,0.1,95.94,Cleaning,Female,South,Silver
O277328,C00377,P0016,3,24.25,2025-07-06,Delivered,PayPal,South,0.0,72.75,Cleaning,Female,Central,Bronze
O864846,C00306,P0026,1,9.5,2025-07-06,Cancelled,Credit Card,South,0.1,8.55,Storage,Female,Central,Gold
O966041,C00132,P0011,5,43.22,2025-07-06,Delivered,Bank Transfer,South,0.05,205.3,Kitchen,Female,South,Bronze
O396282,C00372,P0003,2,33.08,2025-07-06,Delayed,Credit Card,South,0.2,52.93,Cleaning,Unknown,Unknown,Unknown
O709331,C00404,P0001,3,47.09,2025-07-06,Delivered,Credit Card,East,0.1,127.14,Storage,Male,East,Gold
O359940,C00474,P0023,4,35.23,2025-07-06,Delivered,Credit Card,South,0.0,140.92,Outdoors,Female,East,Bronze
O722474,C00316,P0001,3,43.11,2025-07-06,Delayed,PayPal,West,0.1,116.4,Storage,Female,South,Gold
O690226,C00347,P0013,3,39.22,2025-07-06,Delayed,Credit Card,West,0.0,117.66,Cleaning,Male,East,Gold
O505694,C00254,P0023,3,20.8,2025-07-06,Cancelled,Bank Transfer,East,0.05,59.28,Outdoors,Unknown,Unknown,Unknown
O743907,C00490,P0005,1,9.89,2025-07-06,Delivered,Credit Card,South,0.1,8.9,Personal Care,Male,North,Silver
O327567,C00098,P0019,3,46.37,2025-07-06,Delivered,Bank Transfer,South,0.15,118.24,Kitchen,Female,East,Gold
O646031,C00488,P0014,1,37.52,2025-07-06,Delayed,Credit Card,North,0.05,35.64,Outdoors,Male,North,Silver
O932873,C00156,P0019,4,38.35,2025-07-06,Delivered,Credit Card,South,0.2,122.72,Kitchen,Female,South,Bronze
O183048,C00492,P0019,3,15.74,2025-07-06,Cancelled,Credit Card,South,0.1,42.5,Kitchen,Male,Central,Gold
O832306,C00321,P0020,5,34.66,2025-07-06,Delivered,PayPal,North,0.05,164.63,Cleaning,Male,West,Silver
O994290,C00344,P0024,3,48.35,2025-07-06,Cancelled,PayPal,South,0.2,116.04,Storage,Female,West,Gold
O525978,C00329,P0023,5,12.02,2025-07-06,Delayed,Credit Card,South,0.2,48.08,Outdoors,Female,South,Gold
O235176,C00352,P0027,1,9.13,2025-07-06,Delayed,Bank Transfer,East,0.05,8.67,Outdoors,Other,West,Gold
O880275,C00480,P0003,5,11.03,2025-07-06,Delivered,PayPal,Central,0.0,55.15,Cleaning,Other,Central,Silver
O782697,C00140,P0026,2,43.46,2025-07-06,Delayed,Credit Card,East,0.1,78.23,Storage,Female,South,Silver
O987682,C00167,P0030,5,8.63,2025-07-06,Delivered,Bank Transfer,West,0.15,36.68,Cleaning,Female,Central,Gold
O478164,C00458,P0006,4,46.82,2025-07-06,Delivered,Bank Transfer,South,0.2,149.82,Cleaning,Other,North,Gold
O455904,C00137,P0002,2,36.59,2025-07-06,Cancelled,Credit Card,North,0.1,65.86,Cleaning,Female,North,Bronze
O671561,C00202,P0011,2,40.55,2025-07-06,Delivered,Credit Card,East,0.2,64.88,Kitchen,Female,Central,Bronze
O437199,C00099,P0010,5,16.22,2025-07-06,Delayed,Credit Card,East,0.1,72.99,Cleaning,Female,South,Gold
O241113,C00050,P0014,1,34.27,2025-07-06,Delivered,Credit Card,East,0.15,29.13,Outdoors,Female,West,Bronze
O336003,C00239,P0027,4,49.95,2025-07-06,Delayed,PayPal,North,0.0,199.8,Outdoors,Female,South,Bronze
O465333,C00348,P0001,1,10.41,2025-07-06,Delayed,PayPal,East,0.1,9.37,Storage,Female,West,Gold
O354104,C00056,P0011,4,38.15,2025-07-06,Delivered,Credit Card,North,0.15,129.71,Kitchen,Male,South,Bronze
O649136,C00385,P0019,4,26.36,2025-07-06,Delivered,Bank Transfer,South,0.0,105.44,Kitchen,Male,South,Gold
O433372,C00351,P0005,3,40.96,2025-07-06,Delivered,Bank Transfer,West,0.1,110.59,Personal Care,Female,South,Gold
O851224,C00217,P0002,1,45.64,2025-07-06,Delayed,Credit Card,Central,0.2,36.51,Cleaning,Female,South,Bronze
O325433,C00265,P0005,2,19.05,2025-07-06,Delayed,Bank Transfer,West,0.1,34.29,Personal Care,Male,West,Gold
O994951,C00211,P0022,2,34.59,2025-07-06,Delivered,Bank Transfer,East,0.1,62.26,Cleaning,Male,North,Silver
O380112,C00188,P0002,3,19.03,2025-07-06,Delayed,PayPal,East,0.0,57.09,Cleaning,Female,East,Gold
O230245,C00209,P0001,3,37.51,2025-07-06,Cancelled,Credit Card,West,0.05,106.9,Storage,Male,North,Silver
O539236,C00093,P0019,2,29.27,2025-07-06,Cancelled,Credit Card,West,0.05,55.61,Kitchen,Male,Central,Gold
O621524,C00486,P0027,3,9.6,2025-07-06,Delivered,PayPal,West,0.15,24.48,Outdoors,Male,East,Gold
O913829,C00313,P0016,2,20.04,2025-07-06,Delayed,Bank Transfer,West,0.1,36.07,Cleaning,Male,East,Bronze
O891140,C00449,P0020,1,18.44,2025-07-06,Delayed,PayPal,East,0.1,16.6,Cleaning,Female,East,Silver
O935124,C00362,P0029,5,42.46,2025-07-06,Delivered,Credit Card,East,0.1,191.07,Cleaning,Male,East,Gold
O752761,C00443,P0009,4,9.39,2025-07-06,Delayed,Credit Card,West,0.05,35.68,Outdoors,Female,West,Silver
O787283,C00028,P0004,3,11.39,2025-07-06,Delivered,PayPal,South,0.15,29.04,Kitchen,Female,North,Gold
O416464,C00157,P0027,2,45.82,2025-07-06,Cancelled,Credit Card,North,0.05,87.06,Outdoors,Female,South,Silver
O856815,C00140,P0001,4,33.24,2025-07-06,Delivered,Credit Card,West,0.2,106.37,Storage,Female,South,Silver
O781420,C00088,P0012,2,23.48,2025-07-06,Delivered,Credit Card,Central,0.15,39.92,Cleaning,Male,West,Bronze
O777325,C00435,P0016,5,47.29,2025-07-06,Delayed,Bank Transfer,South,0.2,189.16,Cleaning,Male,Central,Silver
O191017,C00238,P0027,3,21.84,2025-07-06,Delayed,Credit Card,South,0.1,58.97,Outdoors,Male,South,Silver
O594832,C00425,P0021,5,34.39,2025-07-06,Delivered,Bank Transfer,West,0.15,146.16,Kitchen,Male,North,Bronze
O864517,C00244,P0021,3,28.11,2025-07-06,Delayed,Bank Transfer,North,0.1,75.9,Kitchen,Male,West,Bronze
O399752,C00380,P0017,5,49.38,2025-07-06,Delayed,Credit Card,East,0.0,246.9,Personal Care,Male,South,Gold
O362894,C00121,P0005,1,20.28,2025-07-06,Delayed,Credit Card,West,0.1,18.25,Personal Care,Female,West,Gold
O753473,C00468,P0029,4,49.11,2025-07-06,Delayed,PayPal,East,0.15,166.97,Cleaning,Female,North,Gold
O307935,C00114,P0005,5,39.58,2025-07-06,Delayed,Credit Card,Central,0.2,158.32,Personal Care,Male,North,Bronze
O649419,C00349,P0026,4,46.26,2025-07-06,Delivered,Bank Transfer,South,0.0,185.04,Storage,Female,East,Gold
O329384,C00177,P0012,3,46.32,2025-07-06,Delayed,PayPal,Central,0.2,111.17,Cleaning,Female,West,Gold
O813262,C00136,P0025,5,12.54,2025-07-06,Delivered,PayPal,East,0.1,56.43,Cleaning,Male,Central,Gold
O647989,C00328,P0018,1,20.91,2025-07-06,Delivered,Bank Transfer,West,0.2,16.73,Storage,Female,Central,Gold
O922168,C00305,P0007,1,45.28,2025-07-06,Delayed,PayPal,South,0.1,40.75,Personal Care,Male,Central,Silver
O651410,C00207,P0017,5,38.6,2025-07-06,Cancelled,Credit Card,East,0.1,173.7,Personal Care,Female,Central,Gold
O620198,C00469,P0003,3,30.42,2025-07-06,Delivered,Credit Card,North,0.1,82.13,Cleaning,Female,North,Silver
O316238,C00296,P0019,5,40.26,2025-07-06,Delivered,Credit Card,South,0.1,181.17,Kitchen,Male,East,Gold
O163592,C00275,P0030,2,34.33,2025-07-06,Delayed,Credit Card,South,0.1,61.79,Cleaning,Other,West,Gold
O963867,C00043,P0014,4,33.94,2025-07-06,Delayed,PayPal,West,0.1,122.18,Outdoors,Female,East,Silver
O952680,C00421,P0002,4,40.3,2025-07-06,Delivered,Credit Card,Central,0.0,161.2,Cleaning,Female,West,Gold
O321123,C00264,P0003,1,30.03,2025-07-06,Delivered,Credit Card,West,0.2,24.02,Cleaning,Female,Central,Bronze
O573122,C00405,P0030,4,17.13,2025-07-06,Cancelled,Credit Card,West,0.05,65.09,Cleaning,Other,West,Silver
O623758,C00252,P0030,5,18.22,2025-07-06,Cancelled,Credit Card,East,0.1,81.99,Cleaning,Unknown,North,Bronze
O249321,C00130,P0022,3,22.53,2025-07-06,Delayed,Credit Card,Central,0.05,64.21,Cleaning,Female,South,Gold
O913192,C00234,P0014,1,25.62,2025-07-06,Delayed,PayPal,Central,0.1,23.06,Outdoors,Other,Central,Gold
O664073,C00483,P0025,1,24.6,2025-07-06,Delivered,Credit Card,Central,0.05,23.37,Cleaning,Female,East,Gold
O325275,C00228,P0008,1,41.62,2025-07-06,Delivered,Bank Transfer,West,0.1,37.46,Storage,Male,North,Silver
O807565,C00388,P0019,4,41.55,2025-07-06,Delivered,Bank Transfer,West,0.0,166.2,Kitchen,Male,North,Gold
O848057,C00248,P0026,2,39.14,2025-07-06,Delayed,Bank Transfer,South,0.05,74.37,Storage,Female,West,Gold
O855423,C00257,P0024,3,19.41,2025-07-06,Cancelled,Credit Card,Central,0.0,58.23,Storage,Female,South,Gold
O297373,C00426,P0021,1,45.96,2025-07-06,Cancelled,Credit Card,West,0.15,39.07,Kitchen,Male,East,Gold
O275568,C00110,P0030,4,13.58,2025-07-06,Cancelled,Bank Transfer,South,0.1,48.89,Cleaning,Female,South,Gold
O262626,C00100,P0020,5,47.52,2025-07-06,Delayed,Credit Card,East,0.15,201.96,Cleaning,Male,South,Gold
O495246,C00087,P0008,3,41.37,2025-07-06,Delayed,PayPal,North,0.05,117.9,Storage,Female,North,Bronze
O302571,C00323,P0009,1,39.88,2025-07-06,Delayed,Bank Transfer,North,0.15,33.9,Outdoors,Other,South,Bronze
O565952,C00385,P0004,4,39.25,2025-07-06,Cancelled,Bank Transfer,Central,0.1,141.3,Kitchen,Male,South,Gold
O121290,C00204,P0024,4,28.36,2025-07-06,Delivered,PayPal,West,0.0,113.44,Storage,Female,South,Silver
O314800,C00370,P0029,4,31.48,2025-07-06,Delayed,PayPal,North,0.0,125.92,Cleaning,Female,East,Gold
O409646,C00197,P0001,4,34.13,2025-07-06,Cancelled,Credit Card,North,0.0,136.52,Storage,Other,West,Gold
O583529,C00165,P0026,2,9.75,2025-07-06,Delivered,Credit Card,North,0.1,17.55,Storage,Male,Central,Gold
O831791,C00016,P0013,4,48.67,2025-07-06,Delivered,PayPal,North,0.1,175.21,Cleaning,Other,North,Gold
O973472,C00315,P0009,4,31.4,2025-07-06,Delayed,Bank Transfer,West,0.1,113.04,Outdoors,Other,South,Gold
O484290,C00488,P0024,4,13.91,2025-07-06,Delayed,Credit Card,North,0.1,50.08,Storage,Male,North,Silver
O923940,C00348,P0030,5,40.81,2025-07-06,Delayed,Credit Card,West,0.1,183.64,Cleaning,Female,West,Gold
O260427,C00202,P0006,5,34.1,2025-07-06,Delayed,Credit Card,South,0.1,153.45,Cleaning,Female,Central,Bronze
O285856,C00168,P0009,4,21.04,2025-07-06,Delivered,Credit Card,East,0.1,75.74,Outdoors,Female,South,Bronze
O257362,C00068,P0020,3,33.45,2025-07-06,Delayed,PayPal,Central,0.2,80.28,Cleaning,Female,East,Gold
O434095,C00032,P0014,4,33.55,2025-07-06,Cancelled,PayPal,East,0.15,114.07,Outdoors,Female,East,Gold
O184026,C00152,P0008,1,24.45,2025-07-06,Cancelled,Bank Transfer,North,0.15,20.78,Storage,Other,North,Silver
O799783,C00194,P0028,3,43.5,2025-07-06,Delivered,Credit Card,North,0.05,123.98,Outdoors,Female,Central,Gold
O175438,C00159,P0004,2,40.09,2025-07-06,Delayed,Bank Transfer,North,0.2,64.14,Kitchen,Male,West,Bronze
O331280,C00221,P0020,5,42.27,2025-07-06,Delayed,Unknown,West,0.15,179.65,Cleaning,Female,West,Silver
O778864,C00060,P0004,3,21.55,2025-07-06,Cancelled,Credit Card,South,0.2,51.72,Kitchen,Male,West,Gold
O604314,C00328,P0023,4,17.69,2025-07-06,Delayed,PayPal,East,0.1,63.68,Outdoors,Female,Central,Gold
O946185,C00174,P0029,3,43.87,2025-07-06,Delivered,Credit Card,West,0.1,118.45,Cleaning,Other,South,Bronze
O865824,C00277,P0019,3,29.72,2025-07-06,Delayed,Credit Card,West,0.1,80.24,Kitchen,Female,South,Gold
O601040,C00377,P0018,2,32.87,2025-07-06,Cancelled,Credit Card,South,0.15,55.88,Storage,Female,Central,Bronze
O250156,C00460,P0022,5,22.28,2025-07-06,Cancelled,PayPal,South,0.15,94.69,Cleaning,Other,West,Gold
O825714,C00032,P0012,1,28.16,2025-07-06,Delivered,Credit Card,West,0.2,22.53,Cleaning,Female,East,Gold
O385999,C00226,P0020,2,35.93,2025-07-06,Delivered,Credit Card,North,0.05,68.27,Cleaning,Male,East,Gold
O739107,C00087,P0015,5,49.15,2025-07-06,Delivered,Credit Card,East,0.05,233.46,Storage,Female,North,Bronze
O826326,C00384,P0023,5,21.76,2025-07-06,Delayed,PayPal,North,0.0,108.8,Outdoors,Female,South,Bronze
O868673,C00425,P0026,1,46.01,2025-07-06,Cancelled,Credit Card,Central,0.0,46.01,Storage,Male,North,Bronze
O475798,C00425,P0012,5,12.1,2025-07-06,Delivered,PayPal,South,0.05,57.47,Cleaning,Male,North,Bronze
O864506,C00192,P0022,3,20.01,2025-07-06,Delayed,PayPal,East,0.1,54.03,Cleaning,Female,West,Gold
O609820,C00319,P0001,2,32.22,2025-07-06,Delivered,Credit Card,East,0.1,58.0,Storage,Male,West,Gold
O421054,C00173,P0020,5,33.06,2025-07-06,Cancelled,PayPal,North,0.1,148.77,Cleaning,Female,West,Gold
O786073,C00003,P0023,1,9.62,2025-07-06,Delayed,Credit Card,East,0.0,9.62,Outdoors,Male,Central,Gold
O775678,C00001,P0023,4,15.5,2025-07-06,Delayed,Bank Transfer,Central,0.05,58.9,Outdoors,Male,Central,Silver
O170774,C00335,P0003,5,8.65,2025-07-06,Delayed,Credit Card,Central,0.0,43.25,Cleaning,Male,South,Gold
O737578,C00275,P0024,3,26.44,2025-07-06,Delivered,Credit Card,West,0.1,71.39,Storage,Other,West,Gold
O754151,C00114,P0008,5,19.54,2025-07-06,Delivered,Credit Card,East,0.05,92.81,Storage,Male,North,Bronze
O725979,C00270,P0004,4,12.11,2025-07-06,Delayed,Credit Card,North,0.2,38.75,Kitchen,Male,North,Silver
O412815,C00202,P0025,1,30.64,2025-07-06,Delivered,Credit Card,West,0.1,27.58,Cleaning,Female,Central,Bronze
O839141,C00013,P0028,4,26.75,2025-07-06,Delayed,PayPal,East,0.0,107.0,Outdoors,Female,West,Gold
O320933,C00491,P0021,4,49.68,2025-07-06,Delivered,Credit Card,East,0.1,178.85,Kitchen,Other,Central,Gold
O722660,C00445,P0023,4,24.83,2025-07-06,Delayed,Credit Card,South,0.15,84.42,Outdoors,Male,West,Silver
O120916,C00041,P0016,1,49.88,2025-07-06,Delivered,Bank Transfer,North,0.1,44.89,Cleaning,Male,North,Bronze
O132334,C00077,P0022,5,47.51,2025-07-06,Delayed,PayPal,East,0.15,201.92,Cleaning,Female,Central,Gold
O582747,C00451,P0006,2,10.96,2025-07-06,Delivered,PayPal,North,0.15,18.63,Cleaning,Female,North,Gold
O916157,C00220,P0019,5,45.66,2025-07-06,Delivered,Credit Card,South,0.0,228.3,Kitchen,Female,East,Gold
O505487,C00266,P0025,3,36.57,2025-07-06,Delivered,PayPal,West,0.0,109.71,Cleaning,Male,South,Silver
O387611,C00454,P0008,1,9.0,2025-07-06,Delivered,Bank Transfer,North,0.1,8.1,Storage,Female,South,Gold
O837831,C00095,P0009,1,13.06,2025-07-06,Delivered,Bank Transfer,West,0.0,13.06,Outdoors,Male,Unknown,Gold
O518849,C00481,P0015,1,15.29,2025-07-06,Delivered,Bank Transfer,East,0.0,15.29,Storage,Female,North,Gold
O148329,C00200,P0004,5,48.55,2025-07-06,Delayed,Credit Card,Central,0.1,218.48,Kitchen,Male,East,Bronze
O601148,C00350,P0018,3,10.01,2025-07-06,Delivered,PayPal,West,0.1,27.03,Storage,Female,North,Silver
O823594,C00173,P0002,1,18.29,2025-07-06,Delivered,PayPal,South,0.1,16.46,Cleaning,Female,West,Gold
O187910,C00137,P0023,2,15.63,2025-07-06,Delivered,Credit Card,North,0.05,29.7,Outdoors,Female,North,Bronze
O929609,C00240,P0010,3,42.14,2025-07-06,Delivered,Credit Card,North,0.1,113.78,Cleaning,Female,North,Silver
O135418,C00263,P0012,2,29.93,2025-07-06,Delivered,Bank Transfer,North,0.05,56.87,Cleaning,Male,Central,Gold
O719698,C00488,P0029,4,49.52,2025-07-06,Delivered,PayPal,Central,0.05,188.18,Cleaning,Male,North,Silver
O531707,C00167,P0020,5,44.93,2025-07-06,Delivered,PayPal,South,0.15,190.95,Cleaning,Female,Central,Gold
O426596,C00004,P0025,2,9.97,2025-07-06,Cancelled,Bank Transfer,East,0.0,19.94,Cleaning,Female,Central,Gold
O477107,C00224,P0028,1,25.93,2025-07-06,Delayed,Bank Transfer,North,0.1,23.34,Outdoors,Female,West,Gold
O515447,C00499,P0004,5,26.31,2025-07-06,Delayed,Credit Card,North,0.0,131.55,Kitchen,Female,North,Gold
O309605,C00192,P0024,5,47.05,2025-07-06,Delayed,PayPal,West,0.2,188.2,Storage,Female,West,Gold
O547787,C00040,P0015,5,39.9,2025-07-06,Cancelled,PayPal,South,0.05,189.52,Storage,Female,East,Gold
O194816,C00180,P0001,2,33.43,2025-07-06,Cancelled,PayPal,East,0.1,60.17,Storage,Other,West,Gold
O295777,C00006,P0028,3,35.16,2025-07-06,Cancelled,Credit Card,South,0.15,89.66,Outdoors,Male,Central,Bronze
O915455,C00233,P0030,1,27.26,2025-07-06,Delayed,Bank Transfer,West,0.1,24.53,Cleaning,Other,Central,Silver
O664564,C00040,P0016,3,9.08,2025-07-06,Delivered,Bank Transfer,East,0.1,24.52,Cleaning,Female,East,Gold
O697213,C00349,P0010,3,31.53,2025-07-06,Delivered,PayPal,West,0.1,85.13,Cleaning,Female,East,Gold
O300107,C00224,P0003,5,39.93,2025-07-06,Delivered,PayPal,East,0.15,169.7,Cleaning,Female,West,Gold
O682050,C00258,P0021,3,37.86,2025-07-06,Delivered,Bank Transfer,Central,0.1,102.22,Kitchen,Female,East,Bronze
O668432,C00472,P0001,4,35.4,2025-07-06,Delayed,Bank Transfer,South,0.15,120.36,Storage,Male,South,Silver
O214453,C00408,P0019,2,26.92,2025-07-06,Delivered,Bank Transfer,Central,0.05,51.15,Kitchen,Male,East,Bronze
O492887,C00406,P0016,5,35.64,2025-07-06,Delivered,Bank Transfer,South,0.0,178.2,Cleaning,Female,North,Bronze
O213951,C00421,P0020,1,26.6,2025-07-06,Delayed,Credit Card,North,0.2,21.28,Cleaning,Female,West,Gold
O671938,C00061,P0023,2,28.56,2025-07-06,Cancelled,Credit Card,North,0.1,51.41,Outdoors,Female,North,Gold
O652541,C00233,P0019,2,26.18,2025-07-06,Delivered,Credit Card,West,0.2,41.89,Kitchen,Other,Central,Silver
O367539,C00499,P0020,3,43.63,2025-07-06,Delivered,PayPal,South,0.1,117.8,Cleaning,Female,North,Gold
O806357,C00065,P0020,4,33.25,2025-07-06,Delivered,Credit Card,West,0.1,119.7,Cleaning,Male,North,Gold
O910991,C00219,P0002,5,28.56,2025-07-06,Delivered,Credit Card,East,0.1,128.52,Cleaning,Female,South,Silver
O925738,C00163,P0005,4,34.11,2025-07-06,Delivered,Bank Transfer,Central,0.1,122.8,Personal Care,Female,Unknown,Silver
O782430,C00069,P0001,1,9.9,2025-07-06,Cancelled,Credit Card,East,0.05,9.4,Storage,Female,North,Gold
O419866,C00443,P0026,3,32.48,2025-07-06,Delayed,PayPal,West,0.15,82.82,Storage,Female,West,Silver
O840180,C00015,P0027,1,47.51,2025-07-06,Cancelled,Bank Transfer,North,0.15,40.38,Outdoors,Female,Central,Bronze
O903135,C00318,P0008,3,13.01,2025-07-06,Delivered,PayPal,West,0.0,39.03,Storage,Female,West,Gold
O560695,C00482,P0027,2,40.55,2025-07-06,Delivered,Bank Transfer,North,0.1,72.99,Outdoors,Male,West,Gold
O185815,C00258,P0010,2,34.42,2025-07-06,Delayed,Bank Transfer,Central,0.15,58.51,Cleaning,Female,East,Bronze
O887404,C00368,P0018,1,33.12,2025-07-06,Delivered,Credit Card,West,0.1,29.81,Storage,Female,East,Silver
O777308,C00297,P0007,2,27.57,2025-07-06,Cancelled,PayPal,North,0.1,49.63,Personal Care,Other,South,Silver
O735776,C00321,P0013,2,47.94,2025-07-06,Delivered,Bank Transfer,West,0.15,81.5,Cleaning,Male,West,Silver
O893383,C00047,P0010,1,19.6,2025-07-06,Delayed,Bank Transfer,North,0.2,15.68,Cleaning,Female,West,Bronze
O145449,C00233,P0025,1,17.12,2025-07-06,Delivered,Credit Card,Central,0.05,16.26,Cleaning,Other,Central,Silver
O574904,C00182,P0029,2,14.62,2025-07-06,Cancelled,PayPal,Central,0.1,26.32,Cleaning,Other,South,Gold
O943978,C00467,P0022,5,43.43,2025-07-06,Delayed,Credit Card,East,0.15,184.58,Cleaning,Other,North,Gold
O557416,C00455,P0009,1,28.14,2025-07-06,Cancelled,Credit Card,North,0.15,23.92,Outdoors,Male,South,Silver
O242976,C00477,P0004,1,44.76,2025-07-06,Delivered,Credit Card,South,0.1,40.28,Kitchen,Male,West,Bronze
O445523,C00016,P0025,2,30.95,2025-07-06,Delivered,PayPal,West,0.2,49.52,Cleaning,Other,North,Gold
O351647,C00110,P0021,4,47.14,2025-07-06,Cancelled,Credit Card,South,0.1,169.7,Kitchen,Female,South,Gold
O167421,C00119,P0003,4,44.64,2025-07-06,Cancelled,Bank Transfer,East,0.15,151.78,Cleaning,Female,South,Silver
O925895,C00225,P0003,3,12.83,2025-07-06,Cancelled,Credit Card,West,0.1,34.64,Cleaning,Female,South,Gold
O152215,C00083,P0003,5,14.43,2025-07-06,Delivered,PayPal,East,0.1,64.94,Cleaning,Female,Central,Silver
O422823,C00445,P0017,5,34.0,2025-07-06,Delayed,Credit Card,South,0.2,136.0,Personal Care,Male,West,Silver
O662463,C00167,P0013,2,16.4,2025-07-06,Delayed,Bank Transfer,North,0.05,31.16,Cleaning,Female,Central,Gold
O767505,C00238,P0011,1,29.12,2025-07-06,Delayed,PayPal,East,0.1,26.21,Kitchen,Male,South,Silver
O926407,C00045,P0012,2,40.34,2025-07-06,Delivered,Bank Transfer,North,0.1,72.61,Cleaning,Female,West,Bronze
O161787,C00041,P0013,2,37.53,2025-07-06,Delayed,Bank Transfer,North,0.0,75.06,Cleaning,Male,North,Bronze
O552279,C00359,P0014,4,31.96,2025-07-06,Cancelled,PayPal,North,0.15,108.66,Outdoors,Male,West,Gold
O724079,C00219,P0004,3,9.72,2025-07-06,Delayed,Bank Transfer,Central,0.1,26.24,Kitchen,Female,South,Silver
O645642,C00253,P0003,5,42.34,2025-07-06,Delivered,Bank Transfer,East,0.2,169.36,Cleaning,Male,East,Gold
O361712,C00331,P0006,3,19.94,2025-07-06,Delayed,PayPal,North,0.1,53.84,Cleaning,Female,West,Gold
O568746,C00209,P0004,5,23.66,2025-07-06,Delayed,Credit Card,Central,0.2,94.64,Kitchen,Male,North,Silver
O762621,C00212,P0028,2,30.79,2025-07-06,Delivered,Credit Card,South,0.0,61.58,Outdoors,Male,West,Gold
O247676,C00471,P0005,5,11.45,2025-07-06,Delivered,PayPal,North,0.1,51.52,Personal Care,Unknown,Unknown,Unknown
O259298,C00329,P0010,4,33.07,2025-07-06,Cancelled,PayPal,Central,0.1,119.05,Cleaning,Female,South,Gold
O592807,C00464,P0024,2,46.01,2025-07-06,Delayed,Credit Card,North,0.1,82.82,Storage,Male,Central,Gold
O570212,C00369,P0020,3,23.35,2025-07-06,Delivered,Credit Card,East,0.05,66.55,Cleaning,Other,West,Bronze
O292439,C00257,P0009,5,17.66,2025-07-06,Delayed,Bank Transfer,Central,0.1,79.47,Outdoors,Female,South,Gold
O474035,C00422,P0022,2,18.84,2025-07-06,Cancelled,Credit Card,South,0.15,32.03,Cleaning,Other,North,Silver
O308277,C00463,P0029,2,36.86,2025-07-06,Delayed,Credit Card,West,0.0,73.72,Cleaning,Other,West,Bronze
O314551,C00393,P0027,3,39.3,2025-07-06,Delivered,PayPal,Central,0.05,112.0,Outdoors,Female,North,Gold
O236723,C00204,P0001,5,45.91,2025-07-06,Delivered,Bank Transfer,South,0.05,218.07,Storage,Female,South,Silver
O852620,C00456,P0029,3,18.29,2025-07-06,Delayed,PayPal,East,0.05,52.13,Cleaning,Male,East,Bronze
O142897,C00196,P0007,2,32.23,2025-07-06,Delivered,Credit Card,North,0.1,58.01,Personal Care,Female,South,Gold
O968963,C00088,P0022,2,49.98,2025-07-06,Delivered,Credit Card,West,0.0,99.96,Cleaning,Male,West,Bronze
O642390,C00104,P0007,4,45.93,2025-07-06,Delivered,Bank Transfer,Central,0.15,156.16,Personal Care,Female,West,Silver
O495902,C00075,P0027,3,40.9,2025-07-06,Delivered,PayPal,West,0.1,110.43,Outdoors,Other,North,Gold
O337369,C00254,P0017,5,30.19,2025-07-06,Delivered,Credit Card,Central,0.0,150.95,Personal Care,Unknown,Unknown,Unknown
O189848,C00370,P0007,5,18.3,2025-07-06,Cancelled,PayPal,North,0.1,82.35,Personal Care,Female,East,Gold
O465082,C00078,P0025,5,49.77,2025-07-06,Delivered,Credit Card,South,0.2,199.08,Cleaning,Male,West,Gold
O936277,C00426,P0017,2,25.09,2025-07-06,Delivered,Bank Transfer,South,0.1,45.16,Personal Care,Male,East,Gold
O317584,C00188,P0007,2,38.92,2025-07-06,Delayed,Credit Card,West,0.1,70.06,Personal Care,Female,East,Gold
O984567,C00132,P0030,5,8.7,2025-07-06,Delivered,Credit Card,East,0.0,43.5,Cleaning,Female,South,Bronze
O219263,C00145,P0021,1,35.01,2025-07-06,Delayed,PayPal,East,0.1,31.51,Kitchen,Male,Central,Bronze
O828817,C00483,P0020,4,11.58,2025-07-06,Cancelled,PayPal,North,0.15,39.37,Cleaning,Female,East,Gold
O747455,C00330,P0010,4,39.06,2025-07-06,Delayed,Bank Transfer,West,0.05,148.43,Cleaning,Other,West,Bronze
O867433,C00094,P0025,3,29.54,2025-07-06,Delayed,Credit Card,South,0.05,84.19,Cleaning,Female,Central,Silver
O778727,C00090,P0010,5,31.08,2025-07-06,Delayed,Credit Card,North,0.15,132.09,Cleaning,Female,East,Unknown
O294234,C00265,P0015,1,11.19,2025-07-06,Delayed,PayPal,East,0.15,9.51,Storage,Male,West,Gold
O269788,C00362,P0026,3,42.3,2025-07-06,Delivered,Credit Card,East,0.0,126.9,Storage,Male,East,Gold
O609848,C00067,P0007,4,29.1,2025-07-06,Cancelled,Credit Card,East,0.15,98.94,Personal Care,Other,Central,Silver
O252072,C00104,P0004,5,48.99,2025-07-06,Delivered,Credit Card,Central,0.1,220.46,Kitchen,Female,West,Silver
O546756,C00463,P0018,4,22.11,2025-07-06,Delayed,Credit Card,East,0.15,75.17,Storage,Other,West,Bronze
O386155,C00335,P0009,3,29.82,2025-07-06,Cancelled,Bank Transfer,West,0.1,80.51,Outdoors,Male,South,Gold
O504456,C00200,P0028,3,12.42,2025-07-06,Delivered,PayPal,North,0.15,31.67,Outdoors,Male,East,Bronze
O769180,C00028,P0008,1,49.15,2025-07-06,Delivered,Credit Card,North,0.05,46.69,Storage,Female,North,Gold
O431291,C00292,P0015,3,10.25,2025-07-06,Delayed,Credit Card,West,0.05,29.21,Storage,Female,Central,Gold
O608428,C00152,P0003,1,13.8,2025-07-06,Delayed,PayPal,Central,0.2,11.04,Cleaning,Other,North,Silver
O405375,C00025,P0028,4,15.81,2025-07-06,Cancelled,Credit Card,East,0.1,56.92,Outdoors,Female,North,Gold
O631564,C00183,P0007,5,28.07,2025-07-06,Delayed,PayPal,Central,0.0,140.35,Personal Care,Female,South,Gold
O399490,C00207,P0027,2,40.88,2025-07-06,Delivered,Credit Card,South,0.1,73.58,Outdoors,Female,Central,Gold
O322414,C00408,P0023,5,19.57,2025-07-06,Delivered,PayPal,North,0.2,78.28,Outdoors,Male,East,Bronze
O180270,C00017,P0017,1,9.38,2025-07-06,Delivered,PayPal,Central,0.2,7.5,Personal Care,Male,West,Gold
O281625,C00155,P0015,2,49.58,2025-07-06,Cancelled,Credit Card,North,0.05,94.2,Storage,Male,South,Gold
O218231,C00324,P0014,4,12.76,2025-07-06,Delayed,Credit Card,East,0.15,43.38,Outdoors,Female,Central,Gold
O296971,C00218,P0017,3,9.7,2025-07-06,Delivered,Credit Card,West,0.1,26.19,Personal Care,Female,West,Bronze
O459208,C00126,P0014,1,36.62,2025-07-06,Cancelled,PayPal,Central,0.0,36.62,Outdoors,Female,West,Silver
O757625,C00063,P0026,1,21.6,2025-07-06,Delayed,Bank Transfer,East,0.2,17.28,Storage,Male,North,Gold
O968061,C00006,P0026,4,33.95,2025-07-06,Delayed,Bank Transfer,Central,0.0,135.8,Storage,Male,Central,Bronze
O969770,C00388,P0030,2,47.68,2025-07-06,Delivered,Credit Card,Central,0.15,81.06,Cleaning,Male,North,Gold
O681733,C00189,P0019,3,15.31,2025-07-06,Delivered,Credit Card,East,0.1,41.34,Kitchen,Male,North,Bronze
O958289,C00068,P0021,2,19.26,2025-07-06,Delivered,Bank Transfer,Central,0.0,38.52,Kitchen,Female,East,Gold
O515575,C00042,P0028,3,26.4,2025-07-06,Delayed,Bank Transfer,East,0.1,71.28,Outdoors,Female,West,Bronze
O616050,C00098,P0020,4,24.87,2025-07-06,Delivered,Credit Card,North,0.1,89.53,Cleaning,Female,East,Gold
O893698,C00001,P0011,4,38.75,2025-07-06,Delayed,Bank Transfer,North,0.05,147.25,Kitchen,Male,Central,Silver
O141020,C00108,P0019,5,23.5,2025-07-06,Delayed,Bank Transfer,East,0.0,117.5,Kitchen,Female,West,Bronze
O243015,C00136,P0025,4,19.01,2025-07-06,Delayed,Credit Card,East,0.05,72.24,Cleaning,Male,Central,Gold
O287270,C00050,P0007,4,31.43,2025-07-06,Delayed,PayPal,South,0.1,113.15,Personal Care,Female,West,Bronze
O336056,C00497,P0007,2,46.96,2025-07-06,Delivered,PayPal,East,0.1,84.53,Personal Care,Unknown,West,Gold
O415302,C00151,P0002,1,20.99,2025-07-06,Delayed,PayPal,South,0.0,20.99,Cleaning,Female,Central,Gold
O720645,C00216,P0030,5,44.95,2025-07-06,Delayed,PayPal,South,0.15,191.04,Cleaning,Male,South,Bronze
O520339,C00143,P0003,2,11.48,2025-07-06,Delayed,Credit Card,West,0.05,21.81,Cleaning,Other,Central,Gold
O266648,C00484,P0030,2,39.54,2025-07-06,Delivered,Credit Card,South,0.1,71.17,Cleaning,Male,North,Gold
O647047,C00492,P0005,3,35.39,2025-07-06,Delivered,Credit Card,West,0.1,95.55,Personal Care,Male,Central,Gold
O710662,C00440,P0029,5,26.02,2025-07-06,Delayed,Credit Card,West,0.1,117.09,Cleaning,Other,North,Gold
O156158,C00094,P0028,2,31.53,2025-07-06,Delayed,Credit Card,Central,0.1,56.75,Outdoors,Female,Central,Silver
O581212,C00467,P0020,3,26.37,2025-07-06,Delivered,Bank Transfer,South,0.0,79.11,Cleaning,Other,North,Gold
O912700,C00319,P0018,1,43.14,2025-07-06,Cancelled,Credit Card,Central,0.1,38.83,Storage,Male,West,Gold
O532216,C00222,P0029,5,25.63,2025-07-06,Delayed,Bank Transfer,East,0.05,121.74,Cleaning,Female,East,Silver
O968066,C00136,P0009,5,20.95,2025-07-06,Cancelled,Credit Card,West,0.1,94.28,Outdoors,Male,Central,Gold
O374460,C00012,P0015,3,20.78,2025-07-06,Cancelled,PayPal,South,0.0,62.34,Storage,Female,North,Silver
O421447,C00381,P0014,3,31.43,2025-07-06,Delayed,Bank Transfer,North,0.1,84.86,Outdoors,Male,South,Gold
O585403,C00371,P0020,2,25.25,2025-07-06,Delivered,Bank Transfer,West,0.1,45.45,Cleaning,Other,North,Silver
O371483,C00296,P0007,4,33.95,2025-07-06,Delayed,Credit Card,West,0.1,122.22,Personal Care,Male,East,Gold
O216409,C00062,P0006,3,46.94,2025-07-06,Delivered,PayPal,South,0.05,133.78,Cleaning,Male,West,Gold
O911764,C00303,P0028,4,37.06,2025-07-06,Cancelled,Bank Transfer,South,0.05,140.83,Outdoors,Other,Central,Bronze
O520137,C00253,P0010,4,13.04,2025-07-06,Delivered,PayPal,North,0.1,46.94,Cleaning,Male,East,Gold
O260455,C00368,P0026,4,49.88,2025-07-06,Delayed,Credit Card,Central,0.05,189.54,Storage,Female,East,Silver
O980481,C00432,P0011,5,33.7,2025-07-06,Cancelled,Credit Card,West,0.1,151.65,Kitchen,Female,North,Bronze
O601987,C00489,P0021,5,25.2,2025-07-06,Delivered,Credit Card,South,0.0,126.0,Kitchen,Female,West,Bronze
O916175,C00434,P0028,4,10.83,2025-07-06,Cancelled,Credit Card,East,0.2,34.66,Outdoors,Male,West,Gold
O399345,C00027,P0002,1,13.87,2025-07-06,Delayed,Credit Card,North,0.2,11.1,Cleaning,Male,North,Gold
O604485,C00460,P0025,3,21.41,2025-07-06,Delayed,PayPal,East,0.1,57.81,Cleaning,Other,West,Gold
O899680,C00386,P0017,1,26.34,2025-07-06,Delivered,Bank Transfer,East,0.1,23.71,Personal Care,Other,East,Gold
O737832,C00117,P0019,2,48.94,2025-07-06,Delivered,PayPal,Central,0.15,83.2,Kitchen,Female,North,Silver
O554458,C00350,P0001,5,21.62,2025-07-06,Delivered,Credit Card,West,0.2,86.48,Storage,Female,North,Silver
O768870,C00249,P0030,2,38.3,2025-07-06,Delayed,Credit Card,West,0.1,68.94,Cleaning,Male,South,Gold
O937016,C00147,P0027,2,45.13,2025-07-06,Delivered,PayPal,East,0.1,81.23,Outdoors,Male,East,Gold
O953502,C00251,P0012,5,23.26,2025-07-06,Cancelled,Credit Card,West,0.1,104.67,Cleaning,Male,North,Gold
O783441,C00340,P0003,4,28.7,2025-07-06,Delivered,PayPal,East,0.05,109.06,Cleaning,Male,Central,Bronze
O630609,C00083,P0008,3,41.77,2025-07-06,Delivered,Bank Transfer,West,0.2,100.25,Storage,Female,Central,Silver
O442220,C00495,P0027,5,14.12,2025-07-06,Cancelled,Credit Card,West,0.2,56.48,Outdoors,Male,Central,Gold
O348379,C00402,P0010,3,21.95,2025-07-06,Delayed,Credit Card,North,0.0,65.85,Cleaning,Female,South,Silver
O298727,C00245,P0024,3,21.14,2025-07-06,Delivered,Credit Card,West,0.15,53.91,Storage,Male,North,Gold
O583620,C00187,P0018,2,28.79,2025-07-06,Delayed,Credit Card,North,0.05,54.7,Storage,Female,Central,Gold
O125535,C00015,P0029,2,44.82,2025-07-06,Delivered,Bank Transfer,South,0.2,71.71,Cleaning,Female,Central,Bronze
O211011,C00025,P0010,2,22.05,2025-07-06,Delivered,Credit Card,Central,0.0,44.1,Cleaning,Female,North,Gold
O654585,C00213,P0030,1,34.43,2025-07-06,Delayed,Credit Card,West,0.0,34.43,Cleaning,Female,South,Bronze
O436130,C00204,P0008,1,16.61,2025-07-06,Delivered,Bank Transfer,South,0.2,13.29,Storage,Female,South,Silver
O384532,C00259,P0013,1,19.65,2025-07-06,Cancelled,Bank Transfer,Central,0.1,17.68,Cleaning,Female,West,Gold
O493022,C00008,P0025,5,46.5,2025-07-06,Delivered,Bank Transfer,South,0.1,209.25,Cleaning,Male,Central,Gold
O228623,C00137,P0013,5,33.16,2025-07-06,Delayed,Credit Card,West,0.05,157.51,Cleaning,Female,North,Bronze
O815287,C00178,P0018,3,18.35,2025-07-06,Delivered,Bank Transfer,East,0.05,52.3,Storage,Female,North,Silver
O239492,C00005,P0027,1,40.01,2025-07-06,Delivered,Bank Transfer,Central,0.1,36.01,Outdoors,Male,West,Bronze
O323184,C00325,P0012,5,48.92,2025-07-06,Delayed,Credit Card,Central,0.1,220.14,Cleaning,Male,West,Bronze
O741434,C00350,P0022,4,17.65,2025-07-06,Delivered,Credit Card,East,0.05,67.07,Cleaning,Female,North,Silver
O114534,C00080,P0015,2,37.3,2025-07-06,Delivered,Credit Card,East,0.15,63.41,Storage,Female,North,Bronze
O547615,C00481,P0022,3,43.82,2025-07-06,Cancelled,Credit Card,North,0.1,118.31,Cleaning,Female,North,Gold
O998149,C00159,P0017,1,44.6,2025-07-06,Delayed,PayPal,South,0.05,42.37,Personal Care,Male,West,Bronze
O387231,C00261,P0021,3,24.2,2025-07-06,Delivered,PayPal,South,0.1,65.34,Kitchen,Female,Central,Gold
O617600,C00159,P0019,2,32.62,2025-07-06,Delivered,Credit Card,South,0.05,61.98,Kitchen,Male,West,Bronze
O955396,C00318,P0030,5,11.32,2025-07-06,Delivered,Credit Card,North,0.05,53.77,Cleaning,Female,West,Gold
O228030,C00104,P0025,5,42.73,2025-07-06,Cancelled,Credit Card,South,0.15,181.6,Cleaning,Female,West,Silver
O332717,C00454,P0003,4,24.77,2025-07-06,Delivered,Bank Transfer,North,0.0,99.08,Cleaning,Female,South,Gold
O544107,C00365,P0023,4,47.14,2025-07-06,Cancelled,Credit Card,South,0.2,150.85,Outdoors,Male,West,Silver
O815606,C00292,P0024,3,20.43,2025-07-06,Delayed,Credit Card,Central,0.2,49.03,Storage,Female,Central,Gold
O776208,C00208,P0016,3,25.72,2025-07-06,Delivered,Credit Card,North,0.1,69.44,Cleaning,Female,East,Silver
O627750,C00193,P0006,2,27.3,2025-07-06,Cancelled,Credit Card,West,0.1,49.14,Cleaning,Female,South,Gold
O734181,C00493,P0021,3,40.11,2025-07-06,Delayed,Credit Card,West,0.2,96.26,Kitchen,Female,South,Gold
O989053,C00449,P0029,2,19.25,2025-07-06,Cancelled,PayPal,South,0.2,30.8,Cleaning,Female,East,Silver
O490940,C00331,P0028,1,12.08,2025-07-06,Delivered,PayPal,East,0.1,10.87,Outdoors,Female,West,Gold
O920910,C00174,P0019,3,9.36,2025-07-06,Delivered,PayPal,South,0.1,25.27,Kitchen,Other,South,Bronze
O749400,C00470,P0015,3,21.91,2025-07-06,Delivered,Credit Card,East,0.15,55.87,Storage,Female,North,Silver
O392155,C00262,P0014,2,38.86,2025-07-06,Cancelled,Bank Transfer,West,0.1,69.95,Outdoors,Female,South,Gold
O608985,C00179,P0010,1,12.37,2025-07-06,Cancelled,PayPal,North,0.1,11.13,Cleaning,Female,South,Gold
O824130,C00352,P0020,5,20.27,2025-07-06,Delivered,Credit Card,Central,0.0,101.35,Cleaning,Other,West,Gold
O984251,C00180,P0010,3,11.96,2025-07-06,Cancelled,PayPal,West,0.15,30.5,Cleaning,Other,West,Gold
O486928,C00348,P0026,4,21.93,2025-07-06,Delivered,Credit Card,Central,0.1,78.95,Storage,Female,West,Gold
O217718,C00012,P0019,3,10.26,2025-07-06,Delivered,Bank Transfer,Central,0.1,27.7,Kitchen,Female,North,Silver
O154936,C00456,P0015,1,33.08,2025-07-06,Cancelled,Bank Transfer,West,0.0,33.08,Storage,Male,East,Bronze
O914205,C00403,P0014,4,24.49,2025-07-06,Delayed,PayPal,West,0.1,88.16,Outdoors,Female,East,Silver
O425798,C00345,P0009,5,21.07,2025-07-06,Delivered,Credit Card,North,0.1,94.82,Outdoors,Female,West,Gold
O769302,C00014,P0012,1,21.42,2025-07-06,Cancelled,Credit Card,West,0.1,19.28,Cleaning,Other,Central,Gold
O744339,C00080,P0025,2,14.98,2025-07-06,Delayed,PayPal,Central,0.05,28.46,Cleaning,Female,North,Bronze
O710892,C00245,P0019,4,12.66,2025-07-06,Delivered,Credit Card,North,0.05,48.11,Kitchen,Male,North,Gold
O717254,C00373,P0006,4,36.58,2025-07-06,Delayed,Bank Transfer,Central,0.1,131.69,Cleaning,Male,Central,Gold
O942145,C00001,P0023,4,31.26,2025-07-06,Delayed,PayPal,North,0.15,106.28,Outdoors,Male,Central,Silver
O602340,C00336,P0023,3,39.58,2025-07-06,Delivered,PayPal,North,0.0,118.74,Outdoors,Female,East,Silver
O121108,C00439,P0020,3,10.12,2025-07-06,Cancelled,Credit Card,South,0.15,25.81,Cleaning,Other,North,Bronze
O696929,C00110,P0023,2,27.16,2025-07-06,Delayed,Credit Card,North,0.1,48.89,Outdoors,Female,South,Gold
O302359,C00281,P0019,5,25.84,2025-07-06,Delivered,Bank Transfer,West,0.1,116.28,Kitchen,Other,East,Bronze
O958093,C00339,P0018,3,43.55,2025-07-06,Cancelled,Credit Card,North,0.1,117.58,Storage,Female,North,Gold
O846855,C00350,P0030,4,22.46,2025-07-06,Delayed,PayPal,South,0.1,80.86,Cleaning,Female,North,Silver
O964147,C00024,P0024,5,33.38,2025-07-06,Cancelled,Credit Card,Central,0.05,158.56,Storage,Female,West,Silver
O164718,C00138,P0016,1,21.52,2025-07-06,Delayed,Credit Card,East,0.1,19.37,Cleaning,Female,East,Gold
O578433,C00010,P0016,5,20.67,2025-07-06,Delayed,Credit Card,Central,0.15,87.85,Cleaning,Male,East,Gold
O480138,C00062,P0008,5,16.82,2025-07-06,Cancelled,Bank Transfer,West,0.15,71.48,Storage,Male,West,Gold
O862526,C00270,P0020,1,16.9,2025-07-06,Delayed,Credit Card,South,0.1,15.21,Cleaning,Male,North,Silver
O165091,C00402,P0013,1,19.17,2025-07-06,Delivered,Bank Transfer,West,0.15,16.29,Cleaning,Female,South,Silver
O254586,C00280,P0023,2,35.74,2025-07-06,Delayed,Credit Card,South,0.1,64.33,Outdoors,Male,Central,Gold
O980226,C00222,P0022,3,45.06,2025-07-06,Cancelled,Credit Card,South,0.05,128.42,Cleaning,Female,East,Silver
O149485,C00103,P0013,2,35.28,2025-07-06,Cancelled,Credit Card,South,0.1,63.5,Cleaning,Male,Central,Gold
O302375,C00027,P0005,5,39.66,2025-07-06,Cancelled,Bank Transfer,East,0.0,198.3,Personal Care,Male,North,Gold
O478955,C00233,P0030,1,23.46,2025-07-06,Delayed,Bank Transfer,Central,0.05,22.29,Cleaning,Other,Central,Silver
O376103,C00104,P0013,1,11.59,2025-07-06,Delivered,Credit Card,North,0.05,11.01,Cleaning,Female,West,Silver
O304075,C00492,P0026,3,15.58,2025-07-06,Delivered,Credit Card,West,0.0,46.74,Storage,Male,Central,Gold
O820127,C00173,P0015,2,14.78,2025-07-06,Delivered,Bank Transfer,North,0.1,26.6,Storage,Female,West,Gold
O282237,C00476,P0018,1,15.54,2025-07-06,Delayed,Bank Transfer,East,0.0,15.54,Storage,Female,East,Bronze
O556620,C00380,P0017,3,23.58,2025-07-06,Delivered,Credit Card,East,0.05,67.2,Personal Care,Male,South,Gold
O897490,C00224,P0011,1,11.42,2025-07-06,Delayed,Credit Card,East,0.1,10.28,Kitchen,Female,West,Gold
O329988,C00074,P0013,1,11.49,2025-07-06,Delayed,Credit Card,West,0.0,11.49,Cleaning,Male,North,Bronze
O425237,C00323,P0028,4,28.58,2025-07-06,Cancelled,Credit Card,Central,0.05,108.6,Outdoors,Other,South,Bronze
O414837,C00162,P0006,5,13.59,2025-07-06,Cancelled,Credit Card,South,0.05,64.55,Cleaning,Female,West,Silver
O957791,C00363,P0014,2,40.55,2025-07-06,Delivered,Bank Transfer,West,0.15,68.93,Outdoors,Male,West,Gold
O621541,C00172,P0026,3,49.14,2025-07-06,Cancelled,Credit Card,Central,0.1,132.68,Storage,Female,East,Bronze
O933699,C00275,P0005,1,23.07,2025-07-06,Delivered,PayPal,Central,0.15,19.61,Personal Care,Other,West,Gold
O604296,C00029,P0027,1,48.86,2025-07-06,Delayed,Bank Transfer,South,0.15,41.53,Outdoors,Male,North,Silver
O680157,C00387,P0015,4,42.26,2025-07-06,Delayed,Bank Transfer,East,0.05,160.59,Storage,Female,North,Gold
O461774,C00426,P0004,1,18.5,2025-07-06,Delayed,Credit Card,Central,0.2,14.8,Kitchen,Male,East,Gold
O403556,C00130,P0007,1,26.8,2025-07-06,Delivered,Bank Transfer,Central,0.0,26.8,Personal Care,Female,South,Gold
O879006,C00226,P0026,3,48.35,2025-07-06,Delivered,PayPal,North,0.0,145.05,Storage,Male,East,Gold
O365274,C00374,P0018,1,48.12,2025-07-06,Delayed,Credit Card,North,0.1,43.31,Storage,Female,North,Gold
O279280,C00100,P0022,1,20.28,2025-07-06,Delayed,Credit Card,North,0.1,18.25,Cleaning,Male,South,Gold
O477423,C00396,P0019,1,22.61,2025-07-06,Delivered,Credit Card,South,0.2,18.09,Kitchen,Male,North,Gold
O457749,C00063,P0009,1,38.52,2025-07-06,Delayed,Bank Transfer,Central,0.1,34.67,Outdoors,Male,North,Gold
O594825,C00230,P0010,4,12.3,2025-07-06,Delayed,Credit Card,North,0.1,44.28,Cleaning,Other,South,Bronze
O386791,C00019,P0030,1,35.96,2025-07-06,Delayed,PayPal,East,0.05,34.16,Cleaning,Female,East,Gold
O189925,C00098,P0013,3,46.37,2025-07-06,Delivered,Bank Transfer,South,0.1,125.2,Cleaning,Female,East,Gold
O562891,C00380,P0015,4,47.98,2025-07-06,Cancelled,PayPal,West,0.0,191.92,Storage,Male,South,Gold
O116202,C00007,P0028,4,49.83,2025-07-06,Delayed,Credit Card,Central,0.2,159.46,Outdoors,Female,North,Gold
O842375,C00202,P0014,2,24.23,2025-07-06,Delivered,Credit Card,Central,0.2,38.77,Outdoors,Female,Central,Bronze
O496961,C00039,P0019,5,15.69,2025-07-06,Delayed,PayPal,West,0.0,78.45,Kitchen,Other,South,Silver
O533506,C00258,P0016,1,23.1,2025-07-06,Delivered,Bank Transfer,East,0.15,19.64,Cleaning,Female,East,Bronze
O910114,C00148,P0026,4,43.08,2025-07-06,Delayed,Credit Card,South,0.15,146.47,Storage,Male,West,Gold
O729667,C00064,P0008,2,24.24,2025-07-06,Delivered,Credit Card,West,0.15,41.21,Storage,Female,Central,Gold
O748962,C00405,P0010,4,47.67,2025-07-06,Delayed,Bank Transfer,East,0.1,171.61,Cleaning,Other,West,Silver
O775376,C00391,P0021,4,15.06,2025-07-06,Delivered,Bank Transfer,Central,0.1,54.22,Kitchen,Other,North,Bronze
O597049,C00198,P0010,2,14.16,2025-07-06,Delivered,PayPal,Central,0.1,25.49,Cleaning,Male,West,Gold
O158674,C00217,P0019,4,17.63,2025-07-06,Delivered,Bank Transfer,West,0.0,70.52,Kitchen,Female,South,Bronze
O231427,C00447,P0011,1,17.21,2025-07-06,Delivered,Bank Transfer,East,0.15,14.63,Kitchen,Female,Central,Silver
O185474,C00085,P0026,1,26.11,2025-07-06,Delivered,Credit Card,East,0.0,26.11,Storage,Male,South,Gold
O518230,C00227,P0008,1,24.68,2025-07-06,Delivered,Bank Transfer,Central,0.05,23.45,Storage,Male,East,Bronze
O786852,C00273,P0015,3,45.91,2025-07-06,Delivered,Credit Card,South,0.15,117.07,Storage,Male,Central,Gold
O328584,C00251,P0020,4,42.7,2025-07-06,Delivered,PayPal,West,0.0,170.8,Cleaning,Male,North,Gold
O205417,C00065,P0014,1,36.63,2025-07-06,Delivered,Credit Card,West,0.1,32.97,Outdoors,Male,North,Gold
O404468,C00013,P0007,2,40.52,2025-07-06,Delivered,Credit Card,North,0.2,64.83,Personal Care,Female,West,Gold
O682500,C00304,P0011,3,48.41,2025-07-06,Delayed,Bank Transfer,South,0.05,137.97,Kitchen,Male,East,Gold
O796825,C00002,P0018,1,11.08,2025-07-06,Delayed,PayPal,Central,0.2,8.86,Storage,Female,Central,Gold
O327065,C00277,P0030,4,11.88,2025-07-06,Delayed,Credit Card,North,0.2,38.02,Cleaning,Female,South,Gold
O709304,C00179,P0021,4,47.33,2025-07-06,Delivered,PayPal,South,0.05,179.85,Kitchen,Female,South,Gold
O497207,C00447,P0021,5,11.57,2025-07-06,Delayed,Credit Card,North,0.05,54.96,Kitchen,Female,Central,Silver
O429135,C00340,P0018,3,31.08,2025-07-06,Delivered,Credit Card,East,0.0,93.24,Storage,Male,Central,Bronze
O281282,C00262,P0022,5,8.06,2025-07-06,Cancelled,Credit Card,South,0.2,32.24,Cleaning,Female,South,Gold
O738320,C00027,P0006,5,48.46,2025-07-06,Delivered,Bank Transfer,South,0.1,218.07,Cleaning,Male,North,Gold
O986810,C00170,P0023,4,18.79,2025-07-06,Delayed,PayPal,East,0.0,75.16,Outdoors,Male,West,Gold
O798191,C00405,P0011,3,24.98,2025-07-06,Cancelled,Credit Card,East,0.1,67.45,Kitchen,Other,West,Silver
O380272,C00251,P0004,3,40.2,2025-07-06,Delayed,Credit Card,South,0.0,120.6,Kitchen,Male,North,Gold
O587711,C00493,P0024,5,26.09,2025-07-06,Delivered,PayPal,Central,0.2,104.36,Storage,Female,South,Gold
O943644,C00342,P0029,2,19.67,2025-07-06,Cancelled,PayPal,West,0.0,39.34,Cleaning,Other,East,Unknown
O792725,C00211,P0011,5,46.74,2025-07-06,Delayed,Bank Transfer,East,0.1,210.33,Kitchen,Male,North,Silver
O202148,C00450,P0003,3,33.16,2025-07-06,Delayed,Bank Transfer,West,0.1,89.53,Cleaning,Female,East,Gold
O954558,C00128,P0013,2,10.67,2025-07-06,Delayed,Credit Card,West,0.1,19.21,Cleaning,Male,East,Silver
O190826,C00024,P0027,3,48.97,2025-07-06,Delivered,PayPal,North,0.1,132.22,Outdoors,Female,West,Silver
O561191,C00366,P0027,4,30.05,2025-07-06,Cancelled,Credit Card,North,0.1,108.18,Outdoors,Female,North,Bronze
O671784,C00038,P0001,1,23.35,2025-07-06,Cancelled,Credit Card,East,0.0,23.35,Storage,Female,East,Gold
O450954,C00320,P0015,3,44.96,2025-07-06,Delivered,PayPal,East,0.1,121.39,Storage,Female,Central,Bronze
O454671,C00398,P0019,3,15.24,2025-07-06,Cancelled,Credit Card,East,0.1,41.15,Kitchen,Other,Central,Bronze
O326132,C00032,P0022,2,14.4,2025-07-06,Cancelled,Bank Transfer,West,0.0,28.8,Cleaning,Female,East,Gold
O271382,C00364,P0022,2,18.61,2025-07-06,Delivered,Bank Transfer,East,0.15,31.64,Cleaning,Female,South,Silver
O973387,C00166,P0011,1,33.16,2025-07-06,Delivered,PayPal,Central,0.05,31.5,Kitchen,Female,North,Gold
O345711,C00351,P0017,3,12.9,2025-07-06,Cancelled,Credit Card,East,0.15,32.9,Personal Care,Female,South,Gold
O299003,C00116,P0011,2,10.29,2025-07-06,Delayed,PayPal,North,0.1,18.52,Kitchen,Female,East,Silver
O171538,C00065,P0022,5,41.45,2025-07-06,Delayed,PayPal,West,0.15,176.16,Cleaning,Male,North,Gold
O207686,C00207,P0003,5,8.43,2025-07-06,Delivered,Credit Card,Central,0.15,35.83,Cleaning,Female,Central,Gold
O853634,C00067,P0026,1,10.54,2025-07-06,Delivered,Credit Card,East,0.1,9.49,Storage,Other,Central,Silver
O176847,C00064,P0003,1,23.47,2025-07-06,Cancelled,Credit Card,Central,0.15,19.95,Cleaning,Female,Central,Gold
O828753,C00184,P0030,1,45.53,2025-07-06,Delivered,Bank Transfer,South,0.2,36.42,Cleaning,Female,North,Silver
O905893,C00448,P0008,1,37.31,2025-07-06,Cancelled,PayPal,West,0.0,37.31,Storage,Female,South,Silver
O143477,C00468,P0029,3,26.71,2025-07-06,Delivered,Bank Transfer,East,0.1,72.12,Cleaning,Female,North,Gold
O858906,C00484,P0030,4,23.42,2025-07-06,Delivered,Credit Card,South,0.0,93.68,Cleaning,Male,North,Gold
O845426,C00341,P0007,4,28.8,2025-07-06,Cancelled,PayPal,West,0.1,103.68,Personal Care,Female,Central,Silver
O690774,C00063,P0021,5,13.22,2025-07-06,Delayed,Credit Card,South,0.0,66.1,Kitchen,Male,North,Gold
O839264,C00139,P0018,5,45.84,2025-07-06,Delayed,Credit Card,Central,0.2,183.36,Storage,Other,Central,Bronze
O473557,C00442,P0028,3,47.68,2025-07-06,Delayed,Credit Card,North,0.2,114.43,Outdoors,Male,North,Bronze
O822237,C00040,P0029,4,36.49,2025-07-06,Delayed,Credit Card,East,0.1,131.36,Cleaning,Female,East,Gold
O545074,C00120,P0009,4,37.67,2025-07-06,Delivered,Credit Card,Central,0.0,150.68,Outdoors,Female,West,Gold
O665104,C00066,P0015,2,29.1,2025-07-06,Cancelled,Bank Transfer,West,0.1,52.38,Storage,Other,South,Gold
O866970,C00284,P0008,3,10.17,2025-07-06,Delayed,Credit Card,North,0.15,25.93,Storage,Male,East,Gold
O819488,C00440,P0028,5,29.87,2025-07-06,Delivered,Credit Card,Central,0.05,141.88,Outdoors,Other,North,Gold
O770454,C00396,P0027,4,41.92,2025-07-06,Delivered,Bank Transfer,South,0.1,150.91,Outdoors,Male,North,Gold
O263949,C00191,P0025,1,31.39,2025-07-06,Delivered,PayPal,North,0.2,25.11,Cleaning,Other,East,Silver
O438777,C00270,P0020,3,48.52,2025-07-06,Delayed,PayPal,West,0.05,138.28,Cleaning,Male,North,Silver
O683403,C00300,P0030,2,30.21,2025-07-06,Cancelled,Credit Card,South,0.1,54.38,Cleaning,Female,East,Bronze
O638262,C00216,P0004,4,42.86,2025-07-06,Delivered,Credit Card,South,0.0,171.44,Kitchen,Male,South,Bronze
O160204,C00500,P0028,5,37.12,2025-07-06,Cancelled,Credit Card,North,0.2,148.48,Outdoors,Male,North,Gold
O795096,C00442,P0010,4,29.97,2025-07-06,Delivered,Bank Transfer,West,0.15,101.9,Cleaning,Male,North,Bronze
O734694,C00418,P0006,5,32.2,2025-07-06,Delayed,Bank Transfer,South,0.0,161.0,Cleaning,Male,North,Gold
O434681,C00252,P0017,5,33.64,2025-07-06,Delivered,Bank Transfer,North,0.05,159.79,Personal Care,Unknown,North,Bronze
O632231,C00334,P0012,3,16.82,2025-07-06,Delayed,Bank Transfer,South,0.1,45.41,Cleaning,Female,South,Gold
O797826,C00290,P0018,3,34.33,2025-07-06,Cancelled,Bank Transfer,West,0.1,92.69,Storage,Male,South,Gold
O695313,C00061,P0026,3,30.74,2025-07-06,Delivered,Bank Transfer,Central,0.0,92.22,Storage,Female,North,Gold
O837131,C00138,P0016,3,45.63,2025-07-06,Delivered,Credit Card,West,0.1,123.2,Cleaning,Female,East,Gold
O809871,C00221,P0014,5,34.32,2025-07-06,Cancelled,Credit Card,South,0.2,137.28,Outdoors,Female,West,Silver
O351931,C00186,P0026,4,10.3,2025-07-06,Delayed,Bank Transfer,Central,0.05,39.14,Storage,Female,North,Silver
O874452,C00211,P0017,1,47.04,2025-07-06,Delayed,Bank Transfer,North,0.1,42.34,Personal Care,Male,North,Silver
O302284,C00455,P0001,5,20.6,2025-07-06,Cancelled,Credit Card,South,0.15,87.55,Storage,Male,South,Silver
O670445,C00302,P0026,1,10.92,2025-07-06,Delayed,Credit Card,Central,0.15,9.28,Storage,Male,South,Silver
O529697,C00272,P0015,3,17.58,2025-07-06,Delivered,PayPal,West,0.1,47.47,Storage,Female,South,Silver
O831300,C00106,P0011,5,26.17,2025-07-06,Cancelled,PayPal,West,0.15,111.22,Kitchen,Female,East,Gold
O752579,C00240,P0009,1,9.79,2025-07-06,Delivered,Credit Card,North,0.0,9.79,Outdoors,Female,North,Silver
O746517,C00418,P0003,5,40.91,2025-07-06,Delayed,Bank Transfer,West,0.05,194.32,Cleaning,Male,North,Gold
O366098,C00305,P0026,2,12.53,2025-07-06,Delayed,Credit Card,East,0.1,22.55,Storage,Male,Central,Silver
O914450,C00236,P0025,4,18.07,2025-07-06,Delivered,PayPal,North,0.0,72.28,Cleaning,Other,North,Gold
O704432,C00065,P0009,5,27.41,2025-07-06,Delivered,Bank Transfer,South,0.0,137.05,Outdoors,Male,North,Gold
O886030,C00462,P0006,2,41.99,2025-07-06,Delayed,Credit Card,South,0.1,75.58,Cleaning,Other,West,Gold
O788693,C00062,P0030,1,14.0,2025-07-06,Delivered,Credit Card,East,0.2,11.2,Cleaning,Male,West,Gold
O685088,C00176,P0015,5,26.75,2025-07-06,Delivered,PayPal,Central,0.15,113.69,Storage,Other,South,Bronze
O762308,C00491,P0010,1,32.61,2025-07-06,Delayed,Credit Card,South,0.15,27.72,Cleaning,Other,Central,Gold
O897951,C00320,P0016,2,21.07,2025-07-06,Delivered,Credit Card,Central,0.1,37.93,Cleaning,Female,Central,Bronze
O500527,C00050,P0028,5,19.46,2025-07-06,Delivered,Credit Card,West,0.05,92.44,Outdoors,Female,West,Bronze
O890022,C00378,P0012,3,42.93,2025-07-06,Delivered,Bank Transfer,Central,0.1,115.91,Cleaning,Male,South,Gold
O151618,C00378,P0002,1,39.87,2025-07-06,Delayed,PayPal,East,0.15,33.89,Cleaning,Male,South,Gold
O789588,C00491,P0015,3,18.89,2025-07-06,Delayed,Bank Transfer,South,0.0,56.67,Storage,Other,Central,Gold
O338592,C00108,P0003,1,12.4,2025-07-06,Cancelled,PayPal,East,0.1,11.16,Cleaning,Female,West,Bronze
O305911,C00311,P0023,4,22.97,2025-07-06,Delivered,Bank Transfer,Central,0.2,73.5,Outdoors,Male,North,Gold
O800370,C00150,P0008,1,16.96,2025-07-06,Cancelled,Bank Transfer,Central,0.1,15.26,Storage,Female,West,Bronze
O728584,C00428,P0029,1,19.72,2025-07-06,Delayed,Bank Transfer,West,0.15,16.76,Cleaning,Female,North,Gold
O264605,C00317,P0005,1,22.21,2025-07-06,Delivered,PayPal,South,0.1,19.99,Personal Care,Female,South,Gold
O570770,C00166,P0011,4,8.26,2025-07-06,Delivered,Bank Transfer,South,0.0,33.04,Kitchen,Female,North,Gold
O283683,C00431,P0010,5,43.7,2025-07-06,Delayed,Bank Transfer,South,0.05,207.58,Cleaning,Female,Central,Gold
O598870,C00067,P0027,3,27.79,2025-07-06,Delayed,Credit Card,Central,0.15,70.86,Outdoors,Other,Central,Silver
O820814,C00073,P0014,2,20.73,2025-07-06,Delayed,PayPal,East,0.15,35.24,Outdoors,Female,North,Silver
O120685,C00133,P0029,2,35.46,2025-07-06,Delivered,Credit Card,South,0.1,63.83,Cleaning,Female,Central,Bronze
O858215,C00097,P0026,5,25.32,2025-07-06,Delivered,Credit Card,South,0.05,120.27,Storage,Female,East,Silver
O877112,C00059,P0019,2,19.5,2025-07-06,Delayed,Credit Card,West,0.0,39.0,Kitchen,Female,West,Bronze
O963154,C00408,P0026,5,44.56,2025-07-06,Delivered,Credit Card,Central,0.05,211.66,Storage,Male,East,Bronze
O979349,C00053,P0008,2,20.85,2025-07-06,Delayed,Credit Card,North,0.1,37.53,Storage,Female,North,Gold
O473088,C00056,P0010,3,22.79,2025-07-06,Delivered,Bank Transfer,South,0.1,61.53,Cleaning,Male,South,Bronze
O303288,C00245,P0024,1,31.79,2025-07-06,Delayed,Credit Card,West,0.0,31.79,Storage,Male,North,Gold
O323450,C00062,P0006,2,49.68,2025-07-06,Delayed,Credit Card,East,0.1,89.42,Cleaning,Male,West,Gold
O896121,C00142,P0027,1,44.98,2025-07-06,Delivered,Bank Transfer,North,0.15,38.23,Outdoors,Other,East,Bronze
O124376,C00468,P0019,2,25.47,2025-07-06,Delivered,Credit Card,Central,0.2,40.75,Kitchen,Female,North,Gold
O820528,C00474,P0009,2,47.93,2025-07-06,Delivered,Credit Card,South,0.05,91.07,Outdoors,Female,East,Bronze
O624984,C00227,P0021,2,29.56,2025-07-06,Delayed,Bank Transfer,East,0.05,56.16,Kitchen,Male,East,Bronze
O454559,C00443,P0006,4,44.57,2025-07-06,Delivered,PayPal,North,0.2,142.62,Cleaning,Female,West,Silver
O447054,C00238,P0007,1,17.27,2025-07-06,Cancelled,PayPal,South,0.1,15.54,Personal Care,Male,South,Silver
O430266,C00104,P0016,2,28.57,2025-07-06,Cancelled,PayPal,West,0.1,51.43,Cleaning,Female,West,Silver
O770892,C00050,P0007,1,45.67,2025-07-06,Cancelled,Credit Card,South,0.2,36.54,Personal Care,Female,West,Bronze
O624662,C00185,P0026,3,35.43,2025-07-06,Delivered,Bank Transfer,East,0.1,95.66,Storage,Male,East,Silver
O941026,C00382,P0016,5,9.83,2025-07-06,Delayed,Bank Transfer,West,0.05,46.69,Cleaning,Female,East,Gold
O763778,C00169,P0013,2,31.73,2025-07-06,Cancelled,PayPal,East,0.2,50.77,Cleaning,Female,East,Gold
O358431,C00105,P0021,4,10.31,2025-07-06,Cancelled,Bank Transfer,North,0.2,32.99,Kitchen,Male,West,Gold
O359398,C00312,P0026,3,27.2,2025-07-06,Cancelled,PayPal,North,0.1,73.44,Storage,Other,North,Gold
O588589,C00313,P0017,1,14.13,2025-07-06,Delivered,Bank Transfer,West,0.0,14.13,Personal Care,Male,East,Bronze
O122651,C00456,P0029,4,26.13,2025-07-06,Delivered,PayPal,Central,0.1,94.07,Cleaning,Male,East,Bronze
O289432,C00232,P0004,4,45.53,2025-07-06,Delayed,PayPal,North,0.1,163.91,Kitchen,Male,Central,Gold
O849110,C00326,P0030,3,44.11,2025-07-06,Delayed,Credit Card,North,0.15,112.48,Cleaning,Female,East,Gold
O572526,C00113,P0013,5,22.91,2025-07-06,Delayed,Credit Card,East,0.2,91.64,Cleaning,Female,North,Gold
O936057,C00046,P0024,5,40.54,2025-07-06,Delayed,Credit Card,West,0.1,182.43,Storage,Male,North,Bronze
O112464,C00495,P0016,1,21.4,2025-07-06,Delayed,Credit Card,West,0.15,18.19,Cleaning,Male,Central,Gold
O176495,C00021,P0020,3,21.37,2025-07-06,Delivered,Bank Transfer,East,0.05,60.9,Cleaning,Male,South,Silver
O823650,C00324,P0029,3,29.44,2025-07-06,Delayed,Credit Card,South,0.2,70.66,Cleaning,Female,Central,Gold
O708060,C00471,P0023,5,12.37,2025-07-06,Delivered,PayPal,East,0.15,52.57,Outdoors,Unknown,Unknown,Unknown
O838846,C00357,P0028,2,42.77,2025-07-06,Delivered,PayPal,West,0.1,76.99,Outdoors,Male,Central,Silver
O550873,C00045,P0012,2,9.64,2025-07-06,Delivered,Credit Card,North,0.1,17.35,Cleaning,Female,West,Bronze
O498988,C00381,P0008,2,11.64,2025-07-06,Cancelled,Credit Card,West,0.0,23.28,Storage,Male,South,Gold
O425996,C00289,P0022,3,27.32,2025-07-06,Delayed,Credit Card,West,0.2,65.57,Cleaning,Female,West,Gold
O369881,C00269,P0029,1,25.98,2025-07-06,Delayed,PayPal,South,0.0,25.98,Cleaning,Male,Central,Gold
O815580,C00108,P0001,4,49.21,2025-07-06,Delayed,Bank Transfer,East,0.15,167.31,Storage,Female,West,Bronze
O120380,C00048,P0010,4,44.11,2025-07-06,Delivered,PayPal,South,0.1,158.8,Cleaning,Female,East,Gold
O275128,C00334,P0015,2,22.88,2025-07-06,Delayed,Credit Card,East,0.0,45.76,Storage,Female,South,Gold
O156206,C00009,P0005,5,36.32,2025-07-06,Delayed,Bank Transfer,East,0.15,154.36,Personal Care,Female,South,Silver
O407115,C00295,P0014,2,29.08,2025-07-06,Delivered,Credit Card,South,0.15,49.44,Outdoors,Other,North,Bronze
O865132,C00059,P0003,4,36.42,2025-07-06,Delivered,PayPal,South,0.15,123.83,Cleaning,Female,West,Bronze
O992790,C00352,P0009,3,31.0,2025-07-06,Delivered,Bank Transfer,West,0.1,83.7,Outdoors,Other,West,Gold
O167008,C00144,P0013,5,27.87,2025-07-06,Delivered,PayPal,West,0.2,111.48,Cleaning,Female,East,Gold
O384699,C00174,P0007,5,16.54,2025-07-06,Cancelled,Bank Transfer,North,0.2,66.16,Personal Care,Other,South,Bronze
O775987,C00279,P0024,4,14.57,2025-07-06,Delayed,Bank Transfer,East,0.2,46.62,Storage,Other,West,Gold
O871258,C00158,P0013,1,8.8,2025-07-06,Cancelled,Credit Card,North,0.2,7.04,Cleaning,Other,East,Bronze
O657370,C00327,P0030,1,36.47,2025-07-06,Delivered,Bank Transfer,East,0.2,29.18,Cleaning,Male,East,Bronze
O103110,C00198,P0006,3,19.87,2025-07-06,Delayed,Credit Card,South,0.2,47.69,Cleaning,Male,West,Gold
O859662,C00208,P0025,3,27.81,2025-07-06,Delivered,Credit Card,West,0.2,66.74,Cleaning,Female,East,Silver
O379582,C00353,P0029,1,15.74,2025-07-06,Cancelled,PayPal,South,0.1,14.17,Cleaning,Other,West,Gold
O638303,C00464,P0025,1,17.17,2025-07-06,Delayed,PayPal,North,0.0,17.17,Cleaning,Male,Central,Gold
O184957,C00473,P0006,3,19.48,2025-07-06,Delivered,PayPal,East,0.0,58.44,Cleaning,Male,North,Bronze
O327026,C00045,P0026,5,24.79,2025-07-06,Delayed,Credit Card,South,0.1,111.56,Storage,Female,West,Bronze
O204148,C00183,P0007,1,9.8,2025-07-06,Delivered,Bank Transfer,West,0.1,8.82,Personal Care,Female,South,Gold
O362682,C00385,P0025,3,46.74,2025-07-06,Delivered,Credit Card,North,0.0,140.22,Cleaning,Male,South,Gold
O792284,C00301,P0023,5,38.28,2025-07-06,Delivered,Credit Card,East,0.1,172.26,Outdoors,Female,Central,Gold
O196568,C00151,P0026,3,23.68,2025-07-06,Cancelled,Credit Card,South,0.15,60.38,Storage,Female,Central,Gold
O793254,C00302,P0007,3,27.83,2025-07-06,Delayed,Bank Transfer,East,0.0,83.49,Personal Care,Male,South,Silver
O142459,C00263,P0004,5,46.32,2025-07-06,Delivered,Credit Card,Central,0.05,220.02,Kitchen,Male,Central,Gold
O501728,C00456,P0004,3,46.35,2025-07-06,Delivered,Bank Transfer,South,0.05,132.1,Kitchen,Male,East,Bronze
O563413,C00240,P0009,4,33.18,2025-07-06,Delivered,Credit Card,Central,0.1,119.45,Outdoors,Female,North,Silver
O891725,C00185,P0024,4,15.37,2025-07-06,Delivered,PayPal,East,0.2,49.18,Storage,Male,East,Silver
O269763,C00054,P0028,4,35.51,2025-07-06,Delivered,Credit Card,Central,0.1,127.84,Outdoors,Female,East,Silver
O235806,C00500,P0011,5,46.72,2025-07-06,Delayed,Credit Card,West,0.15,198.56,Kitchen,Male,North,Gold
O143970,C00033,P0010,2,29.41,2025-07-06,Delayed,Bank Transfer,West,0.2,47.06,Cleaning,Other,North,Gold
O770065,C00396,P0018,2,19.46,2025-07-06,Delivered,PayPal,South,0.2,31.14,Storage,Male,North,Gold
O877142,C00198,P0019,1,47.47,2025-07-06,Delayed,PayPal,North,0.1,42.72,Kitchen,Male,West,Gold
O629967,C00141,P0016,3,30.63,2025-07-06,Cancelled,PayPal,East,0.0,91.89,Cleaning,Female,Central,Gold
O789387,C00307,P0001,5,38.41,2025-07-06,Delivered,Bank Transfer,South,0.1,172.84,Storage,Male,South,Bronze
O243534,C00259,P0002,1,26.84,2025-07-06,Delayed,Credit Card,North,0.05,25.5,Cleaning,Female,West,Gold
O285690,C00163,P0012,1,27.71,2025-07-06,Delayed,Bank Transfer,South,0.05,26.32,Cleaning,Female,Unknown,Silver
O793209,C00028,P0011,2,44.61,2025-07-06,Delayed,Credit Card,North,0.15,75.84,Kitchen,Female,North,Gold
O651525,C00243,P0008,3,23.08,2025-07-06,Delivered,Credit Card,East,0.1,62.32,Storage,Other,West,Silver
O691712,C00151,P0010,5,26.86,2025-07-06,Cancelled,Credit Card,Central,0.1,120.87,Cleaning,Female,Central,Gold
O374860,C00020,P0003,4,21.14,2025-07-06,Delayed,Credit Card,West,0.05,80.33,Cleaning,Female,East,Gold
O403638,C00108,P0027,5,19.22,2025-07-06,Delayed,Credit Card,North,0.1,86.49,Outdoors,Female,West,Bronze
O323924,C00457,P0030,5,15.8,2025-07-06,Delivered,Credit Card,East,0.15,67.15,Cleaning,Female,South,Gold
O929114,C00208,P0018,4,48.03,2025-07-06,Delivered,PayPal,East,0.05,182.51,Storage,Female,East,Silver
O854947,C00143,P0013,2,39.47,2025-07-06,Delayed,PayPal,West,0.1,71.05,Cleaning,Other,Central,Gold
O667600,C00437,P0002,2,31.96,2025-07-06,Delivered,PayPal,West,0.2,51.14,Cleaning,Other,West,Silver
O578868,C00244,P0018,3,38.41,2025-07-06,Delivered,Credit Card,East,0.05,109.47,Storage,Male,West,Bronze
O508301,C00053,P0002,4,33.87,2025-07-06,Delayed,Credit Card,West,0.1,121.93,Cleaning,Female,North,Gold
O589213,C00100,P0024,4,41.25,2025-07-06,Cancelled,PayPal,East,0.1,148.5,Storage,Male,South,Gold
O436218,C00139,P0022,4,18.64,2025-07-06,Delivered,Credit Card,West,0.2,59.65,Cleaning,Other,Central,Bronze
O557455,C00316,P0015,2,14.35,2025-07-06,Delivered,Credit Card,Central,0.0,28.7,Storage,Female,South,Gold
O329607,C00193,P0027,2,26.84,2025-07-06,Delayed,PayPal,West,0.15,45.63,Outdoors,Female,South,Gold
O738737,C00462,P0025,5,24.97,2025-07-06,Delayed,Credit Card,Central,0.1,112.36,Cleaning,Other,West,Gold
O130495,C00359,P0028,5,21.59,2025-07-06,Delayed,PayPal,Central,0.1,97.16,Outdoors,Male,West,Gold
O404741,C00459,P0009,4,9.49,2025-07-06,Delivered,PayPal,Central,0.15,32.27,Outdoors,Female,North,Gold
O408907,C00400,P0009,1,21.5,2025-07-06,Cancelled,Credit Card,East,0.05,20.42,Outdoors,Male,Central,Gold
O815716,C00047,P0017,2,14.59,2025-07-06,Delivered,Credit Card,Central,0.15,24.8,Personal Care,Female,West,Bronze
O441373,C00484,P0028,1,49.18,2025-07-06,Delivered,PayPal,North,0.2,39.34,Outdoors,Male,North,Gold
O563418,C00291,P0017,1,27.55,2025-07-06,Cancelled,Credit Card,East,0.1,24.8,Personal Care,Other,East,Gold
O772472,C00358,P0027,2,24.3,2025-07-06,Cancelled,Bank Transfer,Central,0.1,43.74,Outdoors,Female,West,Gold
O652944,C00051,P0028,1,18.25,2025-07-06,Delivered,Bank Transfer,North,0.1,16.42,Outdoors,Female,East,Gold
O333425,C00421,P0015,2,25.84,2025-07-06,Delayed,PayPal,North,0.05,49.1,Storage,Female,West,Gold
O572079,C00092,P0003,5,32.09,2025-07-06,Delivered,PayPal,South,0.15,136.38,Cleaning,Male,East,Gold
O304458,C00264,P0003,3,40.0,2025-07-06,Delayed,Bank Transfer,North,0.2,96.0,Cleaning,Female,Central,Bronze
O334583,C00396,P0004,5,23.97,2025-07-06,Cancelled,Bank Transfer,East,0.1,107.86,Kitchen,Male,North,Gold
O218113,C00276,P0010,1,33.54,2025-07-06,Delayed,PayPal,South,0.15,28.51,Cleaning,Female,West,Gold
O675709,C00475,P0030,5,14.9,2025-07-06,Delivered,Credit Card,East,0.05,70.77,Cleaning,Female,North,Bronze
O852495,C00295,P0001,4,48.83,2025-07-06,Delayed,Credit Card,North,0.1,175.79,Storage,Other,North,Bronze
O114581,C00453,P0013,1,36.15,2025-07-06,Delivered,Bank Transfer,Central,0.1,32.53,Cleaning,Male,West,Silver
O869739,C00303,P0012,2,49.68,2025-07-06,Delayed,Bank Transfer,East,0.2,79.49,Cleaning,Other,Central,Bronze
O627371,C00035,P0001,3,12.94,2025-07-06,Delayed,Credit Card,West,0.2,31.06,Storage,Other,South,Silver
O446256,C00376,P0005,5,47.72,2025-07-06,Delayed,Bank Transfer,Central,0.0,238.6,Personal Care,Female,South,Bronze
O629295,C00282,P0009,4,33.63,2025-07-06,Delivered,Bank Transfer,East,0.2,107.62,Outdoors,Male,West,Bronze
O660778,C00242,P0014,2,34.31,2025-07-06,Delayed,Bank Transfer,South,0.05,65.19,Outdoors,Female,West,Bronze
O682145,C00130,P0013,4,37.01,2025-07-06,Cancelled,Credit Card,Central,0.15,125.83,Cleaning,Female,South,Gold
O520047,C00222,P0011,5,46.56,2025-07-06,Cancelled,Bank Transfer,West,0.05,221.16,Kitchen,Female,East,Silver
O552647,C00355,P0018,3,43.68,2025-07-06,Delivered,Credit Card,West,0.15,111.38,Storage,Female,East,Silver
O900419,C00015,P0014,4,38.94,2025-07-06,Delayed,Bank Transfer,North,0.1,140.18,Outdoors,Female,Central,Bronze
O827688,C00329,P0014,4,32.67,2025-07-06,Cancelled,Credit Card,West,0.1,117.61,Outdoors,Female,South,Gold
O219948,C00120,P0006,5,41.84,2025-07-06,Delayed,Credit Card,Central,0.2,167.36,Cleaning,Female,West,Gold
O425141,C00016,P0002,2,40.42,2025-07-06,Delivered,PayPal,South,0.2,64.67,Cleaning,Other,North,Gold
O161630,C00173,P0002,1,20.6,2025-07-06,Delayed,Bank Transfer,South,0.1,18.54,Cleaning,Female,West,Gold
O103312,C00314,P0005,3,43.69,2025-07-06,Delayed,PayPal,West,0.15,111.41,Personal Care,Female,South,Gold
O242110,C00232,P0012,5,37.76,2025-07-06,Delayed,Credit Card,North,0.05,179.36,Cleaning,Male,Central,Gold
O356090,C00342,P0005,4,37.84,2025-07-06,Delayed,Credit Card,Central,0.15,128.66,Personal Care,Other,East,Unknown
O102182,C00021,P0002,2,24.4,2025-07-06,Delivered,Credit Card,South,0.1,43.92,Cleaning,Male,South,Silver
O879346,C00014,P0023,2,37.05,2025-07-06,Cancelled,Credit Card,East,0.1,66.69,Outdoors,Other,Central,Gold
O363989,C00028,P0024,1,18.29,2025-07-06,Cancelled,Credit Card,Central,0.1,16.46,Storage,Female,North,Gold
O401157,C00291,P0002,3,35.14,2025-07-06,Delayed,PayPal,North,0.0,105.42,Cleaning,Other,East,Gold
O787776,C00245,P0021,4,15.66,2025-07-06,Delayed,Credit Card,East,0.05,59.51,Kitchen,Male,North,Gold
O428734,C00182,P0001,1,17.08,2025-07-06,Delayed,Credit Card,Central,0.1,15.37,Storage,Other,South,Gold
O602302,C00103,P0020,1,44.03,2025-07-06,Delayed,Credit Card,Central,0.0,44.03,Cleaning,Male,Central,Gold
O171868,C00191,P0008,5,44.09,2025-07-06,Delivered,Credit Card,Central,0.1,198.41,Storage,Other,East,Silver
O216716,C00428,P0015,2,29.55,2025-07-06,Delayed,Credit Card,West,0.05,56.14,Storage,Female,North,Gold
O165413,C00196,P0027,5,31.89,2025-07-06,Cancelled,Credit Card,South,0.0,159.45,Outdoors,Female,South,Gold
O546637,C00055,P0023,1,13.07,2025-07-06,Delayed,PayPal,Central,0.1,11.76,Outdoors,Female,North,Gold
O711111,C00124,P0024,5,28.04,2025-07-06,Delayed,Credit Card,North,0.05,133.19,Storage,Female,North,Gold
O150872,C00140,P0024,1,30.09,2025-07-06,Delayed,Credit Card,North,0.05,28.59,Storage,Female,South,Silver
O181785,C00358,P0006,2,48.61,2025-07-06,Cancelled,Credit Card,South,0.2,77.78,Cleaning,Female,West,Gold
O131605,C00444,P0015,2,9.42,2025-07-06,Delayed,Credit Card,North,0.15,16.01,Storage,Female,West,Gold
O758679,C00468,P0016,2,20.27,2025-07-06,Delayed,Bank Transfer,Central,0.15,34.46,Cleaning,Female,North,Gold
O425005,C00092,P0008,2,17.84,2025-07-06,Delivered,Credit Card,East,0.15,30.33,Storage,Male,East,Gold
O702846,C00265,P0018,4,12.52,2025-07-06,Cancelled,Credit Card,East,0.1,45.07,Storage,Male,West,Gold
O960822,C00388,P0026,3,32.28,2025-07-06,Delivered,Credit Card,South,0.1,87.16,Storage,Male,North,Gold
O512793,C00029,P0029,4,8.53,2025-07-06,Delayed,Bank Transfer,West,0.1,30.71,Cleaning,Male,North,Silver
O540606,C00171,P0017,1,9.12,2025-07-06,Cancelled,Bank Transfer,North,0.1,8.21,Personal Care,Male,Central,Silver
O223884,C00174,P0009,2,33.12,2025-07-06,Delayed,PayPal,South,0.1,59.62,Outdoors,Other,South,Bronze
O819840,C00365,P0004,4,45.49,2025-07-06,Delayed,PayPal,South,0.1,163.76,Kitchen,Male,West,Silver
O256565,C00039,P0020,3,36.26,2025-07-06,Delayed,Bank Transfer,West,0.2,87.02,Cleaning,Other,South,Silver
O504799,C00220,P0028,3,42.43,2025-07-06,Delayed,Credit Card,East,0.05,120.93,Outdoors,Female,East,Gold
O887101,C00118,P0030,1,24.51,2025-07-06,Delivered,PayPal,South,0.2,19.61,Cleaning,Male,East,Silver
O142363,C00295,P0018,3,38.94,2025-07-06,Delivered,Bank Transfer,West,0.2,93.46,Storage,Other,North,Bronze
O316866,C00490,P0008,1,17.68,2025-07-06,Cancelled,PayPal,South,0.1,15.91,Storage,Male,North,Silver
O225096,C00389,P0020,2,21.71,2025-07-06,Cancelled,Credit Card,East,0.1,39.08,Cleaning,Female,Central,Gold
O648880,C00333,P0023,4,24.48,2025-07-06,Delayed,Bank Transfer,Central,0.0,97.92,Outdoors,Female,South,Bronze
O394953,C00244,P0008,2,32.83,2025-07-06,Cancelled,Bank Transfer,East,0.15,55.81,Storage,Male,West,Bronze
O847031,C00008,P0021,3,28.78,2025-07-06,Cancelled,Credit Card,West,0.15,73.39,Kitchen,Male,Central,Gold
O264112,C00426,P0004,4,49.21,2025-07-06,Delayed,Bank Transfer,South,0.15,167.31,Kitchen,Male,East,Gold
O400679,C00322,P0001,3,48.45,2025-07-06,Cancelled,Bank Transfer,Central,0.15,123.55,Storage,Male,South,Gold
O661637,C00301,P0009,4,41.61,2025-07-06,Delayed,Bank Transfer,West,0.2,133.15,Outdoors,Female,Central,Gold
O752154,C00008,P0027,1,45.98,2025-07-06,Cancelled,PayPal,East,0.0,45.98,Outdoors,Male,Central,Gold
O873847,C00202,P0015,4,45.93,2025-07-06,Cancelled,Credit Card,South,0.0,183.72,Storage,Female,Central,Bronze
O423983,C00399,P0007,2,13.15,2025-07-06,Delivered,Bank Transfer,West,0.1,23.67,Personal Care,Male,North,Bronze
O634273,C00353,P0006,5,21.98,2025-07-06,Delivered,Bank Transfer,North,0.15,93.42,Cleaning,Other,West,Gold
O763361,C00058,P0022,3,20.49,2025-07-06,Delivered,Credit Card,Central,0.15,52.25,Cleaning,Male,West,Gold
O845877,C00219,P0027,3,30.0,2025-07-06,Delayed,Credit Card,South,0.1,81.0,Outdoors,Female,South,Silver
O563674,C00245,P0012,1,49.15,2025-07-06,Delayed,Credit Card,East,0.1,44.24,Cleaning,Male,North,Gold
O372066,C00181,P0002,4,13.69,2025-07-06,Delivered,Bank Transfer,East,0.2,43.81,Cleaning,Other,South,Bronze
O806940,C00348,P0024,1,9.17,2025-07-06,Delayed,Credit Card,East,0.15,7.79,Storage,Female,West,Gold
O439186,C00330,P0017,2,31.25,2025-07-06,Delivered,Credit Card,South,0.15,53.12,Personal Care,Other,West,Bronze
O220514,C00459,P0001,3,8.48,2025-07-06,Delivered,Credit Card,South,0.1,22.9,Storage,Female,North,Gold
O284603,C00036,P0023,1,49.06,2025-07-06,Delayed,Credit Card,Central,0.0,49.06,Outdoors,Male,West,Bronze
O923787,C00064,P0021,4,40.88,2025-07-06,Delayed,Credit Card,South,0.1,147.17,Kitchen,Female,Central,Gold
O313314,C00228,P0025,3,33.99,2025-07-06,Delayed,PayPal,East,0.05,96.87,Cleaning,Male,North,Silver
O571969,C00193,P0019,5,34.53,2025-07-06,Delayed,Credit Card,West,0.1,155.39,Kitchen,Female,South,Gold
O467072,C00215,P0024,1,11.57,2025-07-06,Delivered,Credit Card,West,0.1,10.41,Storage,Male,North,Gold
O486171,C00418,P0007,5,30.72,2025-07-06,Delayed,PayPal,North,0.0,153.6,Personal Care,Male,North,Gold
O946587,C00189,P0016,5,27.66,2025-07-06,Delivered,Credit Card,East,0.1,124.47,Cleaning,Male,North,Bronze
O303945,C00271,P0004,2,41.47,2025-07-06,Delivered,Bank Transfer,West,0.0,82.94,Kitchen,Female,West,Silver
O375438,C00404,P0026,4,8.69,2025-07-06,Delivered,PayPal,West,0.05,33.02,Storage,Male,East,Gold
O770708,C00071,P0014,1,12.48,2025-07-06,Delivered,Credit Card,South,0.05,11.86,Outdoors,Male,Central,Gold
O889741,C00225,P0010,2,9.9,2025-07-06,Delayed,Credit Card,Central,0.0,19.8,Cleaning,Female,South,Gold
O103714,C00132,P0027,2,34.96,2025-07-06,Delayed,Bank Transfer,South,0.05,66.42,Outdoors,Female,South,Bronze
O518602,C00220,P0021,3,31.63,2025-07-06,Delayed,Credit Card,Central,0.1,85.4,Kitchen,Female,East,Gold
O255251,C00120,P0017,1,15.24,2025-07-06,Delayed,PayPal,Central,0.2,12.19,Personal Care,Female,West,Gold
O579838,C00281,P0022,5,17.39,2025-07-06,Delivered,Credit Card,West,0.0,86.95,Cleaning,Other,East,Bronze
O978719,C00379,P0019,3,45.68,2025-07-06,Delayed,Credit Card,East,0.15,116.48,Kitchen,Male,North,Gold
O196860,C00038,P0029,2,45.88,2025-07-06,Cancelled,PayPal,North,0.1,82.58,Cleaning,Female,East,Gold
O500840,C00368,P0026,2,13.68,2025-07-06,Cancelled,Credit Card,East,0.1,24.62,Storage,Female,East,Silver
O837068,C00227,P0004,4,40.89,2025-07-06,Delivered,Bank Transfer,North,0.1,147.2,Kitchen,Male,East,Bronze
O454402,C00429,P0021,2,49.68,2025-07-06,Delivered,Credit Card,Central,0.1,89.42,Kitchen,Female,Central,Bronze
O536999,C00313,P0029,2,26.65,2025-07-06,Delivered,PayPal,West,0.2,42.64,Cleaning,Male,East,Bronze
O946744,C00365,P0007,5,36.0,2025-07-06,Delivered,Credit Card,West,0.15,153.0,Personal Care,Male,West,Silver
O982650,C00254,P0008,1,24.92,2025-07-06,Delayed,Credit Card,Central,0.1,22.43,Storage,Unknown,Unknown,Unknown
O173065,C00019,P0011,1,23.24,2025-07-06,Delivered,PayPal,East,0.1,20.92,Kitchen,Female,East,Gold
O466371,C00312,P0010,5,46.78,2025-07-06,Delayed,Bank Transfer,West,0.1,210.51,Cleaning,Other,North,Gold
O929417,C00100,P0026,5,26.38,2025-07-06,Delayed,Bank Transfer,North,0.1,118.71,Storage,Male,South,Gold
O353141,C00252,P0011,4,8.76,2025-07-06,Cancelled,Credit Card,North,0.2,28.03,Kitchen,Unknown,North,Bronze
O748263,C00023,P0021,5,10.55,2025-07-06,Cancelled,Credit Card,Central,0.2,42.2,Kitchen,Male,East,Gold
O247608,C00378,P0026,2,26.18,2025-07-06,Delivered,Bank Transfer,East,0.0,52.36,Storage,Male,South,Gold
O753103,C00006,P0001,5,16.32,2025-07-06,Cancelled,Credit Card,North,0.05,77.52,Storage,Male,Central,Bronze
O655082,C00110,P0019,4,20.94,2025-07-06,Delayed,PayPal,West,0.1,75.38,Kitchen,Female,South,Gold
O403506,C00436,P0001,1,25.61,2025-07-06,Cancelled,Bank Transfer,North,0.2,20.49,Storage,Female,North,Gold
O576803,C00045,P0023,2,29.77,2025-07-06,Delivered,PayPal,Central,0.0,59.54,Outdoors,Female,West,Bronze
O273741,C00404,P0014,5,49.75,2025-07-06,Delayed,PayPal,East,0.05,236.31,Outdoors,Male,East,Gold
O508430,C00171,P0027,5,13.15,2025-07-06,Delayed,PayPal,South,0.2,52.6,Outdoors,Male,Central,Silver
O716730,C00438,P0015,2,18.55,2025-07-06,Delivered,Credit Card,West,0.15,31.54,Storage,Other,Central,Gold
O566852,C00279,P0004,1,20.03,2025-07-06,Delayed,PayPal,West,0.15,17.03,Kitchen,Other,West,Gold
O505168,C00026,P0010,1,32.73,2025-07-06,Cancelled,Credit Card,West,0.1,29.46,Cleaning,Female,North,Gold
O140828,C00109,P0012,2,8.14,2025-07-06,Delivered,Credit Card,East,0.05,15.47,Cleaning,Other,East,Bronze
O799857,C00311,P0027,3,46.3,2025-07-06,Delivered,Credit Card,East,0.1,125.01,Outdoors,Male,North,Gold
O946296,C00143,P0016,2,23.05,2025-07-06,Delayed,Credit Card,East,0.2,36.88,Cleaning,Other,Central,Gold
O908612,C00371,P0029,5,20.94,2025-07-06,Delayed,PayPal,Central,0.0,104.7,Cleaning,Other,North,Silver
O553559,C00014,P0020,2,13.78,2025-07-06,Cancelled,Credit Card,Central,0.1,24.8,Cleaning,Other,Central,Gold
O498312,C00085,P0004,3,38.25,2025-07-06,Delayed,Bank Transfer,East,0.05,109.01,Kitchen,Male,South,Gold
O655380,C00249,P0015,4,30.16,2025-07-06,Delivered,PayPal,Central,0.2,96.51,Storage,Male,South,Gold
O740995,C00392,P0018,5,43.75,2025-07-06,Cancelled,PayPal,North,0.05,207.81,Storage,Female,West,Gold
O818472,C00062,P0021,2,48.35,2025-07-06,Delivered,Credit Card,North,0.15,82.2,Kitchen,Male,West,Gold
O154830,C00173,P0012,1,41.12,2025-07-06,Delivered,Credit Card,North,0.1,37.01,Cleaning,Female,West,Gold
O271336,C00162,P0008,2,26.24,2025-07-06,Delivered,Credit Card,Central,0.1,47.23,Storage,Female,West,Silver
O872789,C00459,P0002,5,30.28,2025-07-06,Delivered,Credit Card,North,0.2,121.12,Cleaning,Female,North,Gold
O804709,C00417,P0015,2,28.46,2025-07-06,Delayed,Bank Transfer,South,0.2,45.54,Storage,Female,Central,Gold
O973873,C00069,P0025,5,38.76,2025-07-06,Cancelled,Credit Card,West,0.0,193.8,Cleaning,Female,North,Gold
O221811,C00294,P0023,2,40.17,2025-07-06,Delayed,Credit Card,North,0.1,72.31,Outdoors,Male,West,Gold
O983756,C00470,P0023,1,43.7,2025-07-06,Delayed,PayPal,South,0.0,43.7,Outdoors,Female,North,Silver
O708737,C00116,P0021,3,13.71,2025-07-06,Delayed,PayPal,North,0.15,34.96,Kitchen,Female,East,Silver
O684768,C00370,P0030,1,19.77,2025-07-06,Delayed,Bank Transfer,Central,0.05,18.78,Cleaning,Female,East,Gold
O499914,C00283,P0018,3,36.67,2025-07-06,Delayed,Bank Transfer,West,0.0,110.01,Storage,Female,East,Gold
O437187,C00382,P0005,2,31.47,2025-07-06,Delayed,PayPal,North,0.1,56.65,Personal Care,Female,East,Gold
O507343,C00362,P0011,4,45.21,2025-07-06,Delayed,Credit Card,East,0.2,144.67,Kitchen,Male,East,Gold
O419691,C00034,P0010,1,26.41,2025-07-06,Delayed,Bank Transfer,West,0.0,26.41,Cleaning,Female,Central,Gold
O772829,C00247,P0030,5,39.57,2025-07-06,Cancelled,Credit Card,West,0.2,158.28,Cleaning,Female,East,Silver
O994991,C00180,P0025,3,16.53,2025-07-06,Delayed,Credit Card,West,0.1,44.63,Cleaning,Other,West,Gold
O450313,C00032,P0013,5,31.23,2025-07-06,Delayed,Bank Transfer,West,0.15,132.73,Cleaning,Female,East,Gold
O966237,C00208,P0010,3,24.04,2025-07-06,Delivered,PayPal,South,0.1,64.91,Cleaning,Female,East,Silver
O779307,C00116,P0016,2,29.14,2025-07-06,Delivered,Bank Transfer,West,0.0,58.28,Cleaning,Female,East,Silver
O964071,C00363,P0002,1,36.2,2025-07-06,Delayed,PayPal,West,0.05,34.39,Cleaning,Male,West,Gold
O982312,C00170,P0008,3,22.12,2025-07-06,Cancelled,Bank Transfer,East,0.2,53.09,Storage,Male,West,Gold
O800970,C00301,P0004,5,46.88,2025-07-06,Delayed,Bank Transfer,South,0.05,222.68,Kitchen,Female,Central,Gold
O479336,C00021,P0016,4,16.37,2025-07-06,Cancelled,Credit Card,Central,0.15,55.66,Cleaning,Male,South,Silver
O245775,C00206,P0010,3,44.87,2025-07-06,Delivered,PayPal,East,0.0,134.61,Cleaning,Other,East,Gold
O473989,C00300,P0004,1,25.25,2025-07-06,Cancelled,PayPal,South,0.1,22.72,Kitchen,Female,East,Bronze
O495812,C00080,P0024,2,16.32,2025-07-06,Delayed,Bank Transfer,West,0.2,26.11,Storage,Female,North,Bronze
O976586,C00461,P0014,4,22.64,2025-07-06,Delivered,PayPal,Central,0.1,81.5,Outdoors,Female,South,Silver
O120610,C00192,P0018,2,45.6,2025-07-06,Cancelled,Credit Card,North,0.0,91.2,Storage,Female,West,Gold
O164480,C00311,P0010,3,49.13,2025-07-06,Cancelled,Credit Card,East,0.15,125.28,Cleaning,Male,North,Gold
O147906,C00026,P0030,1,36.03,2025-07-06,Cancelled,Credit Card,North,0.1,32.43,Cleaning,Female,North,Gold
O424743,C00215,P0029,4,44.39,2025-07-06,Delayed,PayPal,Central,0.15,150.93,Cleaning,Male,North,Gold
O277077,C00023,P0004,3,41.19,2025-07-06,Cancelled,Bank Transfer,North,0.1,111.21,Kitchen,Male,East,Gold
O842283,C00431,P0005,4,21.36,2025-07-06,Delivered,Credit Card,West,0.15,72.62,Personal Care,Female,Central,Gold
O570639,C00177,P0019,3,12.41,2025-07-06,Cancelled,Bank Transfer,South,0.2,29.78,Kitchen,Female,West,Gold
O591895,C00433,P0010,2,12.37,2025-07-06,Cancelled,Credit Card,Central,0.05,23.5,Cleaning,Female,Central,Silver
O699325,C00436,P0018,5,28.47,2025-07-06,Delayed,Credit Card,Central,0.1,128.12,Storage,Female,North,Gold
O205689,C00455,P0029,3,34.05,2025-07-06,Delayed,Bank Transfer,Central,0.2,81.72,Cleaning,Male,South,Silver
O499588,C00028,P0017,3,21.72,2025-07-06,Delayed,Credit Card,East,0.2,52.13,Personal Care,Female,North,Gold
O255446,C00030,P0007,5,41.97,2025-07-06,Delayed,Credit Card,Central,0.2,167.88,Personal Care,Male,North,Gold
O632407,C00372,P0023,3,24.61,2025-07-06,Delivered,PayPal,East,0.1,66.45,Outdoors,Unknown,Unknown,Unknown
O838485,C00459,P0022,3,20.29,2025-07-06,Delayed,Credit Card,North,0.1,54.78,Cleaning,Female,North,Gold
O401145,C00023,P0016,4,36.56,2025-07-06,Delivered,Bank Transfer,Central,0.05,138.93,Cleaning,Male,East,Gold
O532481,C00205,P0025,2,45.26,2025-07-06,Delayed,Bank Transfer,North,0.05,85.99,Cleaning,Female,East,Silver
O568667,C00469,P0002,1,22.79,2025-07-06,Delivered,Bank Transfer,East,0.0,22.79,Cleaning,Female,North,Silver
O714224,C00128,P0007,2,18.66,2025-07-06,Delivered,Bank Transfer,East,0.1,33.59,Personal Care,Male,East,Silver
O894863,C00066,P0025,5,26.38,2025-07-06,Cancelled,Credit Card,South,0.1,118.71,Cleaning,Other,South,Gold
O334802,C00369,P0010,2,20.32,2025-07-06,Delayed,Bank Transfer,East,0.05,38.61,Cleaning,Other,West,Bronze
O780195,C00499,P0025,4,30.55,2025-07-06,Delivered,PayPal,Central,0.0,122.2,Cleaning,Female,North,Gold
O446027,C00272,P0003,5,29.65,2025-07-06,Delivered,Bank Transfer,North,0.1,133.43,Cleaning,Female,South,Silver
O752588,C00001,P0025,4,13.5,2025-07-06,Delivered,PayPal,West,0.05,51.3,Cleaning,Male,Central,Silver
O731373,C00317,P0014,5,14.66,2025-07-06,Cancelled,Credit Card,Central,0.05,69.63,Outdoors,Female,South,Gold
O171618,C00235,P0006,2,10.97,2025-07-06,Cancelled,Credit Card,Central,0.2,17.55,Cleaning,Other,South,Silver
O564953,C00190,P0026,4,25.86,2025-07-06,Delivered,Bank Transfer,West,0.0,103.44,Storage,Male,Central,Gold
O732825,C00023,P0013,1,22.94,2025-07-06,Delayed,Credit Card,North,0.15,19.5,Cleaning,Male,East,Gold
O149508,C00461,P0028,3,29.01,2025-07-06,Delayed,PayPal,East,0.15,73.98,Outdoors,Female,South,Silver
O397067,C00129,P0005,1,43.68,2025-07-06,Delayed,PayPal,South,0.05,41.5,Personal Care,Female,West,Gold
O481064,C00385,P0007,3,41.34,2025-07-06,Delivered,Credit Card,West,0.0,124.02,Personal Care,Male,South,Gold
O711288,C00215,P0030,3,29.57,2025-07-06,Cancelled,PayPal,Central,0.1,79.84,Cleaning,Male,North,Gold
O977925,C00273,P0015,2,14.07,2025-07-06,Delivered,Credit Card,South,0.1,25.33,Storage,Male,Central,Gold
O931174,C00319,P0019,5,23.74,2025-07-06,Delayed,Credit Card,East,0.15,100.89,Kitchen,Male,West,Gold
O776851,C00386,P0001,4,9.53,2025-07-06,Delivered,Credit Card,North,0.1,34.31,Storage,Other,East,Gold
O975279,C00327,P0025,1,37.26,2025-07-06,Delayed,PayPal,West,0.1,33.53,Cleaning,Male,East,Bronze
O628669,C00091,P0022,3,14.95,2025-07-06,Delivered,Credit Card,South,0.0,44.85,Cleaning,Male,West,Silver
O229509,C00379,P0003,1,41.56,2025-07-06,Delivered,Bank Transfer,East,0.05,39.48,Cleaning,Male,North,Gold
O926950,C00019,P0017,3,44.6,2025-07-06,Cancelled,PayPal,Central,0.1,120.42,Personal Care,Female,East,Gold
O474470,C00168,P0022,5,17.31,2025-07-06,Delayed,Credit Card,North,0.1,77.9,Cleaning,Female,South,Bronze
O343727,C00462,P0002,2,13.45,2025-07-06,Delivered,Bank Transfer,Central,0.2,21.52,Cleaning,Other,West,Gold
O182356,C00118,P0023,3,48.67,2025-07-06,Delivered,Credit Card,North,0.05,138.71,Outdoors,Male,East,Silver
O706850,C00139,P0016,5,16.03,2025-07-06,Delayed,Credit Card,East,0.0,80.15,Cleaning,Other,Central,Bronze
O288367,C00148,P0017,3,46.66,2025-07-06,Delivered,PayPal,West,0.1,125.98,Personal Care,Male,West,Gold
O599553,C00422,P0006,2,39.53,2025-07-06,Delivered,Credit Card,South,0.05,75.11,Cleaning,Other,North,Silver
O831148,C00256,P0002,3,45.37,2025-07-06,Delivered,PayPal,West,0.2,108.89,Cleaning,Female,East,Gold
O725652,C00307,P0015,5,42.21,2025-07-06,Delivered,PayPal,Central,0.05,200.5,Storage,Male,South,Bronze
O715008,C00430,P0001,4,48.36,2025-07-06,Delivered,Credit Card,East,0.1,174.1,Storage,Female,East,Gold
O855403,C00479,P0002,2,48.36,2025-07-06,Delivered,Credit Card,Central,0.1,87.05,Cleaning,Male,South,Gold
O682525,C00265,P0019,5,9.42,2025-07-06,Cancelled,Bank Transfer,North,0.0,47.1,Kitchen,Male,West,Gold
O930462,C00357,P0007,4,8.44,2025-07-06,Delayed,Bank Transfer,West,0.15,28.7,Personal Care,Male,Central,Silver
O816745,C00013,P0008,3,15.11,2025-07-06,Cancelled,Bank Transfer,North,0.15,38.53,Storage,Female,West,Gold
O720894,C00491,P0008,1,18.62,2025-07-06,Delayed,Credit Card,South,0.05,17.69,Storage,Other,Central,Gold
O877989,C00374,P0021,2,9.0,2025-07-06,Delayed,Credit Card,East,0.1,16.2,Kitchen,Female,North,Gold
O329290,C00179,P0005,5,13.37,2025-07-06,Delivered,Bank Transfer,South,0.1,60.16,Personal Care,Female,South,Gold
O603308,C00445,P0008,5,21.59,2025-07-06,Delivered,Credit Card,South,0.15,91.76,Storage,Male,West,Silver
O776679,C00440,P0014,4,16.02,2025-07-06,Delayed,Credit Card,Central,0.1,57.67,Outdoors,Other,North,Gold
O446371,C00221,P0006,4,9.39,2025-07-06,Delayed,PayPal,North,0.15,31.93,Cleaning,Female,West,Silver
O122272,C00057,P0015,4,31.49,2025-07-06,Cancelled,Credit Card,West,0.1,113.36,Storage,Male,Central,Gold
O968302,C00016,P0002,5,46.11,2025-07-06,Delayed,Credit Card,East,0.05,219.02,Cleaning,Other,North,Gold
O522541,C00387,P0003,2,42.36,2025-07-06,Delayed,PayPal,East,0.1,76.25,Cleaning,Female,North,Gold
O682355,C00146,P0005,4,49.8,2025-07-06,Delivered,Credit Card,West,0.2,159.36,Personal Care,Female,East,Silver
O772607,C00164,P0005,1,9.85,2025-07-06,Delayed,PayPal,West,0.1,8.86,Personal Care,Male,Central,Gold
O491076,C00142,P0006,3,9.46,2025-07-06,Cancelled,PayPal,East,0.1,25.54,Cleaning,Other,East,Bronze
O524786,C00147,P0022,1,11.23,2025-07-06,Cancelled,Credit Card,North,0.05,10.67,Cleaning,Male,East,Gold
O690224,C00142,P0024,3,16.23,2025-07-06,Delivered,Bank Transfer,East,0.2,38.95,Storage,Other,East,Bronze
O494972,C00230,P0018,3,28.73,2025-07-06,Delayed,Credit Card,East,0.0,86.19,Storage,Other,South,Bronze
O218961,C00454,P0002,5,13.97,2025-07-06,Cancelled,Bank Transfer,North,0.1,62.87,Cleaning,Female,South,Gold
O968760,C00281,P0003,2,43.06,2025-07-06,Delivered,PayPal,South,0.2,68.9,Cleaning,Other,East,Bronze
O289534,C00076,P0002,2,10.15,2025-07-06,Delayed,Bank Transfer,East,0.1,18.27,Cleaning,Female,North,Gold
O332860,C00166,P0013,1,8.19,2025-07-06,Delivered,Credit Card,Central,0.15,6.96,Cleaning,Female,North,Gold
O202952,C00464,P0022,1,46.61,2025-07-06,Delayed,PayPal,South,0.2,37.29,Cleaning,Male,Central,Gold
O970465,C00125,P0011,4,37.4,2025-07-06,Cancelled,PayPal,East,0.2,119.68,Kitchen,Female,South,Gold
O241406,C00370,P0027,4,23.78,2025-07-06,Cancelled,Credit Card,West,0.2,76.1,Outdoors,Female,East,Gold
O850920,C00411,P0005,1,13.89,2025-07-06,Delivered,Credit Card,West,0.1,12.5,Personal Care,Male,East,Gold
O683783,C00159,P0016,1,26.74,2025-07-06,Delivered,Credit Card,North,0.05,25.4,Cleaning,Male,West,Bronze
O561250,C00092,P0014,3,44.6,2025-07-06,Delivered,PayPal,Central,0.2,107.04,Outdoors,Male,East,Gold
O207462,C00152,P0006,1,13.54,2025-07-06,Delivered,Credit Card,South,0.15,11.51,Cleaning,Other,North,Silver
O763830,C00415,P0028,3,17.38,2025-07-06,Delivered,PayPal,South,0.1,46.93,Outdoors,Female,South,Gold
O506188,C00164,P0015,4,8.71,2025-07-06,Delivered,Bank Transfer,North,0.05,33.1,Storage,Male,Central,Gold
O101988,C00343,P0024,5,14.06,2025-07-06,Delayed,PayPal,East,0.0,70.3,Storage,Other,East,Silver
O101218,C00272,P0004,1,13.67,2025-07-06,Delivered,Credit Card,West,0.2,10.94,Kitchen,Female,South,Silver
O286436,C00473,P0007,5,25.74,2025-07-06,Cancelled,Bank Transfer,Central,0.1,115.83,Personal Care,Male,North,Bronze
O175546,C00344,P0006,1,36.31,2025-07-06,Delivered,PayPal,West,0.1,32.68,Cleaning,Female,West,Gold
O993717,C00349,P0024,1,36.3,2025-07-06,Cancelled,Credit Card,East,0.15,30.85,Storage,Female,East,Gold
O391077,C00168,P0018,5,42.86,2025-07-06,Cancelled,Bank Transfer,West,0.05,203.58,Storage,Female,South,Bronze
O716503,C00411,P0006,5,39.03,2025-07-06,Delayed,Credit Card,North,0.15,165.88,Cleaning,Male,East,Gold
O103896,C00496,P0011,3,48.37,2025-07-06,Delivered,Credit Card,South,0.2,116.09,Kitchen,Female,Central,Gold
O781937,C00453,P0025,5,37.43,2025-07-06,Delivered,Credit Card,West,0.05,177.79,Cleaning,Male,West,Silver
O300860,C00191,P0008,4,46.02,2025-07-06,Delivered,Bank Transfer,Central,0.1,165.67,Storage,Other,East,Silver
O785597,C00446,P0005,3,20.12,2025-07-06,Delayed,Credit Card,North,0.05,57.34,Personal Care,Other,West,Silver
O988876,C00450,P0003,3,9.75,2025-07-06,Delivered,PayPal,West,0.1,26.32,Cleaning,Female,East,Gold
O238215,C00416,P0007,5,34.79,2025-07-06,Delayed,Credit Card,East,0.05,165.25,Personal Care,Female,West,Gold
O513538,C00108,P0012,2,35.44,2025-07-06,Cancelled,PayPal,Central,0.0,70.88,Cleaning,Female,West,Bronze
O473651,C00364,P0010,3,21.72,2025-07-06,Delayed,Bank Transfer,Central,0.05,61.9,Cleaning,Female,South,Silver
O802859,C00040,P0017,2,9.07,2025-07-06,Delivered,Bank Transfer,West,0.0,18.14,Personal Care,Female,East,Gold
O556857,C00086,P0029,5,33.99,2025-07-06,Delivered,Bank Transfer,Central,0.1,152.96,Cleaning,Male,East,Bronze
O997678,C00322,P0005,3,22.46,2025-07-06,Delivered,Bank Transfer,West,0.1,60.64,Personal Care,Male,South,Gold
O414775,C00356,P0007,2,15.35,2025-07-06,Cancelled,Bank Transfer,East,0.05,29.16,Personal Care,Female,South,Gold
O430286,C00151,P0030,4,10.54,2025-07-06,Cancelled,PayPal,North,0.15,35.84,Cleaning,Female,Central,Gold
O302647,C00404,P0018,2,26.66,2025-07-06,Cancelled,PayPal,West,0.1,47.99,Storage,Male,East,Gold
O793932,C00061,P0006,1,15.38,2025-07-06,Cancelled,PayPal,West,0.05,14.61,Cleaning,Female,North,Gold
O995316,C00248,P0012,3,34.08,2025-07-06,Delivered,PayPal,East,0.1,92.02,Cleaning,Female,West,Gold
O361593,C00016,P0027,4,22.14,2025-07-06,Delivered,PayPal,North,0.1,79.7,Outdoors,Other,North,Gold
O343406,C00112,P0001,2,15.37,2025-07-06,Delivered,Credit Card,Central,0.05,29.2,Storage,Male,North,Bronze
O918723,C00317,P0016,5,13.82,2025-07-06,Delayed,Bank Transfer,Central,0.15,58.73,Cleaning,Female,South,Gold
O140019,C00073,P0012,5,20.01,2025-07-06,Cancelled,Credit Card,South,0.1,90.05,Cleaning,Female,North,Silver
O371025,C00215,P0025,2,16.43,2025-07-06,Delivered,PayPal,East,0.0,32.86,Cleaning,Male,North,Gold
O717096,C00254,P0027,1,44.12,2025-07-06,Delivered,PayPal,North,0.1,39.71,Outdoors,Unknown,Unknown,Unknown
O989010,C00258,P0024,5,43.26,2025-07-06,Delivered,PayPal,Central,0.15,183.86,Storage,Female,East,Bronze
O983443,C00109,P0011,1,49.2,2025-07-06,Cancelled,Credit Card,West,0.1,44.28,Kitchen,Other,East,Bronze
O948986,C00052,P0015,5,16.84,2025-07-06,Cancelled,Bank Transfer,South,0.1,75.78,Storage,Female,East,Gold
O155211,C00413,P0029,1,33.03,2025-07-06,Delivered,Credit Card,South,0.05,31.38,Cleaning,Female,Central,Gold
O253012,C00028,P0014,3,34.45,2025-07-06,Delivered,Credit Card,South,0.2,82.68,Outdoors,Female,North,Gold
O493223,C00132,P0013,2,16.72,2025-07-06,Delivered,Credit Card,South,0.0,33.44,Cleaning,Female,South,Bronze
O829460,C00322,P0002,5,33.89,2025-07-06,Delivered,PayPal,North,0.15,144.03,Cleaning,Male,South,Gold
O310315,C00074,P0028,5,35.65,2025-07-06,Delayed,Bank Transfer,South,0.2,142.6,Outdoors,Male,North,Bronze
O567654,C00301,P0029,5,28.53,2025-07-06,Delivered,Credit Card,East,0.0,142.65,Cleaning,Female,Central,Gold
O547811,C00367,P0026,3,42.95,2025-07-06,Delayed,Credit Card,Central,0.1,115.97,Storage,Female,North,Silver
O205673,C00442,P0010,2,45.97,2025-07-06,Delivered,Credit Card,Central,0.1,82.75,Cleaning,Male,North,Bronze
O221124,C00486,P0028,2,8.16,2025-07-06,Delayed,PayPal,South,0.2,13.06,Outdoors,Male,East,Gold
O513035,C00377,P0015,4,25.85,2025-07-06,Cancelled,Bank Transfer,Central,0.1,93.06,Storage,Female,Central,Bronze
O218276,C00462,P0006,5,37.6,2025-07-06,Delivered,Credit Card,West,0.05,178.6,Cleaning,Other,West,Gold
O143705,C00082,P0022,2,35.28,2025-07-06,Delayed,Credit Card,Central,0.0,70.56,Cleaning,Female,North,Gold
O680530,C00158,P0011,3,29.01,2025-07-06,Cancelled,PayPal,Central,0.15,73.98,Kitchen,Other,East,Bronze
O102507,C00303,P0011,4,37.84,2025-07-06,Delivered,PayPal,North,0.15,128.66,Kitchen,Other,Central,Bronze
O502495,C00162,P0003,4,38.05,2025-07-06,Cancelled,Credit Card,South,0.2,121.76,Cleaning,Female,West,Silver
O724098,C00290,P0003,5,42.02,2025-07-06,Cancelled,PayPal,Central,0.05,199.6,Cleaning,Male,South,Gold
O572655,C00328,P0010,5,25.51,2025-07-06,Delivered,Credit Card,Central,0.2,102.04,Cleaning,Female,Central,Gold
O463423,C00329,P0008,1,34.48,2025-07-06,Cancelled,Credit Card,South,0.05,32.76,Storage,Female,South,Gold
O712317,C00348,P0007,2,20.86,2025-07-06,Delivered,Bank Transfer,South,0.0,41.72,Personal Care,Female,West,Gold
O613119,C00290,P0024,4,25.81,2025-07-06,Delivered,Bank Transfer,East,0.05,98.08,Storage,Male,South,Gold
O542427,C00084,P0009,4,36.39,2025-07-06,Delayed,Credit Card,South,0.0,145.56,Outdoors,Female,West,Gold
O138054,C00337,P0001,1,12.44,2025-07-06,Delayed,Bank Transfer,Central,0.15,10.57,Storage,Male,Central,Gold
O540635,C00377,P0028,1,48.14,2025-07-06,Delivered,Credit Card,East,0.0,48.14,Outdoors,Female,Central,Bronze
O927717,C00157,P0009,1,33.68,2025-07-06,Delivered,Bank Transfer,East,0.15,28.63,Outdoors,Female,South,Silver
O410704,C00328,P0020,2,45.57,2025-07-06,Delivered,PayPal,Central,0.2,72.91,Cleaning,Female,Central,Gold
O575523,C00436,P0019,5,32.55,2025-07-06,Delayed,Bank Transfer,East,0.1,146.48,Kitchen,Female,North,Gold
O835006,C00439,P0021,1,28.3,2025-07-06,Delayed,PayPal,South,0.05,26.88,Kitchen,Other,North,Bronze
O224336,C00256,P0025,2,34.49,2025-07-06,Delayed,Bank Transfer,East,0.15,58.63,Cleaning,Female,East,Gold
O171464,C00131,P0025,3,28.09,2025-07-06,Delayed,Credit Card,East,0.0,84.27,Cleaning,Male,Central,Gold
O358648,C00317,P0004,5,30.47,2025-07-06,Cancelled,PayPal,West,0.1,137.12,Kitchen,Female,South,Gold
O583517,C00213,P0024,3,8.67,2025-07-06,Delivered,Bank Transfer,Central,0.15,22.11,Storage,Female,South,Bronze
O841401,C00316,P0010,1,17.58,2025-07-06,Delivered,Bank Transfer,North,0.1,15.82,Cleaning,Female,South,Gold
O645265,C00064,P0016,1,45.25,2025-07-06,Delivered,Credit Card,West,0.15,38.46,Cleaning,Female,Central,Gold
O289469,C00473,P0022,5,33.31,2025-07-06,Delayed,Credit Card,South,0.1,149.9,Cleaning,Male,North,Bronze
O916245,C00070,P0011,3,20.83,2025-07-06,Delayed,Bank Transfer,West,0.05,59.37,Kitchen,Male,Central,Gold
O973753,C00488,P0019,2,19.13,2025-07-06,Delivered,Bank Transfer,South,0.1,34.43,Kitchen,Male,North,Silver
O432829,C00374,P0010,2,12.8,2025-07-06,Cancelled,Credit Card,East,0.0,25.6,Cleaning,Female,North,Gold
O994586,C00150,P0027,2,17.86,2025-07-06,Cancelled,Credit Card,South,0.0,35.72,Outdoors,Female,West,Bronze
O940862,C00289,P0020,5,18.85,2025-07-06,Cancelled,Credit Card,Central,0.0,94.25,Cleaning,Female,West,Gold
O260388,C00443,P0005,3,17.89,2025-07-06,Delayed,Credit Card,South,0.2,42.94,Personal Care,Female,West,Silver
O860367,C00436,P0003,2,17.91,2025-07-06,Delayed,PayPal,East,0.1,32.24,Cleaning,Female,North,Gold
O991022,C00288,P0012,3,13.3,2025-07-06,Delayed,Bank Transfer,Central,0.2,31.92,Cleaning,Other,North,Bronze
O459801,C00405,P0014,4,11.54,2025-07-06,Delivered,Credit Card,East,0.0,46.16,Outdoors,Other,West,Silver
O754986,C00017,P0024,5,32.7,2025-07-06,Delivered,PayPal,North,0.15,138.98,Storage,Male,West,Gold
O244093,C00312,P0025,2,46.79,2025-07-06,Delayed,Credit Card,South,0.15,79.54,Cleaning,Other,North,Gold
O739903,C00383,P0023,4,11.21,2025-07-06,Delayed,Credit Card,South,0.1,40.36,Outdoors,Female,North,Gold
O294165,C00159,P0015,2,22.83,2025-07-06,Delivered,PayPal,West,0.0,45.66,Storage,Male,West,Bronze
O360604,C00479,P0003,3,45.78,2025-07-06,Cancelled,Credit Card,West,0.2,109.87,Cleaning,Male,South,Gold
O563080,C00237,P0013,2,26.71,2025-07-06,Cancelled,Bank Transfer,West,0.15,45.41,Cleaning,Female,South,Bronze
O661643,C00032,P0026,5,33.65,2025-07-06,Delivered,Bank Transfer,North,0.1,151.43,Storage,Female,East,Gold
O182115,C00257,P0002,5,11.63,2025-07-06,Delivered,Credit Card,South,0.1,52.34,Cleaning,Female,South,Gold
O174225,C00215,P0024,5,34.56,2025-07-06,Cancelled,Credit Card,Central,0.1,155.52,Storage,Male,North,Gold
O786598,C00289,P0020,2,40.31,2025-07-06,Delivered,PayPal,West,0.2,64.5,Cleaning,Female,West,Gold
O741969,C00363,P0010,5,28.12,2025-07-06,Delayed,PayPal,West,0.15,119.51,Cleaning,Male,West,Gold
O158134,C00154,P0026,2,24.48,2025-07-06,Delivered,Credit Card,North,0.0,48.96,Storage,Other,East,Bronze
O727416,C00492,P0022,2,38.64,2025-07-06,Delayed,Credit Card,West,0.15,65.69,Cleaning,Male,Central,Gold
O384698,C00377,P0003,1,43.96,2025-07-06,Delivered,Bank Transfer,North,0.1,39.56,Cleaning,Female,Central,Bronze
O896740,C00040,P0012,1,42.44,2025-07-06,Delayed,Bank Transfer,East,0.1,38.2,Cleaning,Female,East,Gold
O651546,C00270,P0004,3,49.93,2025-07-06,Delivered,PayPal,Central,0.15,127.32,Kitchen,Male,North,Silver
O896668,C00385,P0026,3,28.31,2025-07-06,Delivered,Credit Card,East,0.05,80.68,Storage,Male,South,Gold
O997360,C00130,P0023,5,30.89,2025-07-06,Delayed,Bank Transfer,East,0.0,154.45,Outdoors,Female,South,Gold
O605087,C00035,P0029,2,14.35,2025-07-06,Cancelled,Credit Card,West,0.1,25.83,Cleaning,Other,South,Silver
O774030,C00252,P0029,1,29.82,2025-07-06,Delayed,Bank Transfer,Central,0.15,25.35,Cleaning,Unknown,North,Bronze
O124372,C00366,P0023,5,27.42,2025-07-06,Delayed,Credit Card,Central,0.05,130.24,Outdoors,Female,North,Bronze
O340198,C00257,P0018,1,18.44,2025-07-06,Delayed,Bank Transfer,North,0.15,15.67,Storage,Female,South,Gold
O436800,C00089,P0011,2,23.32,2025-07-06,Delivered,Credit Card,North,0.2,37.31,Kitchen,Male,West,Silver
O797516,C00470,P0028,4,33.69,2025-07-06,Delayed,PayPal,South,0.05,128.02,Outdoors,Female,North,Silver
O509022,C00030,P0027,1,24.93,2025-07-06,Delivered,Credit Card,Central,0.1,22.44,Outdoors,Male,North,Gold
O999356,C00009,P0012,4,21.05,2025-07-06,Delivered,PayPal,East,0.1,75.78,Cleaning,Female,South,Silver
O533620,C00342,P0006,2,23.72,2025-07-06,Delayed,Credit Card,South,0.0,47.44,Cleaning,Other,East,Unknown
O225517,C00064,P0029,2,22.96,2025-07-06,Delayed,PayPal,East,0.15,39.03,Cleaning,Female,Central,Gold
O108647,C00440,P0027,1,48.17,2025-07-06,Delivered,PayPal,South,0.05,45.76,Outdoors,Other,North,Gold
O929742,C00392,P0027,2,42.87,2025-07-06,Delivered,PayPal,Central,0.2,68.59,Outdoors,Female,West,Gold
O162074,C00161,P0003,1,27.98,2025-07-06,Delayed,Bank Transfer,West,0.1,25.18,Cleaning,Other,West,Silver
O590885,C00408,P0013,4,23.28,2025-07-06,Cancelled,Credit Card,East,0.1,83.81,Cleaning,Male,East,Bronze
O510792,C00411,P0017,5,24.72,2025-07-06,Delivered,PayPal,West,0.1,111.24,Personal Care,Male,East,Gold
O133621,C00218,P0021,1,48.83,2025-07-06,Delayed,Credit Card,Central,0.2,39.06,Kitchen,Female,West,Bronze
O438858,C00418,P0016,2,39.49,2025-07-06,Delivered,Credit Card,East,0.05,75.03,Cleaning,Male,North,Gold
O989255,C00331,P0029,4,49.75,2025-07-06,Cancelled,Bank Transfer,South,0.15,169.15,Cleaning,Female,West,Gold
O114649,C00071,P0020,3,14.61,2025-07-06,Delayed,PayPal,North,0.1,39.45,Cleaning,Male,Central,Gold
O760880,C00087,P0014,5,15.65,2025-07-06,Delayed,PayPal,Central,0.1,70.42,Outdoors,Female,North,Bronze
O746499,C00013,P0005,2,18.12,2025-07-06,Delayed,Bank Transfer,Central,0.2,28.99,Personal Care,Female,West,Gold
O524255,C00361,P0029,2,21.14,2025-07-06,Delayed,Credit Card,North,0.15,35.94,Cleaning,Female,West,Bronze
O342787,C00463,P0001,5,31.83,2025-07-06,Cancelled,Credit Card,Central,0.05,151.19,Storage,Other,West,Bronze
O586478,C00334,P0006,3,26.78,2025-07-06,Cancelled,Credit Card,South,0.15,68.29,Cleaning,Female,South,Gold
O529584,C00193,P0023,4,31.5,2025-07-06,Delayed,Bank Transfer,East,0.1,113.4,Outdoors,Female,South,Gold
O508684,C00195,P0021,5,25.91,2025-07-06,Delayed,Credit Card,East,0.1,116.6,Kitchen,Female,Central,Silver
O340256,C00127,P0003,3,30.92,2025-07-06,Cancelled,Credit Card,South,0.2,74.21,Cleaning,Female,East,Silver
O823802,C00435,P0030,2,10.6,2025-07-06,Delivered,Credit Card,East,0.1,19.08,Cleaning,Male,Central,Silver
O464028,C00488,P0027,2,14.38,2025-07-06,Cancelled,Credit Card,East,0.2,23.01,Outdoors,Male,North,Silver
O557598,C00010,P0002,5,26.68,2025-07-06,Delayed,Credit Card,East,0.2,106.72,Cleaning,Male,East,Gold
O605779,C00436,P0006,1,24.81,2025-07-06,Cancelled,Bank Transfer,West,0.2,19.85,Cleaning,Female,North,Gold
O929019,C00037,P0016,3,36.65,2025-07-06,Delivered,Credit Card,South,0.1,98.96,Cleaning,Female,East,Gold
O651251,C00227,P0010,4,30.88,2025-07-06,Delayed,Credit Card,North,0.2,98.82,Cleaning,Male,East,Bronze
O980769,C00174,P0021,4,23.17,2025-07-06,Delivered,Credit Card,West,0.0,92.68,Kitchen,Other,South,Bronze
O917827,C00355,P0015,5,41.87,2025-07-06,Cancelled,Credit Card,South,0.1,188.42,Storage,Female,East,Silver
O903573,C00119,P0027,2,16.89,2025-07-06,Delayed,Credit Card,West,0.2,27.02,Outdoors,Female,South,Silver
O584654,C00155,P0010,4,9.87,2025-07-06,Cancelled,Credit Card,Central,0.15,33.56,Cleaning,Male,South,Gold
O118589,C00420,P0025,2,20.49,2025-07-06,Cancelled,PayPal,North,0.0,40.98,Cleaning,Male,East,Bronze
O480843,C00038,P0030,3,38.27,2025-07-06,Delivered,Credit Card,West,0.0,114.81,Cleaning,Female,East,Gold
O927206,C00084,P0023,2,43.56,2025-07-06,Delayed,PayPal,East,0.15,74.05,Outdoors,Female,West,Gold
O974639,C00051,P0027,4,25.9,2025-07-06,Delayed,Credit Card,East,0.1,93.24,Outdoors,Female,East,Gold
O310604,C00372,P0018,2,17.65,2025-07-06,Delivered,Credit Card,South,0.05,33.53,Storage,Unknown,Unknown,Unknown
O461210,C00470,P0023,1,12.43,2025-07-06,Delayed,Bank Transfer,Central,0.15,10.57,Outdoors,Female,North,Silver
O952742,C00310,P0025,4,32.68,2025-07-06,Cancelled,PayPal,Central,0.1,117.65,Cleaning,Female,West,Gold
O103137,C00056,P0014,1,8.0,2025-07-06,Delayed,PayPal,North,0.15,6.8,Outdoors,Male,South,Bronze
O197307,C00431,P0011,3,31.28,2025-07-06,Delivered,Credit Card,East,0.05,89.15,Kitchen,Female,Central,Gold
O103512,C00407,P0020,2,28.25,2025-07-06,Delivered,Credit Card,South,0.1,50.85,Cleaning,Female,East,Gold
O128047,C00126,P0008,5,23.64,2025-07-06,Delayed,Bank Transfer,North,0.2,94.56,Storage,Female,West,Silver
O136608,C00190,P0010,3,42.72,2025-07-06,Cancelled,Credit Card,North,0.1,115.34,Cleaning,Male,Central,Gold
O547433,C00385,P0014,3,8.34,2025-07-06,Delayed,Credit Card,West,0.1,22.52,Outdoors,Male,South,Gold
O731844,C00446,P0011,1,21.9,2025-07-06,Delayed,Bank Transfer,South,0.0,21.9,Kitchen,Other,West,Silver
O628715,C00069,P0014,4,49.42,2025-07-06,Delayed,Credit Card,South,0.1,177.91,Outdoors,Female,North,Gold
O278880,C00216,P0007,3,25.82,2025-07-06,Delivered,Credit Card,South,0.1,69.71,Personal Care,Male,South,Bronze
O669855,C00335,P0010,4,34.02,2025-07-06,Delivered,PayPal,East,0.1,122.47,Cleaning,Male,South,Gold
O518324,C00411,P0022,5,42.38,2025-07-06,Delivered,Credit Card,West,0.15,180.12,Cleaning,Male,East,Gold
O345854,C00373,P0023,1,25.54,2025-07-06,Delivered,PayPal,Central,0.05,24.26,Outdoors,Male,Central,Gold
O866875,C00407,P0008,2,24.91,2025-07-06,Cancelled,Bank Transfer,East,0.1,44.84,Storage,Female,East,Gold
O103107,C00312,P0028,5,32.7,2025-07-06,Delivered,PayPal,North,0.05,155.32,Outdoors,Other,North,Gold
O130206,C00189,P0004,2,49.69,2025-07-06,Delivered,Credit Card,North,0.05,94.41,Kitchen,Male,North,Bronze
O413688,C00192,P0008,4,46.62,2025-07-06,Cancelled,Bank Transfer,West,0.2,149.18,Storage,Female,West,Gold
O794119,C00465,P0009,2,43.41,2025-07-06,Delivered,Bank Transfer,Central,0.05,82.48,Outdoors,Female,Central,Gold
O891476,C00228,P0029,2,45.88,2025-07-06,Delivered,Credit Card,South,0.1,82.58,Cleaning,Male,North,Silver
O128369,C00269,P0013,2,47.19,2025-07-06,Delayed,Bank Transfer,South,0.0,94.38,Cleaning,Male,Central,Gold
O530578,C00451,P0013,4,22.59,2025-07-06,Delayed,Credit Card,West,0.0,90.36,Cleaning,Female,North,Gold
O140946,C00251,UNKNOWN_PRODUCT,3,22.2,2025-07-06,Delivered,PayPal,East,0.05,63.27,Unknown,Male,North,Gold
O114870,C00470,P0003,3,45.46,2025-07-06,Delayed,Credit Card,East,0.05,129.56,Cleaning,Female,North,Silver
O361209,C00422,P0022,5,47.66,2025-07-06,Delayed,Credit Card,North,0.05,226.38,Cleaning,Other,North,Silver
O595014,C00149,P0002,2,49.87,2025-07-06,Delayed,Bank Transfer,West,0.1,89.77,Cleaning,Male,East,Gold
O726454,C00123,P0003,4,9.85,2025-07-06,Delayed,PayPal,Central,0.1,35.46,Cleaning,Female,Central,Gold
O248633,C00457,P0013,4,21.07,2025-07-06,Cancelled,PayPal,East,0.1,75.85,Cleaning,Female,South,Gold
O572584,C00396,P0013,2,27.36,2025-07-06,Delivered,Credit Card,East,0.15,46.51,Cleaning,Male,North,Gold
O153203,C00107,P0007,3,17.9,2025-07-06,Delivered,Credit Card,South,0.15,45.64,Personal Care,Female,North,Silver
O698642,C00171,P0009,1,24.12,2025-07-06,Cancelled,Bank Transfer,West,0.0,24.12,Outdoors,Male,Central,Silver
O545175,C00386,P0010,1,16.61,2025-07-06,Delivered,Credit Card,South,0.15,14.12,Cleaning,Other,East,Gold
O628076,C00065,P0021,5,20.98,2025-07-06,Delivered,Credit Card,East,0.05,99.66,Kitchen,Male,North,Gold
O553952,C00338,P0030,1,18.7,2025-07-06,Delivered,Credit Card,Central,0.0,18.7,Cleaning,Male,South,Gold
O634465,C00299,P0010,2,43.22,2025-07-06,Delivered,Credit Card,West,0.15,73.47,Cleaning,Unknown,Central,Silver
O169970,C00167,P0008,4,40.46,2025-07-06,Delivered,Credit Card,South,0.2,129.47,Storage,Female,Central,Gold
O997260,C00040,P0010,1,28.01,2025-07-06,Delivered,Bank Transfer,West,0.1,25.21,Cleaning,Female,East,Gold
O932149,C00376,P0027,3,14.64,2025-07-06,Delayed,Credit Card,Central,0.15,37.33,Outdoors,Female,South,Bronze
O159750,C00335,P0001,5,10.1,2025-07-06,Cancelled,PayPal,South,0.1,45.45,Storage,Male,South,Gold
O362752,C00494,P0009,1,47.22,2025-07-06,Cancelled,Credit Card,East,0.15,40.14,Outdoors,Female,North,Gold
O770895,C00020,P0017,3,49.01,2025-07-06,Cancelled,PayPal,North,0.05,139.68,Personal Care,Female,East,Gold
O404317,C00166,P0020,1,42.61,2025-07-06,Delayed,PayPal,South,0.1,38.35,Cleaning,Female,North,Gold
O664253,C00010,P0002,1,26.8,2025-07-06,Delivered,Credit Card,West,0.0,26.8,Cleaning,Male,East,Gold
O751749,C00167,P0015,5,32.32,2025-07-06,Delayed,Bank Transfer,South,0.2,129.28,Storage,Female,Central,Gold
O430726,C00063,P0013,2,25.58,2025-07-06,Delayed,Bank Transfer,North,0.05,48.6,Cleaning,Male,North,Gold
O362198,C00069,P0012,4,29.58,2025-07-06,Delivered,Credit Card,South,0.05,112.4,Cleaning,Female,North,Gold
O302462,C00229,P0026,2,20.89,2025-07-06,Delivered,Credit Card,North,0.15,35.51,Storage,Female,South,Bronze
O676582,C00335,P0014,5,39.96,2025-07-06,Cancelled,PayPal,North,0.2,159.84,Outdoors,Male,South,Gold
O975918,C00194,P0022,3,18.52,2025-07-06,Delayed,PayPal,South,0.0,55.56,Cleaning,Female,Central,Gold
O438401,C00098,P0022,5,45.89,2025-07-06,Delivered,Credit Card,South,0.15,195.03,Cleaning,Female,East,Gold
O476105,C00090,P0002,3,46.24,2025-07-06,Delayed,Credit Card,North,0.2,110.98,Cleaning,Female,East,Unknown
O667498,C00480,P0008,2,47.07,2025-07-06,Delayed,PayPal,Central,0.15,80.02,Storage,Other,Central,Silver
O810557,C00181,P0002,5,47.91,2025-07-06,Delayed,Credit Card,North,0.2,191.64,Cleaning,Other,South,Bronze
O867564,C00386,P0025,3,33.92,2025-07-06,Delayed,PayPal,Central,0.1,91.58,Cleaning,Other,East,Gold
O919707,C00479,P0021,4,29.72,2025-07-06,Delivered,Credit Card,Central,0.2,95.1,Kitchen,Male,South,Gold
O123514,C00084,P0027,4,16.33,2025-07-06,Delayed,Bank Transfer,East,0.1,58.79,Outdoors,Female,West,Gold
O682214,C00015,P0011,3,27.6,2025-07-06,Cancelled,Credit Card,South,0.05,78.66,Kitchen,Female,Central,Bronze
O703999,C00357,P0017,2,23.13,2025-07-06,Delivered,Credit Card,North,0.15,39.32,Personal Care,Male,Central,Silver
O606970,C00398,P0013,4,39.83,2025-07-06,Delayed,PayPal,Central,0.1,143.39,Cleaning,Other,Central,Bronze
O636308,C00051,P0016,1,18.62,2025-07-06,Delayed,Credit Card,West,0.1,16.76,Cleaning,Female,East,Gold
O658750,C00474,P0012,2,16.26,2025-07-06,Delivered,Credit Card,South,0.0,32.52,Cleaning,Female,East,Bronze
O610081,C00153,P0027,2,47.33,2025-07-06,Cancelled,Credit Card,South,0.05,89.93,Outdoors,Male,West,Gold
O312502,C00191,P0008,5,43.93,2025-07-06,Delivered,Credit Card,Central,0.15,186.7,Storage,Other,East,Silver
O472344,C00320,P0004,3,23.76,2025-07-06,Cancelled,Bank Transfer,North,0.0,71.28,Kitchen,Female,Central,Bronze
O830239,C00415,P0017,2,33.8,2025-07-06,Delayed,Credit Card,North,0.1,60.84,Personal Care,Female,South,Gold
O347023,C00310,P0021,5,42.77,2025-07-06,Delayed,Bank Transfer,East,0.15,181.77,Kitchen,Female,West,Gold
O191262,C00257,P0005,3,25.39,2025-07-06,Delivered,PayPal,East,0.2,60.94,Personal Care,Female,South,Gold
O565158,C00273,P0025,3,33.74,2025-07-06,Cancelled,Credit Card,North,0.2,80.98,Cleaning,Male,Central,Gold
O603365,C00274,P0005,3,41.27,2025-07-06,Delayed,Bank Transfer,Central,0.15,105.24,Personal Care,Female,South,Gold
O416795,C00500,P0010,4,34.69,2025-07-06,Delayed,Bank Transfer,Central,0.15,117.95,Cleaning,Male,North,Gold
O688967,C00297,P0021,1,9.13,2025-07-06,Delivered,Credit Card,North,0.0,9.13,Kitchen,Other,South,Silver
O143881,C00024,P0012,1,21.14,2025-07-06,Delivered,PayPal,East,0.1,19.03,Cleaning,Female,West,Silver
O630140,C00231,P0001,2,16.58,2025-07-06,Delivered,PayPal,South,0.2,26.53,Storage,Male,Central,Silver
O482395,C00149,P0030,4,14.72,2025-07-06,Delayed,Credit Card,Central,0.1,52.99,Cleaning,Male,East,Gold
O366613,C00403,P0004,5,16.74,2025-07-06,Delayed,Credit Card,South,0.0,83.7,Kitchen,Female,East,Silver
O690422,C00070,P0012,5,14.09,2025-07-06,Delivered,Bank Transfer,Central,0.2,56.36,Cleaning,Male,Central,Gold
O970231,C00471,P0018,3,16.7,2025-07-06,Delayed,Bank Transfer,West,0.1,45.09,Storage,Unknown,Unknown,Unknown
O857081,C00414,P0017,2,17.71,2025-07-06,Delivered,PayPal,South,0.15,30.11,Personal Care,Male,South,Gold
O514759,C00459,P0011,4,26.76,2025-07-06,Delayed,Credit Card,North,0.05,101.69,Kitchen,Female,North,Gold
O714434,C00400,P0004,5,36.41,2025-07-06,Cancelled,Bank Transfer,North,0.15,154.74,Kitchen,Male,Central,Gold
O710538,C00429,P0019,5,49.83,2025-07-06,Delivered,PayPal,South,0.0,249.15,Kitchen,Female,Central,Bronze
O481013,C00062,P0008,5,21.1,2025-07-06,Delayed,Credit Card,North,0.0,105.5,Storage,Male,West,Gold
O382459,C00002,P0017,3,32.93,2025-07-06,Delivered,PayPal,South,0.05,93.85,Personal Care,Female,Central,Gold
O795160,C00007,P0030,3,43.43,2025-07-06,Delivered,Bank Transfer,Central,0.15,110.75,Cleaning,Female,North,Gold
O762898,C00450,P0013,1,49.96,2025-07-06,Cancelled,Credit Card,North,0.1,44.96,Cleaning,Female,East,Gold
O449098,C00271,P0018,2,40.1,2025-07-06,Delayed,PayPal,East,0.0,80.2,Storage,Female,West,Silver
O347460,C00378,P0001,3,15.2,2025-07-06,Delayed,Credit Card,West,0.15,38.76,Storage,Male,South,Gold
O625278,C00154,P0009,2,49.79,2025-07-06,Delayed,PayPal,Central,0.1,89.62,Outdoors,Other,East,Bronze
O997300,C00358,P0030,4,43.87,2025-07-06,Delivered,Credit Card,East,0.1,157.93,Cleaning,Female,West,Gold
O707997,C00148,P0019,1,45.12,2025-07-06,Delayed,PayPal,West,0.0,45.12,Kitchen,Male,West,Gold
O134437,C00269,P0013,4,10.35,2025-07-06,Delayed,Credit Card,South,0.05,39.33,Cleaning,Male,Central,Gold
O634530,C00253,P0020,4,11.19,2025-07-06,Cancelled,Bank Transfer,East,0.2,35.81,Cleaning,Male,East,Gold
O187433,C00170,P0018,1,14.18,2025-07-06,Delayed,Credit Card,Central,0.15,12.05,Storage,Male,West,Gold
O133653,C00474,P0019,1,27.26,2025-07-06,Delivered,Bank Transfer,East,0.1,24.53,Kitchen,Female,East,Bronze
O476260,C00478,P0009,4,26.38,2025-07-06,Cancelled,Bank Transfer,Central,0.05,100.24,Outdoors,Female,South,Gold
O179117,C00155,P0014,2,45.09,2025-07-06,Delivered,Credit Card,Central,0.15,76.65,Outdoors,Male,South,Gold
O393671,C00497,P0022,5,44.27,2025-07-06,Delivered,Credit Card,East,0.0,221.35,Cleaning,Unknown,West,Gold
O999514,C00282,P0001,5,24.84,2025-07-06,Delayed,PayPal,Central,0.05,117.99,Storage,Male,West,Bronze
O974337,C00131,P0026,4,46.0,2025-07-06,Delivered,Credit Card,North,0.1,165.6,Storage,Male,Central,Gold
O726353,C00062,P0006,5,49.99,2025-07-06,Delivered,Bank Transfer,South,0.15,212.46,Cleaning,Male,West,Gold
O245071,C00038,P0022,5,46.78,2025-07-06,Delayed,Credit Card,Central,0.1,210.51,Cleaning,Female,East,Gold
O826271,C00156,P0004,5,11.57,2025-07-06,Cancelled,Bank Transfer,North,0.0,57.85,Kitchen,Female,South,Bronze
O928814,C00189,P0029,4,36.08,2025-07-06,Delayed,Credit Card,Central,0.1,129.89,Cleaning,Male,North,Bronze
O765307,C00430,P0004,1,29.96,2025-07-06,Delivered,PayPal,South,0.15,25.47,Kitchen,Female,East,Gold
O436685,C00007,P0001,4,26.15,2025-07-06,Delivered,Credit Card,North,0.2,83.68,Storage,Female,North,Gold
O619895,C00060,P0028,4,43.69,2025-07-06,Delivered,Credit Card,East,0.0,174.76,Outdoors,Male,West,Gold
O951103,C00199,P0026,5,39.56,2025-07-06,Delayed,Credit Card,East,0.1,178.02,Storage,Female,East,Gold
O348737,C00479,P0014,5,27.9,2025-07-06,Cancelled,Credit Card,North,0.15,118.58,Outdoors,Male,South,Gold
O674020,C00422,P0022,1,15.68,2025-07-06,Delivered,Credit Card,South,0.05,14.9,Cleaning,Other,North,Silver
O133670,C00326,P0009,3,47.23,2025-07-06,Delayed,PayPal,North,0.05,134.61,Outdoors,Female,East,Gold
O221217,C00315,P0007,2,18.54,2025-07-06,Delayed,Bank Transfer,South,0.2,29.66,Personal Care,Other,South,Gold
O693508,C00383,P0006,3,46.81,2025-07-06,Cancelled,Bank Transfer,West,0.1,126.39,Cleaning,Female,North,Gold
O432153,C00480,P0020,3,45.72,2025-07-06,Delayed,Bank Transfer,West,0.2,109.73,Cleaning,Other,Central,Silver
O566835,C00194,P0029,5,21.91,2025-07-06,Delivered,Credit Card,East,0.1,98.6,Cleaning,Female,Central,Gold
O549087,C00004,P0030,5,20.29,2025-07-06,Delayed,Credit Card,South,0.1,91.3,Cleaning,Female,Central,Gold
O338820,C00031,P0021,4,25.06,2025-07-06,Delivered,Bank Transfer,North,0.1,90.22,Kitchen,Female,Central,Gold
O923783,C00281,P0001,5,14.4,2025-07-06,Delivered,Bank Transfer,Central,0.15,61.2,Storage,Other,East,Bronze
O211595,C00123,P0001,1,13.58,2025-07-06,Delayed,Bank Transfer,East,0.1,12.22,Storage,Female,Central,Gold
O166772,C00137,P0025,5,25.17,2025-07-06,Delivered,Credit Card,Central,0.15,106.97,Cleaning,Female,North,Bronze
O965630,C00136,P0019,1,29.13,2025-07-06,Delivered,PayPal,West,0.2,23.3,Kitchen,Male,Central,Gold
O908289,C00347,P0005,3,34.96,2025-07-06,Delayed,Bank Transfer,Central,0.1,94.39,Personal Care,Male,East,Gold
O938724,C00234,P0013,5,31.09,2025-07-06,Delayed,Credit Card,North,0.1,139.9,Cleaning,Other,Central,Gold
O231263,C00190,P0006,1,44.37,2025-07-06,Delayed,Credit Card,West,0.05,42.15,Cleaning,Male,Central,Gold
O382835,C00294,P0008,2,20.9,2025-07-06,Delivered,Credit Card,South,0.05,39.71,Storage,Male,West,Gold
O371333,C00212,P0028,4,37.07,2025-07-06,Cancelled,Credit Card,North,0.1,133.45,Outdoors,Male,West,Gold
O388123,C00453,P0018,5,49.87,2025-07-06,Delayed,Bank Transfer,Central,0.0,249.35,Storage,Male,West,Silver
O108133,C00037,P0019,3,35.11,2025-07-06,Delayed,Bank Transfer,East,0.1,94.8,Kitchen,Female,East,Gold
O457174,C00289,P0028,5,18.71,2025-07-06,Delivered,Bank Transfer,Central,0.2,74.84,Outdoors,Female,West,Gold
O129661,C00449,P0006,3,20.46,2025-07-06,Delayed,Bank Transfer,West,0.0,61.38,Cleaning,Female,East,Silver
O807335,C00080,P0013,5,49.33,2025-07-06,Delayed,Credit Card,South,0.05,234.32,Cleaning,Female,North,Bronze
O114321,C00196,P0024,3,17.48,2025-07-06,Delayed,Bank Transfer,North,0.2,41.95,Storage,Female,South,Gold
O631979,C00123,P0027,4,46.22,2025-07-06,Delivered,PayPal,West,0.05,175.64,Outdoors,Female,Central,Gold
O260940,C00141,P0016,3,42.92,2025-07-06,Delayed,PayPal,South,0.2,103.01,Cleaning,Female,Central,Gold
O421182,C00359,P0025,3,30.81,2025-07-06,Delayed,PayPal,West,0.1,83.19,Cleaning,Male,West,Gold
O313696,C00369,P0030,1,45.12,2025-07-06,Delivered,Bank Transfer,Central,0.1,40.61,Cleaning,Other,West,Bronze
O228802,C00043,P0010,3,23.48,2025-07-06,Cancelled,Credit Card,Central,0.2,56.35,Cleaning,Female,East,Silver
O534339,C00331,P0018,2,44.35,2025-07-06,Delayed,Credit Card,East,0.1,79.83,Storage,Female,West,Gold
O777977,C00162,P0011,1,19.25,2025-07-06,Cancelled,PayPal,West,0.15,16.36,Kitchen,Female,West,Silver
O590171,C00203,P0002,5,30.1,2025-07-06,Delayed,Credit Card,West,0.0,150.5,Cleaning,Female,West,Gold
O965377,C00410,P0023,1,21.01,2025-07-06,Delivered,Bank Transfer,West,0.1,18.91,Outdoors,Female,North,Silver
O737477,C00283,P0011,3,45.71,2025-07-06,Delayed,PayPal,Central,0.1,123.42,Kitchen,Female,East,Gold
O454790,C00343,P0028,4,27.38,2025-07-06,Delayed,PayPal,South,0.1,98.57,Outdoors,Other,East,Silver
O855477,C00293,P0006,5,42.55,2025-07-06,Delayed,PayPal,South,0.2,170.2,Cleaning,Female,South,Silver
O240005,C00370,P0005,3,34.73,2025-07-06,Cancelled,Credit Card,East,0.2,83.35,Personal Care,Female,East,Gold
O666035,C00037,P0002,2,41.63,2025-07-06,Delayed,Credit Card,East,0.0,83.26,Cleaning,Female,East,Gold
O988924,C00419,P0016,4,39.81,2025-07-06,Cancelled,Credit Card,South,0.1,143.32,Cleaning,Female,South,Bronze
O476426,C00458,P0011,2,8.23,2025-07-06,Delivered,Bank Transfer,Central,0.05,15.64,Kitchen,Other,North,Gold
O584883,C00241,P0001,5,37.66,2025-07-06,Cancelled,Bank Transfer,North,0.1,169.47,Storage,Female,West,Gold
O899171,C00478,P0021,3,44.46,2025-07-06,Delayed,Credit Card,West,0.2,106.7,Kitchen,Female,South,Gold
O797932,C00096,P0003,2,25.2,2025-07-06,Delayed,Bank Transfer,East,0.2,40.32,Cleaning,Other,South,Gold
O633614,C00126,P0017,2,28.27,2025-07-06,Delayed,Credit Card,Central,0.15,48.06,Personal Care,Female,West,Silver
O458385,C00483,P0012,5,13.18,2025-07-06,Delayed,Credit Card,Central,0.1,59.31,Cleaning,Female,East,Gold
O230317,C00065,P0002,3,33.31,2025-07-06,Cancelled,Credit Card,North,0.0,99.93,Cleaning,Male,North,Gold
O651929,C00210,P0028,4,39.45,2025-07-06,Delayed,Credit Card,South,0.2,126.24,Outdoors,Female,North,Silver
O185950,C00397,P0030,1,11.19,2025-07-06,Cancelled,Credit Card,West,0.2,8.95,Cleaning,Female,North,Silver
O718106,C00383,P0022,1,13.5,2025-07-06,Delayed,PayPal,North,0.2,10.8,Cleaning,Female,North,Gold
O861159,C00004,P0012,4,39.85,2025-07-06,Delivered,PayPal,Central,0.15,135.49,Cleaning,Female,Central,Gold
O178190,C00247,P0010,5,11.37,2025-07-06,Delivered,PayPal,North,0.1,51.16,Cleaning,Female,East,Silver
O846562,C00319,P0004,1,17.34,2025-07-06,Delayed,Bank Transfer,East,0.1,15.61,Kitchen,Male,West,Gold
O313527,C00071,P0030,1,13.36,2025-07-06,Cancelled,Credit Card,East,0.05,12.69,Cleaning,Male,Central,Gold
O926336,C00043,P0002,4,8.21,2025-07-06,Delivered,Bank Transfer,Central,0.15,27.91,Cleaning,Female,East,Silver
O378606,C00160,P0024,3,12.16,2025-07-06,Cancelled,PayPal,West,0.1,32.83,Storage,Other,Central,Gold
O803592,C00344,P0024,4,41.04,2025-07-06,Delivered,Bank Transfer,Central,0.1,147.74,Storage,Female,West,Gold
O929307,C00363,P0020,1,26.91,2025-07-06,Delayed,Credit Card,East,0.05,25.56,Cleaning,Male,West,Gold
O233955,C00318,P0019,3,8.5,2025-07-06,Delayed,PayPal,Central,0.0,25.5,Kitchen,Female,West,Gold
O521918,C00149,P0020,5,35.62,2025-07-06,Delivered,Credit Card,West,0.2,142.48,Cleaning,Male,East,Gold
O231701,C00394,P0006,2,9.84,2025-07-06,Cancelled,Bank Transfer,North,0.1,17.71,Cleaning,Male,Central,Gold
O623714,C00271,P0018,3,16.28,2025-07-06,Delayed,Bank Transfer,Central,0.15,41.51,Storage,Female,West,Silver
O548763,C00422,P0014,3,35.46,2025-07-06,Cancelled,Credit Card,North,0.2,85.1,Outdoors,Other,North,Silver
O304741,C00083,P0001,3,40.26,2025-07-06,Delayed,Bank Transfer,East,0.2,96.62,Storage,Female,Central,Silver
O766237,C00139,P0028,1,27.21,2025-07-06,Delivered,Credit Card,Central,0.1,24.49,Outdoors,Other,Central,Bronze
O165062,C00422,P0026,3,21.76,2025-07-06,Delayed,PayPal,Central,0.1,58.75,Storage,Other,North,Silver
O450828,C00480,P0028,5,16.59,2025-07-06,Delayed,PayPal,Central,0.1,74.66,Outdoors,Other,Central,Silver
O323397,C00062,P0017,5,13.81,2025-07-06,Delayed,Credit Card,Central,0.1,62.14,Personal Care,Male,West,Gold
O430310,C00117,P0026,3,34.8,2025-07-06,Cancelled,Credit Card,West,0.15,88.74,Storage,Female,North,Silver
O734409,C00424,P0007,4,30.63,2025-07-06,Cancelled,Credit Card,South,0.2,98.02,Personal Care,Other,West,Silver
O865607,C00192,P0015,5,9.0,2025-07-06,Cancelled,PayPal,North,0.15,38.25,Storage,Female,West,Gold
O328223,C00484,P0012,1,31.87,2025-07-06,Cancelled,PayPal,North,0.2,25.5,Cleaning,Male,North,Gold
O981851,C00435,P0026,5,28.07,2025-07-06,Cancelled,Bank Transfer,South,0.1,126.32,Storage,Male,Central,Silver
O361907,C00113,P0007,5,29.53,2025-07-06,Delayed,Credit Card,North,0.1,132.89,Personal Care,Female,North,Gold
O677936,C00059,P0030,1,45.3,2025-07-06,Delivered,Credit Card,Central,0.2,36.24,Cleaning,Female,West,Bronze
O481544,C00296,P0002,4,30.2,2025-07-06,Cancelled,Credit Card,West,0.05,114.76,Cleaning,Male,East,Gold
O302550,C00254,P0020,1,15.28,2025-07-06,Cancelled,Credit Card,West,0.2,12.22,Cleaning,Unknown,Unknown,Unknown
O486139,C00407,P0020,3,10.85,2025-07-06,Delayed,Bank Transfer,Central,0.1,29.3,Cleaning,Female,East,Gold
O284155,C00292,P0030,4,17.73,2025-07-06,Delayed,PayPal,West,0.1,63.83,Cleaning,Female,Central,Gold
O814926,C00469,P0014,5,27.89,2025-07-06,Delivered,Credit Card,South,0.05,132.48,Outdoors,Female,North,Silver
O459090,C00199,P0013,5,44.93,2025-07-06,Delivered,Bank Transfer,Central,0.1,202.18,Cleaning,Female,East,Gold
O826877,C00317,P0023,3,44.34,2025-07-06,Delivered,PayPal,Central,0.1,119.72,Outdoors,Female,South,Gold
O457672,C00182,P0012,5,30.51,2025-07-06,Delayed,Credit Card,North,0.05,144.92,Cleaning,Other,South,Gold
O425943,C00477,P0021,3,9.01,2025-07-06,Delivered,PayPal,Central,0.05,25.68,Kitchen,Male,West,Bronze
O351752,C00138,P0016,4,32.84,2025-07-06,Delivered,Credit Card,East,0.1,118.22,Cleaning,Female,East,Gold
O435403,C00076,P0010,3,39.08,2025-07-06,Delivered,Bank Transfer,West,0.05,111.38,Cleaning,Female,North,Gold
O361606,C00116,P0005,5,25.68,2025-07-06,Delayed,PayPal,South,0.15,109.14,Personal Care,Female,East,Silver
O605838,C00323,P0027,2,12.78,2025-07-06,Delivered,Credit Card,Central,0.15,21.73,Outdoors,Other,South,Bronze
O595069,C00347,P0003,2,15.38,2025-07-06,Delivered,Bank Transfer,Central,0.15,26.15,Cleaning,Male,East,Gold
O800056,C00185,P0015,3,27.55,2025-07-06,Delivered,PayPal,West,0.2,66.12,Storage,Male,East,Silver
O375252,C00026,P0026,4,12.31,2025-07-06,Delayed,Bank Transfer,South,0.1,44.32,Storage,Female,North,Gold
O274830,C00329,P0013,3,42.0,2025-07-06,Delivered,Credit Card,South,0.0,126.0,Cleaning,Female,South,Gold
O610471,C00427,P0021,2,35.64,2025-07-06,Delayed,Credit Card,West,0.05,67.72,Kitchen,Unknown,South,Silver
O406723,C00043,P0011,5,36.05,2025-07-06,Delivered,Bank Transfer,North,0.1,162.22,Kitchen,Female,East,Silver
O596250,C00202,P0017,5,46.26,2025-07-06,Delivered,Bank Transfer,West,0.0,231.3,Personal Care,Female,Central,Bronze
O701716,C00049,P0008,1,21.68,2025-07-06,Delivered,Credit Card,North,0.1,19.51,Storage,Male,South,Gold
O232325,C00421,P0006,1,47.34,2025-07-06,Delivered,Credit Card,West,0.05,44.97,Cleaning,Female,West,Gold
O504294,C00380,P0021,5,30.88,2025-07-06,Delivered,PayPal,West,0.1,138.96,Kitchen,Male,South,Gold
O137580,C00256,P0012,1,11.85,2025-07-06,Delivered,Bank Transfer,North,0.0,11.85,Cleaning,Female,East,Gold
O796134,C00375,P0006,4,28.69,2025-07-06,Delivered,Credit Card,South,0.05,109.02,Cleaning,Other,West,Silver
O422603,C00415,P0014,1,10.74,2025-07-06,Cancelled,PayPal,Central,0.15,9.13,Outdoors,Female,South,Gold
O410746,C00223,P0018,2,32.6,2025-07-06,Cancelled,Credit Card,North,0.0,65.2,Storage,Female,South,Gold
O310112,C00392,P0008,1,45.88,2025-07-06,Delivered,PayPal,East,0.0,45.88,Storage,Female,West,Gold
O584546,C00250,P0030,3,34.37,2025-07-06,Delayed,Credit Card,Central,0.0,103.11,Cleaning,Female,West,Gold
O979543,C00174,P0028,5,35.49,2025-07-06,Delivered,Bank Transfer,North,0.05,168.58,Outdoors,Other,South,Bronze
O834685,C00262,P0012,1,37.27,2025-07-06,Delivered,Bank Transfer,North,0.2,29.82,Cleaning,Female,South,Gold
O517776,C00138,P0024,3,17.92,2025-07-06,Cancelled,Credit Card,North,0.15,45.7,Storage,Female,East,Gold
O650396,C00298,P0005,2,21.88,2025-07-06,Delayed,Bank Transfer,Central,0.2,35.01,Personal Care,Female,East,Bronze
O868860,C00233,P0001,5,43.4,2025-07-06,Delivered,Bank Transfer,West,0.2,173.6,Storage,Other,Central,Silver
O949709,C00246,P0029,4,34.04,2025-07-06,Delayed,Bank Transfer,West,0.2,108.93,Cleaning,Male,South,Gold
O763639,C00182,P0026,1,42.34,2025-07-06,Delivered,Credit Card,South,0.0,42.34,Storage,Other,South,Gold
O753958,C00074,P0003,5,35.96,2025-07-06,Delivered,Credit Card,Central,0.0,179.8,Cleaning,Male,North,Bronze
O929624,C00405,P0004,3,43.23,2025-07-06,Delivered,Credit Card,West,0.1,116.72,Kitchen,Other,West,Silver
